SEASON,TEAM,TEAM_ID,PLAYOFF_RESULT,PLAYOFF_LABEL,TEAM_W_PCT,TEAM_PTS,TEAM_REB,TEAM_AST,TEAM_STL,TEAM_BLK,TEAM_TOV,TEAM_FG_PCT,TEAM_FG3_PCT,TEAM_FT_PCT,TEAM_PLUS_MINUS,TEAM_W,TEAM_L,TEAM_E_OFF_RATING,TEAM_E_DEF_RATING,TEAM_E_NET_RATING,TEAM_E_PACE,CONF_STRENGTH,ROSTER_CONTINUITY,P1_PTS,P1_REB,P1_AST,P1_STL,P1_BLK,P1_TOV,P1_FG_PCT,P1_FG3_PCT,P1_FT_PCT,P1_MIN,P1_PER_APPROX,P2_PTS,P2_REB,P2_AST,P2_STL,P2_BLK,P2_TOV,P2_FG_PCT,P2_FG3_PCT,P2_FT_PCT,P2_MIN,P2_PER_APPROX,P3_PTS,P3_REB,P3_AST,P3_STL,P3_BLK,P3_TOV,P3_FG_PCT,P3_FG3_PCT,P3_FT_PCT,P3_MIN,P3_PER_APPROX,P4_PTS,P4_REB,P4_AST,P4_STL,P4_BLK,P4_TOV,P4_FG_PCT,P4_FG3_PCT,P4_FT_PCT,P4_MIN,P4_PER_APPROX,P5_PTS,P5_REB,P5_AST,P5_STL,P5_BLK,P5_TOV,P5_FG_PCT,P5_FG3_PCT,P5_FT_PCT,P5_MIN,P5_PER_APPROX,P6_PTS,P6_REB,P6_AST,P6_STL,P6_BLK,P6_TOV,P6_FG_PCT,P6_FG3_PCT,P6_FT_PCT,P6_MIN,P6_PER_APPROX,P7_PTS,P7_REB,P7_AST,P7_STL,P7_BLK,P7_TOV,P7_FG_PCT,P7_FG3_PCT,P7_FT_PCT,P7_MIN,P7_PER_APPROX,P8_PTS,P8_REB,P8_AST,P8_STL,P8_BLK,P8_TOV,P8_FG_PCT,P8_FG3_PCT,P8_FT_PCT,P8_MIN,P8_PER_APPROX
2003-04,ATL,1610612737,0,Missed Playoffs,0.34,88.9,42.8,19.7,7.2,5.5,17.3,0.437,0.315,0.768,-5.1,18.0,35.0,95.2,100.8,-5.6,92.8,0.4461428571428571,0.5,15.7,4.1,5.1,1.4,0.2,2.9,0.429,0.338,0.82,35.6,0.6629213483146067,14.8,4.1,2.8,1.5,0.2,2.6,0.417,0.31,0.738,35.1,0.5925925925925924,4.0,4.3,2.4,0.7,0.4,2.0,0.409,0.133,0.581,24.4,0.40163934426229514,4.6,2.0,3.2,0.6,0.0,1.4,0.413,0.2,0.782,20.8,0.43269230769230765,6.1,1.9,1.2,0.3,0.2,0.7,0.411,0.395,0.758,18.5,0.4864864864864865,3.6,2.0,1.6,0.6,0.2,0.7,0.401,0.229,0.738,13.3,0.5488721804511277,4.0,3.5,0.3,0.2,0.3,0.5,0.476,0.0,0.667,11.3,0.6902654867256638,3.1,2.3,0.2,0.2,0.4,0.6,0.407,0.0,0.786,10.4,0.5384615384615385
2003-04,BOS,1610612738,1,First Round Exit,0.426,94.3,40.5,21.1,9.3,4.3,16.6,0.44,0.356,0.755,-1.2,23.0,31.0,99.0,99.0,0.0,95.7,0.4461428571428571,0.5,23.0,6.6,5.2,1.7,0.7,4.1,0.404,0.32,0.838,38.4,0.861979166666667,13.5,4.9,3.5,1.1,0.3,2.6,0.445,0.337,0.683,31.0,0.667741935483871,8.6,5.6,1.0,0.8,1.3,1.6,0.57,0.0,0.735,27.1,0.5793357933579336,9.1,3.4,2.4,1.4,0.1,1.6,0.43,0.421,0.746,26.3,0.5627376425855514,7.6,3.2,1.6,0.9,0.3,1.1,0.4,0.395,0.723,22.8,0.5482456140350878,7.8,4.6,1.4,0.5,0.8,0.6,0.46,0.2,0.769,19.4,0.7474226804123711,6.3,1.3,2.4,0.5,0.0,1.3,0.386,0.325,0.725,18.6,0.49462365591397844,6.7,6.0,0.3,0.5,0.9,1.3,0.49,0.0,0.67,18.4,0.7119565217391305
2003-04,CHI,1610612741,0,Missed Playoffs,0.283,89.8,42.8,22.6,8.4,4.2,16.5,0.422,0.341,0.733,-6.2,15.0,38.0,94.6,101.2,-6.6,94.5,0.4461428571428571,0.5,17.1,3.3,5.4,1.5,0.3,2.4,0.394,0.321,0.839,34.8,0.724137931034483,10.8,3.1,6.1,1.3,0.2,2.8,0.394,0.382,0.755,34.3,0.5451895043731778,8.8,8.9,1.6,0.4,0.7,1.6,0.402,0.0,0.77,32.0,0.5875,13.6,5.9,0.9,0.2,0.9,2.4,0.516,0.0,0.691,27.8,0.6870503597122302,6.8,7.9,1.2,1.5,0.2,1.2,0.467,0.0,0.688,26.3,0.6235741444866919,10.2,3.4,1.9,1.2,0.3,1.5,0.406,0.265,0.781,26.3,0.5893536121673003,9.7,8.6,0.9,0.6,1.0,1.3,0.495,0.0,0.735,24.4,0.7991803278688524,6.8,2.1,1.1,0.6,0.2,0.9,0.5,0.0,0.639,20.0,0.49499999999999994
2003-04,CLE,1610612739,0,Missed Playoffs,0.377,91.8,46.7,21.7,7.0,6.5,15.2,0.426,0.303,0.745,-3.3,20.0,33.0,97.0,100.5,-3.5,93.6,0.4461428571428571,0.5,20.4,5.7,5.8,1.5,0.7,3.7,0.405,0.285,0.761,40.0,0.76,14.6,11.0,2.2,1.1,0.8,1.8,0.513,0.167,0.756,34.6,0.8063583815028902,11.3,2.6,5.3,0.9,0.1,1.7,0.448,0.306,0.788,32.9,0.5623100303951368,14.2,8.2,1.4,0.4,2.2,1.9,0.471,0.5,0.717,30.4,0.8059210526315789,11.7,4.2,1.8,1.1,0.1,1.3,0.409,0.3,0.765,27.8,0.6330935251798562,5.8,5.3,0.8,0.4,0.9,1.0,0.457,0.25,0.735,21.8,0.5596330275229358,4.3,2.6,1.3,0.5,0.2,0.7,0.387,0.133,0.719,20.3,0.40394088669950745,5.3,3.0,1.3,0.7,0.1,0.6,0.437,0.366,0.684,19.2,0.5104166666666667
2003-04,DAL,1610612742,1,First Round Exit,0.635,103.4,45.2,23.4,7.6,5.0,12.2,0.45,0.337,0.787,3.5,33.0,19.0,108.2,103.8,4.4,95.1,0.5523333333333333,0.5,18.9,5.0,2.9,1.1,0.5,1.1,0.443,0.412,0.851,40.0,0.6824999999999999,21.5,8.8,2.8,1.1,1.3,2.0,0.455,0.338,0.858,38.6,0.8678756476683938,15.5,9.0,5.2,0.7,0.8,2.6,0.423,0.266,0.508,37.5,0.7626666666666666,14.4,3.1,8.2,0.9,0.1,2.6,0.444,0.379,0.913,33.6,0.7172619047619047,14.9,6.3,0.9,1.0,0.4,0.9,0.526,0.333,0.754,29.3,0.7713310580204777,8.4,5.6,1.4,1.1,0.9,1.0,0.439,0.257,0.697,23.0,0.7130434782608696,6.6,2.0,0.8,0.8,0.2,0.6,0.398,0.323,0.857,16.5,0.593939393939394,6.4,4.1,0.4,0.9,0.5,0.4,0.504,1.0,0.6,15.8,0.7531645569620253
2003-04,DEN,1610612743,1,First Round Exit,0.574,97.1,42.6,22.1,9.4,6.8,16.1,0.442,0.344,0.773,1.8,31.0,23.0,100.5,98.5,2.0,96.5,0.5523333333333333,0.5,19.4,6.2,2.7,1.3,0.6,2.9,0.422,0.324,0.752,35.9,0.7604456824512535,15.6,4.4,6.4,1.7,0.3,2.7,0.468,0.192,0.855,34.6,0.7427745664739884,11.5,6.5,2.2,1.4,0.6,2.5,0.53,0.0,0.699,32.7,0.602446483180428,15.8,3.0,2.2,0.9,0.1,1.7,0.434,0.393,0.817,32.5,0.6246153846153847,8.0,10.1,1.6,1.3,2.5,1.4,0.446,0.0,0.707,28.3,0.7809187279151945,10.6,1.6,3.8,0.5,0.0,1.4,0.42,0.306,0.892,23.3,0.648068669527897,6.4,2.1,2.3,1.2,0.1,0.8,0.396,0.382,0.925,20.1,0.562189054726368,3.5,4.2,0.6,0.6,1.7,0.7,0.437,0.0,0.593,14.9,0.6644295302013423
2003-04,DET,1610612765,5,Champion,0.611,89.5,43.2,19.3,7.4,6.6,15.5,0.428,0.34,0.767,3.0,33.0,21.0,98.1,95.2,3.0,90.3,0.4461428571428571,0.5,9.7,13.2,1.9,1.8,3.0,1.5,0.419,0.2,0.513,39.7,0.7078085642317379,17.0,6.6,2.5,0.8,1.6,1.9,0.442,0.341,0.742,37.3,0.7131367292225202,18.1,3.7,3.7,1.2,0.2,2.7,0.442,0.171,0.869,36.9,0.6558265582655827,17.6,3.4,5.1,1.1,0.1,2.6,0.383,0.421,0.892,36.1,0.6842105263157895,10.2,5.1,2.4,0.9,0.9,1.6,0.456,0.321,0.75,34.5,0.5188405797101447,10.7,3.2,4.5,1.3,0.0,1.5,0.416,0.381,0.8,30.7,0.5928338762214984,10.1,6.6,1.0,0.5,1.0,1.5,0.456,0.313,0.784,23.7,0.7468354430379747,8.9,3.2,0.7,0.3,0.3,1.3,0.477,0.0,0.764,19.4,0.6237113402061857
2003-04,GSW,1610612744,0,Missed Playoffs,0.451,94.3,42.9,20.9,7.4,4.5,14.7,0.445,0.344,0.727,-0.8,23.0,28.0,100.6,101.5,-1.0,92.6,0.5523333333333333,0.5,18.3,6.4,2.4,1.1,0.5,2.2,0.45,0.307,0.68,37.2,0.7123655913978495,11.9,4.3,3.1,0.9,1.1,1.9,0.4,0.363,0.695,34.3,0.5655976676384841,13.1,2.6,5.7,0.5,0.0,2.1,0.394,0.315,0.687,33.1,0.5981873111782476,11.9,11.6,0.7,0.5,1.7,2.0,0.517,0.0,0.636,32.3,0.7554179566563468,12.1,6.3,2.7,0.9,0.2,1.7,0.448,0.39,0.731,31.1,0.6591639871382635,8.5,3.7,1.8,0.8,0.1,1.2,0.49,0.0,0.636,27.3,0.5018315018315018,10.1,2.6,4.4,1.6,0.1,1.8,0.434,0.182,0.798,26.4,0.6439393939393941,10.3,4.5,1.4,1.0,0.3,1.3,0.494,0.418,0.876,22.3,0.726457399103139
2003-04,HOU,1610612745,1,First Round Exit,0.577,87.3,43.1,18.4,6.5,5.5,16.4,0.436,0.365,0.761,3.0,30.0,22.0,97.4,93.6,3.8,89.2,0.5523333333333333,0.5,16.9,5.5,5.9,1.4,0.5,3.6,0.403,0.3,0.765,40.0,0.6649999999999998,15.4,4.4,3.4,1.4,0.4,2.1,0.419,0.382,0.809,39.7,0.5768261964735515,12.0,6.3,2.7,1.1,0.3,2.1,0.418,0.398,0.803,38.0,0.5342105263157895,16.5,9.0,1.5,0.3,1.7,2.4,0.527,0.0,0.775,32.5,0.8184615384615385,11.9,5.6,1.3,0.6,0.7,1.9,0.484,0.0,0.726,28.0,0.6500000000000001,6.1,7.3,0.9,0.8,1.5,1.4,0.44,0.0,0.648,26.8,0.5671641791044776,4.9,1.6,0.5,0.4,0.1,0.7,0.346,0.354,0.929,17.0,0.39999999999999997,1.5,1.3,3.5,0.3,0.0,0.9,0.241,0.0,0.667,14.6,0.39041095890410954
2003-04,IND,1610612754,3,Conference Finals,0.736,89.9,42.2,20.9,8.7,5.3,14.4,0.428,0.346,0.758,5.0,39.0,14.0,99.0,94.1,4.9,89.9,0.4461428571428571,0.5,18.1,5.3,3.9,2.1,0.8,2.7,0.423,0.297,0.745,38.1,0.7217847769028872,20.3,10.4,2.0,0.8,2.6,2.4,0.434,0.091,0.758,36.3,0.9283746556473831,13.5,6.6,1.7,0.9,0.3,2.2,0.452,0.276,0.738,31.2,0.6666666666666667,10.4,2.5,3.2,0.8,0.2,0.8,0.447,0.425,0.858,29.2,0.5582191780821918,7.2,2.6,5.0,1.3,0.4,2.4,0.385,0.355,0.686,24.8,0.5685483870967741,6.5,2.2,3.0,0.7,0.1,1.1,0.424,0.0,0.703,23.9,0.47698744769874474,7.0,1.9,2.8,1.0,0.2,1.1,0.409,0.333,0.851,23.2,0.5086206896551724,5.5,7.0,0.9,0.9,0.3,0.7,0.529,0.0,0.679,22.9,0.6069868995633189
2003-04,LAC,1610612746,0,Missed Playoffs,0.431,96.4,44.7,20.2,7.2,4.6,16.4,0.43,0.342,0.785,-2.2,22.0,29.0,101.4,104.8,-3.4,93.9,0.5523333333333333,0.5,20.1,11.7,3.6,0.9,2.1,2.9,0.515,0.0,0.772,38.9,0.9125964010282777,20.4,5.8,3.0,0.8,0.2,2.7,0.458,0.328,0.849,35.6,0.7724719101123595,17.7,6.0,2.0,1.0,0.3,2.2,0.402,0.384,0.753,35.5,0.6985915492957747,9.1,3.2,4.7,1.7,0.3,2.0,0.402,0.356,0.731,30.5,0.5573770491803278,6.8,4.3,1.6,0.9,0.3,1.2,0.395,0.25,0.814,22.7,0.5594713656387665,6.3,5.8,0.9,0.3,0.9,1.9,0.446,0.0,0.707,22.1,0.5565610859728507,8.9,4.8,0.9,0.4,0.3,1.3,0.527,0.0,0.728,21.2,0.6603773584905661,7.6,2.4,2.2,1.1,0.1,0.9,0.373,0.404,0.8,19.0,0.6578947368421052
2003-04,LAL,1610612747,4,Finals Loss,0.62,97.2,42.4,23.5,8.3,4.4,13.3,0.447,0.337,0.697,3.1,31.0,19.0,101.6,98.7,2.9,94.9,0.5523333333333333,0.5,21.5,4.7,4.3,1.7,0.3,2.4,0.423,0.356,0.851,36.4,0.826923076923077,20.8,10.9,3.1,0.4,2.3,2.8,0.563,0.0,0.518,35.0,0.9914285714285715,14.9,3.8,5.9,1.3,0.3,1.9,0.466,0.368,0.692,34.1,0.712609970674487,14.0,9.5,3.7,1.1,0.5,2.0,0.506,0.0,0.738,32.5,0.8246153846153846,9.5,4.8,1.6,1.3,0.6,1.3,0.433,0.359,0.773,28.2,0.5851063829787234,10.4,5.5,1.0,0.5,0.3,0.9,0.464,0.0,0.708,24.8,0.6774193548387097,8.3,2.1,2.4,1.3,0.0,1.1,0.36,0.278,0.788,23.1,0.5627705627705628,4.2,4.7,1.5,0.4,0.4,0.6,0.413,0.0,0.714,21.3,0.4976525821596245
2003-04,MEM,1610612763,1,First Round Exit,0.577,96.5,42.0,24.0,9.5,7.3,15.2,0.445,0.336,0.727,2.1,30.0,22.0,101.7,99.2,2.5,93.9,0.5523333333333333,0.5,17.6,7.9,2.4,0.6,1.7,2.4,0.483,0.308,0.707,32.1,0.8660436137071651,10.7,2.0,7.1,1.3,0.1,1.9,0.402,0.323,0.875,29.4,0.6564625850340137,11.7,4.4,1.5,1.5,0.5,1.3,0.47,0.397,0.864,28.5,0.6421052631578947,11.7,3.2,3.9,1.0,0.2,1.7,0.443,0.38,0.705,27.7,0.6606498194945848,9.6,7.1,1.2,0.7,1.0,1.4,0.45,0.0,0.747,26.2,0.6946564885496184,12.2,3.6,2.1,1.2,0.3,2.4,0.412,0.255,0.75,25.8,0.6589147286821705,8.5,4.0,1.2,1.3,0.8,0.6,0.466,0.339,0.747,24.0,0.6333333333333334,5.9,2.3,5.0,1.2,0.3,1.9,0.356,0.232,0.693,21.6,0.5925925925925926
2003-04,MIA,1610612748,1,First Round Exit,0.407,86.9,41.2,18.5,6.8,3.7,14.2,0.419,0.343,0.747,-2.7,22.0,32.0,97.1,100.0,-2.9,89.2,0.4461428571428571,0.5,17.2,9.8,4.4,1.1,0.9,3.2,0.419,0.29,0.744,38.6,0.7823834196891192,17.8,3.7,3.0,1.2,0.4,1.8,0.408,0.369,0.837,37.9,0.6411609498680738,16.3,4.3,4.4,1.3,0.7,3.0,0.472,0.31,0.706,36.2,0.6629834254143646,9.5,2.5,4.4,1.1,0.2,1.6,0.369,0.352,0.736,31.7,0.5078864353312302,9.1,7.7,1.1,0.8,0.4,1.2,0.458,0.0,0.783,31.1,0.5755627009646302,7.6,3.9,1.7,0.9,0.2,1.4,0.342,0.095,0.713,29.2,0.4417808219178082,6.9,6.1,0.7,0.4,0.3,1.1,0.467,0.0,0.739,24.3,0.5473251028806585,4.8,3.0,0.4,0.4,0.5,0.6,0.413,0.0,0.704,15.5,0.5483870967741935
2003-04,MIL,1610612749,2,Second Round Exit,0.529,95.9,42.4,22.8,6.9,5.1,13.8,0.441,0.345,0.759,1.0,27.0,24.0,101.6,100.6,1.0,94.0,0.4461428571428571,0.5,21.9,5.2,2.2,1.0,0.1,1.5,0.441,0.366,0.883,37.4,0.7727272727272727,16.4,7.3,1.8,1.1,0.4,2.5,0.445,0.373,0.819,33.5,0.7313432835820896,10.2,8.7,0.9,0.5,1.4,1.2,0.434,0.0,0.846,30.3,0.6765676567656764,13.2,4.4,2.0,0.7,0.3,1.6,0.476,0.3,0.741,28.9,0.6574394463667821,10.2,7.5,1.0,0.6,1.3,1.3,0.48,0.0,0.526,27.6,0.6992753623188406,7.1,3.4,6.5,1.1,0.1,2.6,0.372,0.25,0.828,27.2,0.5735294117647061,6.2,1.6,4.8,0.4,0.0,1.0,0.374,0.322,0.702,22.6,0.5309734513274337,9.1,3.7,2.9,0.9,0.4,1.8,0.434,0.313,0.73,21.4,0.7102803738317757
2003-04,MIN,1610612750,3,Conference Finals,0.712,95.4,41.8,23.7,6.9,5.8,12.6,0.468,0.352,0.784,5.3,37.0,15.0,103.5,97.5,6.0,91.7,0.5523333333333333,0.5,24.8,14.0,5.0,1.4,2.3,2.6,0.495,0.222,0.749,39.8,1.1281407035175879,18.1,4.1,3.7,1.2,0.4,2.2,0.419,0.305,0.822,38.9,0.6503856041131105,21.1,3.2,7.8,1.2,0.2,2.7,0.495,0.422,0.881,36.8,0.8369565217391307,4.9,3.4,1.5,0.5,0.7,0.4,0.451,0.3,0.81,28.5,0.3719298245614035,7.7,3.5,1.6,0.9,0.1,0.7,0.464,0.423,0.837,25.8,0.5077519379844961,6.4,3.7,0.4,0.3,1.6,1.6,0.436,0.0,0.615,21.1,0.5118483412322276,7.1,3.9,0.9,0.2,0.3,0.9,0.505,0.0,0.747,18.4,0.625,3.7,3.7,0.4,0.6,0.3,0.6,0.472,0.0,0.535,18.2,0.44505494505494514
2003-04,BKN,1610612751,2,Second Round Exit,0.608,90.3,40.3,24.6,9.0,4.0,14.5,0.437,0.332,0.759,3.6,31.0,20.0,97.7,93.6,4.2,92.5,0.4461428571428571,0.5,17.1,5.8,3.4,1.3,0.4,2.3,0.493,0.338,0.768,38.5,0.6675324675324675,16.9,6.6,9.6,1.8,0.2,3.2,0.396,0.339,0.816,37.8,0.8439153439153441,17.9,9.8,2.6,1.5,1.3,2.5,0.495,0.35,0.668,36.4,0.8406593406593408,12.8,3.7,2.6,1.7,0.5,0.9,0.456,0.368,0.776,34.5,0.591304347826087,6.1,4.7,1.7,0.8,0.7,1.1,0.386,0.0,0.795,28.0,0.46071428571428574,7.1,4.5,1.0,0.5,0.6,1.5,0.514,0.0,0.697,20.7,0.5893719806763285,5.3,1.4,1.4,0.5,0.0,0.5,0.378,0.347,0.844,18.0,0.44999999999999996,8.0,2.3,0.7,0.2,0.5,0.8,0.465,0.0,0.882,18.0,0.6055555555555555
2003-04,NOP,1610612740,1,First Round Exit,0.538,91.5,42.4,21.2,9.2,4.0,14.7,0.418,0.319,0.726,-0.3,28.0,24.0,98.5,99.1,-0.6,92.2,0.5523333333333333,0.5,23.0,4.2,7.8,2.4,0.4,3.1,0.386,0.305,0.645,40.5,0.8567901234567901,18.9,4.9,2.8,0.8,0.3,2.4,0.381,0.222,0.871,38.4,0.6588541666666667,10.6,9.0,1.9,1.1,0.8,1.3,0.453,0.0,0.818,35.5,0.6225352112676057,12.1,9.4,1.3,0.6,1.3,2.5,0.469,0.0,0.702,33.3,0.6666666666666669,15.5,2.3,2.9,1.3,0.3,1.6,0.404,0.349,0.721,32.7,0.6330275229357797,11.4,2.9,3.8,1.9,0.2,1.8,0.419,0.331,0.819,27.7,0.6642599277978339,5.4,4.8,1.7,0.7,0.3,0.9,0.382,0.293,0.689,24.9,0.48192771084337344,5.3,2.5,1.0,0.8,0.2,1.1,0.445,0.0,0.761,19.4,0.44845360824742275
2003-04,NYK,1610612752,1,First Round Exit,0.463,91.3,42.5,20.9,6.8,5.0,16.3,0.444,0.374,0.804,-1.3,25.0,29.0,98.4,99.1,-0.8,92.4,0.4461428571428571,0.5,20.7,3.3,8.8,1.7,0.1,3.2,0.444,0.359,0.821,40.9,0.7677261613691932,19.5,2.4,2.1,0.8,0.0,2.3,0.443,0.423,0.909,36.8,0.6114130434782609,11.7,8.8,1.9,0.6,1.1,2.0,0.463,0.0,0.838,32.3,0.6842105263157896,14.1,4.9,2.1,1.0,0.4,1.7,0.443,0.362,0.762,32.0,0.65,9.1,3.6,2.5,0.9,0.3,1.4,0.429,0.379,0.795,27.2,0.551470588235294,11.3,5.7,1.5,0.6,0.6,1.4,0.505,0.0,0.732,27.2,0.672794117647059,7.9,2.8,1.4,0.6,0.2,1.5,0.424,0.247,0.792,24.3,0.4691358024691357,6.1,6.8,0.4,0.3,1.9,0.9,0.496,0.0,0.663,24.2,0.6033057851239669
2003-04,ORL,1610612753,0,Missed Playoffs,0.241,94.8,40.2,19.9,6.7,4.1,13.7,0.433,0.362,0.749,-6.1,13.0,41.0,100.1,107.2,-7.1,93.8,0.4461428571428571,0.5,27.2,5.9,5.6,1.3,0.7,2.9,0.423,0.351,0.811,40.0,0.9450000000000001,15.8,6.8,2.0,0.7,0.3,2.0,0.447,0.0,0.796,35.2,0.6704545454545454,9.6,2.6,3.9,0.7,0.1,1.5,0.439,0.398,0.743,30.0,0.5133333333333333,11.9,6.5,1.2,0.9,1.0,1.4,0.448,0.267,0.644,28.4,0.7077464788732394,11.4,3.3,1.7,0.5,0.3,1.5,0.446,0.207,0.674,28.0,0.5607142857142857,6.6,4.5,1.4,0.6,0.2,1.0,0.404,0.376,0.583,23.3,0.5278969957081544,3.2,3.8,0.6,0.5,0.4,0.8,0.5,0.0,0.788,15.8,0.4873417721518987,2.8,1.0,1.0,0.8,0.3,0.8,0.273,0.25,1.0,14.5,0.35172413793103446
2003-04,PHI,1610612755,0,Missed Playoffs,0.415,89.1,41.1,20.0,8.4,4.0,15.8,0.431,0.343,0.751,-1.0,22.0,31.0,97.0,98.4,-1.4,91.0,0.4461428571428571,0.5,27.4,3.9,6.3,2.4,0.1,4.4,0.395,0.292,0.751,42.8,0.8341121495327103,10.6,3.5,7.0,1.2,0.1,2.2,0.405,0.067,0.79,36.1,0.5595567867036012,11.1,9.5,1.1,1.2,0.4,2.0,0.48,0.0,0.741,33.6,0.6339285714285714,17.5,5.0,1.5,1.1,0.2,2.6,0.451,0.356,0.838,33.5,0.6776119402985075,10.3,6.3,0.9,0.6,0.3,1.2,0.425,0.0,0.808,29.4,0.5850340136054423,8.7,3.7,2.7,1.1,0.3,1.4,0.438,0.446,0.697,28.3,0.5335689045936396,8.5,6.1,1.5,0.7,0.8,1.7,0.413,0.2,0.77,26.8,0.5932835820895523,7.0,6.4,0.2,0.5,1.9,0.8,0.554,0.0,0.607,23.7,0.6413502109704641
2003-04,PHX,1610612756,0,Missed Playoffs,0.327,93.5,39.7,20.1,9.2,4.8,15.0,0.442,0.336,0.76,-3.3,18.0,37.0,98.3,100.9,-2.7,95.4,0.5523333333333333,0.5,18.9,9.3,2.5,2.1,1.5,1.9,0.426,0.317,0.872,40.9,0.7921760391198044,16.1,4.5,3.9,1.1,0.3,2.3,0.433,0.288,0.756,39.1,0.6035805626598466,16.8,8.1,1.1,1.1,1.6,2.8,0.472,0.0,0.714,33.9,0.7640117994100296,7.2,5.3,0.8,0.7,0.4,1.2,0.525,0.0,0.768,25.0,0.528,7.2,2.2,4.5,1.0,0.1,1.6,0.381,0.308,0.895,22.5,0.5955555555555556,6.2,2.5,1.2,0.6,0.1,0.8,0.434,0.42,0.835,22.2,0.4414414414414413,7.2,5.9,1.0,0.6,0.5,1.4,0.439,0.0,0.575,21.3,0.647887323943662,6.9,1.3,2.1,1.1,0.1,1.6,0.45,0.403,0.778,18.2,0.543956043956044
2003-04,POR,1610612757,0,Missed Playoffs,0.471,91.5,41.8,22.3,7.0,4.2,15.0,0.45,0.34,0.721,-2.5,24.0,27.0,100.4,103.9,-3.5,89.7,0.5523333333333333,0.5,21.1,11.0,2.3,0.9,0.6,3.3,0.482,0.0,0.774,39.3,0.8295165394402036,12.7,3.4,6.2,1.2,0.1,2.1,0.406,0.343,0.896,37.4,0.5748663101604278,20.1,9.4,2.4,0.8,0.4,2.4,0.485,0.208,0.879,36.8,0.8342391304347826,8.4,7.2,0.9,0.6,3.1,1.6,0.466,0.0,0.658,31.0,0.6000000000000001,11.6,2.9,3.7,1.0,0.1,1.8,0.341,0.292,0.822,29.9,0.5852842809364549,5.7,6.3,1.3,0.7,0.9,0.7,0.491,0.0,0.602,27.3,0.5201465201465202,9.7,4.4,2.1,0.7,0.7,1.7,0.46,0.182,0.575,24.4,0.6516393442622951,7.6,4.2,2.0,1.3,0.3,1.6,0.533,0.0,0.512,24.1,0.5726141078838175
2003-04,SAC,1610612758,2,Second Round Exit,0.74,105.1,41.6,26.8,8.3,3.9,13.8,0.47,0.403,0.801,7.4,37.0,13.0,109.4,101.9,7.4,95.2,0.5523333333333333,0.5,25.4,6.2,2.1,1.4,0.2,2.0,0.481,0.426,0.926,39.8,0.8366834170854272,15.0,10.8,4.7,0.9,1.3,2.1,0.513,0.348,0.785,38.4,0.7968749999999999,17.7,3.3,5.5,1.1,0.3,1.9,0.453,0.433,0.807,34.5,0.7536231884057972,8.7,3.7,3.9,1.6,0.3,1.6,0.469,0.319,0.853,30.9,0.5372168284789643,11.1,5.7,5.5,0.7,0.9,2.2,0.487,0.0,0.656,29.6,0.733108108108108,14.3,3.6,2.2,1.1,0.2,1.3,0.447,0.364,0.76,24.5,0.8204081632653062,5.5,2.1,1.8,0.8,0.1,0.9,0.446,0.425,0.882,17.7,0.5310734463276836,4.4,3.1,0.6,0.2,0.4,0.9,0.473,0.0,0.721,14.6,0.5342465753424657
2003-04,SAS,1610612759,2,Second Round Exit,0.66,90.1,45.5,20.6,8.0,6.6,14.8,0.435,0.349,0.663,6.5,35.0,18.0,97.8,90.6,7.2,91.7,0.5523333333333333,0.5,23.1,12.8,3.2,1.0,2.7,2.9,0.501,0.182,0.587,38.2,1.0445026178010475,14.3,3.3,5.4,0.7,0.1,2.2,0.443,0.319,0.711,34.2,0.631578947368421,6.8,3.2,1.5,1.1,0.3,1.0,0.405,0.366,0.556,32.8,0.36280487804878053,12.7,4.8,4.1,1.8,0.3,1.9,0.408,0.319,0.785,31.3,0.696485623003195,8.6,7.6,1.2,0.6,1.9,1.5,0.455,0.0,0.49,28.4,0.647887323943662,8.0,4.0,1.7,0.9,0.4,1.1,0.402,0.432,0.688,23.3,0.5965665236051502,7.4,2.4,3.8,1.1,0.2,1.8,0.427,0.414,0.739,20.8,0.6298076923076923,4.4,2.2,2.4,0.8,0.0,2.4,0.297,0.0,0.0,17.4,0.4252873563218391
2003-04,OKC,1610612760,0,Missed Playoffs,0.481,97.6,39.5,21.4,8.5,5.4,14.6,0.443,0.376,0.749,-1.2,25.0,27.0,103.3,104.6,-1.3,93.9,0.5523333333333333,0.5,22.8,5.0,5.2,1.3,0.2,2.7,0.434,0.378,0.879,37.6,0.8457446808510638,19.1,7.0,2.0,1.2,0.7,1.8,0.443,0.418,0.782,37.4,0.7540106951871658,12.5,5.6,2.1,1.2,0.6,1.4,0.399,0.359,0.737,31.8,0.647798742138365,10.6,3.5,5.5,1.5,0.2,2.2,0.497,0.44,0.838,30.8,0.6201298701298702,13.2,2.4,2.4,1.1,0.4,2.0,0.409,0.291,0.687,25.8,0.6782945736434108,8.7,2.0,4.2,0.7,0.0,0.9,0.506,0.387,0.814,21.7,0.6774193548387096,5.1,4.4,0.5,0.3,1.8,0.7,0.453,0.0,0.789,18.6,0.6129032258064517,5.4,3.4,0.7,0.3,0.3,0.9,0.465,0.0,0.635,17.0,0.5411764705882354
2003-04,TOR,1610612761,0,Missed Playoffs,0.49,85.4,39.9,19.7,6.8,5.0,14.4,0.421,0.362,0.736,-1.8,25.0,26.0,95.2,96.7,-1.6,88.5,0.4461428571428571,0.5,14.4,4.0,4.7,0.8,0.4,3.1,0.382,0.346,0.827,37.2,0.5698924731182794,21.2,4.7,4.8,1.1,0.9,3.1,0.412,0.379,0.801,37.2,0.7956989247311828,14.9,9.2,1.7,1.0,1.8,1.3,0.482,0.408,0.718,35.1,0.7777777777777778,11.1,7.4,1.0,0.7,1.4,1.4,0.467,0.375,0.67,32.6,0.6196319018404908,8.8,2.7,3.9,0.9,0.2,1.2,0.419,0.296,0.769,30.7,0.49837133550488605,10.6,4.5,2.1,0.7,0.3,1.6,0.393,0.356,0.772,27.7,0.5992779783393501,7.7,3.0,1.4,0.8,0.2,0.8,0.423,0.407,0.818,22.7,0.5418502202643172,4.7,1.7,3.1,0.8,0.1,1.6,0.35,0.13,0.66,20.3,0.43349753694581283
2003-04,UTA,1610612762,0,Missed Playoffs,0.491,89.3,40.7,20.2,7.0,6.3,17.3,0.444,0.331,0.743,-1.3,26.0,27.0,98.5,100.6,-2.1,89.8,0.5523333333333333,0.5,16.3,7.9,3.3,1.9,2.8,2.9,0.463,0.382,0.802,37.2,0.7876344086021506,16.2,8.0,2.0,0.7,0.1,2.1,0.471,0.242,0.688,36.5,0.6821917808219178,8.0,8.2,1.8,0.4,2.1,1.5,0.483,0.0,0.6,31.0,0.6129032258064516,10.1,3.5,1.7,0.8,0.2,1.3,0.438,0.411,0.831,29.9,0.5016722408026755,13.3,2.4,5.1,1.1,0.1,2.4,0.465,0.306,0.794,28.3,0.6925795053003535,10.3,2.7,1.3,0.7,0.2,1.2,0.397,0.427,0.816,23.7,0.5907172995780591,2.8,6.8,1.2,0.7,0.8,1.6,0.319,0.0,0.333,23.7,0.45147679324894513,7.5,2.1,3.6,0.6,0.0,2.4,0.442,0.302,0.859,20.7,0.5507246376811594
2003-04,WAS,1610612764,0,Missed Playoffs,0.32,90.8,42.6,19.0,9.8,5.0,16.9,0.419,0.324,0.713,-4.3,16.0,34.0,95.3,100.1,-4.8,94.7,0.4461428571428571,0.5,18.0,4.7,4.8,1.8,0.3,3.9,0.381,0.321,0.702,36.2,0.7099447513812155,17.8,4.0,4.6,1.2,0.0,3.4,0.476,0.571,0.7,34.5,0.7014492753623188,18.7,5.0,2.4,1.5,0.3,2.5,0.4,0.349,0.809,33.9,0.7492625368731564,9.9,4.3,1.5,1.1,0.2,1.8,0.4,0.284,0.811,30.5,0.4983606557377049,10.4,7.1,1.5,1.0,0.7,1.9,0.485,0.5,0.729,28.0,0.6714285714285715,7.6,6.5,1.1,0.4,1.4,1.4,0.446,0.0,0.607,23.7,0.6582278481012658,5.5,4.9,1.1,0.7,0.4,1.2,0.376,0.143,0.585,22.3,0.5112107623318386,6.4,5.2,2.1,0.8,0.5,0.9,0.485,0.278,0.788,21.9,0.6438356164383563
2004-05,ATL,1610612737,0,Missed Playoffs,0.196,90.3,41.9,19.0,7.8,4.2,16.3,0.435,0.297,0.673,-9.3,10.0,41.0,96.1,106.0,-9.9,93.6,0.47559999999999997,0.125,17.1,7.2,3.1,1.3,0.2,3.0,0.462,0.196,0.665,39.7,0.6523929471032746,8.3,2.0,3.7,0.4,0.0,1.1,0.402,0.297,0.787,26.4,0.5037878787878789,11.4,2.2,1.9,0.8,0.1,0.9,0.412,0.32,0.741,25.0,0.6200000000000001,7.4,5.0,1.6,0.8,0.4,1.1,0.453,0.226,0.788,24.4,0.5778688524590165,7.9,5.2,1.7,0.8,1.8,1.6,0.48,0.0,0.693,23.6,0.6694915254237289,9.4,3.8,0.7,0.7,0.4,1.3,0.463,0.45,0.797,22.3,0.6143497757847532,4.0,2.9,2.1,0.6,0.3,1.4,0.406,0.2,0.571,19.1,0.4450261780104712,3.8,3.5,0.3,0.6,0.2,0.7,0.357,0.0,0.733,15.1,0.509933774834437
2004-05,BOS,1610612738,1,First Round Exit,0.509,100.9,40.5,21.8,8.5,5.0,16.1,0.466,0.343,0.769,1.2,27.0,26.0,104.3,102.6,1.6,96.2,0.47559999999999997,0.5,20.2,9.5,3.6,1.2,0.6,3.4,0.413,0.303,0.538,40.3,0.7866004962779157,21.9,6.8,4.3,1.7,0.5,3.0,0.444,0.325,0.819,36.2,0.8895027624309393,12.2,3.0,6.1,1.3,0.2,2.1,0.458,0.316,0.735,33.1,0.6253776435045316,14.8,2.8,2.8,1.1,0.3,2.5,0.465,0.346,0.81,31.2,0.6185897435897437,10.3,5.4,1.9,0.4,0.9,2.2,0.538,0.0,0.73,29.3,0.5699658703071672,11.6,7.5,1.2,0.6,1.1,0.8,0.498,0.397,0.8,27.9,0.7598566308243729,6.3,2.9,0.9,1.1,0.3,1.1,0.479,0.333,0.766,15.7,0.6624203821656052,6.9,4.7,0.3,0.3,1.0,1.0,0.519,0.0,0.602,15.6,0.7820512820512823
2004-05,CHA,1610612766,0,Missed Playoffs,0.22,93.2,41.5,21.6,8.4,5.4,14.4,0.428,0.363,0.685,-6.2,11.0,39.0,97.4,104.5,-7.1,94.0,0.47559999999999997,0.5,14.8,11.0,0.9,0.9,1.5,1.7,0.447,0.0,0.574,35.7,0.7675070028011204,12.5,6.9,1.2,0.5,0.7,1.5,0.495,0.0,0.721,30.4,0.6677631578947367,10.7,5.6,1.8,1.6,1.3,2.3,0.439,0.263,0.641,29.8,0.6275167785234899,8.2,2.2,8.6,1.7,0.1,2.1,0.401,0.143,0.859,28.6,0.6538461538461537,9.7,2.7,5.7,1.5,0.2,1.5,0.448,0.42,0.798,27.3,0.6703296703296702,8.7,3.2,1.7,0.9,0.1,1.6,0.368,0.253,0.697,23.3,0.5579399141630901,7.1,4.3,0.8,0.4,1.0,1.2,0.445,0.0,0.53,20.5,0.6048780487804878,8.3,1.8,1.3,0.4,0.1,0.9,0.389,0.38,0.762,19.5,0.5641025641025642
2004-05,CHI,1610612741,1,First Round Exit,0.531,93.5,43.4,21.8,6.9,4.7,17.6,0.439,0.351,0.739,0.3,26.0,23.0,97.9,97.7,0.2,95.1,0.47559999999999997,0.5,15.9,4.2,6.9,1.6,0.3,2.5,0.398,0.349,0.814,37.0,0.7135135135135136,15.9,5.5,0.7,0.3,0.9,2.8,0.539,0.0,0.715,29.6,0.6925675675675674,12.7,5.6,2.4,0.8,0.4,2.0,0.438,0.268,0.765,28.5,0.6982456140350876,7.6,9.3,0.8,0.9,1.8,1.5,0.472,0.0,0.668,27.2,0.6948529411764706,5.0,2.4,4.8,0.9,0.0,1.6,0.345,0.35,0.71,24.0,0.4791666666666667,5.9,5.5,1.1,0.3,0.5,1.2,0.471,0.0,0.71,23.7,0.5105485232067511,14.1,2.4,1.8,0.6,0.1,2.2,0.439,0.435,0.842,23.2,0.724137931034483,7.6,4.2,1.2,0.5,0.4,1.6,0.397,0.246,0.713,21.0,0.5857142857142857
2004-05,CLE,1610612739,0,Missed Playoffs,0.588,98.0,42.2,23.1,8.1,5.7,13.9,0.457,0.323,0.767,3.4,30.0,21.0,104.4,100.6,3.8,93.1,0.47559999999999997,0.5,25.4,7.1,7.7,2.3,0.8,3.2,0.491,0.348,0.749,41.4,0.968599033816425,14.9,2.1,5.7,0.8,0.0,1.6,0.43,0.371,0.817,38.2,0.5732984293193717,17.4,8.3,1.4,0.7,2.0,2.5,0.466,0.5,0.806,33.7,0.8100890207715132,14.7,9.7,1.4,0.9,1.0,1.7,0.513,0.125,0.801,31.4,0.8280254777070063,5.7,2.5,1.0,0.6,0.1,0.7,0.444,0.143,0.795,23.0,0.39999999999999997,4.4,1.9,3.7,0.9,0.1,1.2,0.392,0.295,0.764,22.4,0.43750000000000006,7.7,2.5,1.6,0.7,0.1,1.1,0.431,0.33,0.779,20.8,0.5528846153846153,5.1,4.6,1.0,0.7,0.7,1.0,0.431,0.0,0.587,17.7,0.6271186440677965
2004-05,DAL,1610612742,2,Second Round Exit,0.686,102.7,44.0,19.3,8.4,5.5,13.9,0.456,0.363,0.795,5.3,35.0,16.0,106.8,101.0,5.9,95.9,0.5232666666666667,0.5,26.9,10.0,3.2,1.3,1.6,2.5,0.454,0.401,0.859,39.7,1.0201511335012594,18.0,4.5,2.7,0.9,0.4,1.2,0.438,0.4,0.869,39.2,0.645408163265306,12.1,6.5,1.4,1.6,0.6,1.6,0.462,0.28,0.758,33.1,0.622356495468278,15.8,3.6,2.3,0.8,0.2,2.0,0.421,0.247,0.859,31.0,0.6677419354838711,11.6,2.4,5.0,1.4,0.1,1.7,0.509,0.465,0.82,28.8,0.6527777777777778,9.5,8.7,0.9,0.3,1.3,1.7,0.54,0.0,0.617,27.5,0.6909090909090909,10.7,5.2,1.3,0.6,0.4,1.5,0.448,0.395,0.869,25.6,0.6523437499999999,9.1,4.2,2.3,1.4,0.2,1.6,0.45,0.217,0.683,25.3,0.616600790513834
2004-05,DEN,1610612743,1,First Round Exit,0.453,95.2,41.1,22.4,8.7,5.7,15.1,0.448,0.308,0.762,-1.7,24.0,29.0,100.3,101.8,-1.5,94.7,0.5232666666666667,0.75,13.7,4.3,6.2,1.4,0.2,2.7,0.466,0.154,0.813,36.6,0.6311475409836065,19.8,5.7,2.9,1.0,0.3,3.2,0.406,0.269,0.768,36.4,0.7280219780219781,15.8,7.9,2.6,1.5,1.1,2.2,0.477,0.0,0.656,34.7,0.7694524495677235,9.9,9.5,1.9,0.8,2.7,1.5,0.473,0.0,0.752,30.3,0.7689768976897688,12.1,1.8,3.7,0.9,0.2,1.4,0.416,0.325,0.925,26.3,0.6577946768060836,9.6,5.9,1.6,0.9,0.9,1.8,0.494,0.0,0.705,25.2,0.6785714285714285,13.0,1.0,1.0,0.0,0.0,1.0,0.444,0.333,0.6,24.9,0.5622489959839357,6.3,2.8,2.1,0.9,0.1,0.9,0.528,0.373,0.793,22.9,0.49344978165938863
2004-05,DET,1610612765,4,Finals Loss,0.627,91.8,42.9,21.6,7.3,6.2,14.4,0.439,0.353,0.756,3.6,32.0,19.0,101.4,96.3,5.1,89.9,0.47559999999999997,0.75,19.9,3.6,4.3,1.1,0.2,2.7,0.44,0.338,0.882,39.0,0.676923076923077,16.5,3.7,6.3,1.2,0.1,2.5,0.43,0.423,0.903,36.9,0.6856368563685638,9.5,11.8,2.0,1.4,2.5,1.3,0.45,0.0,0.426,36.8,0.7038043478260869,13.1,5.3,3.0,0.7,1.0,1.7,0.487,0.359,0.778,36.1,0.5927977839335179,13.6,7.9,1.8,0.8,1.4,1.8,0.415,0.309,0.675,34.2,0.6929824561403508,9.9,6.4,1.0,0.8,0.7,1.4,0.546,0.0,0.645,24.0,0.7250000000000001,7.7,1.8,4.8,0.7,0.1,1.8,0.395,0.35,0.816,23.5,0.5659574468085106,4.4,1.7,2.0,1.1,0.1,1.0,0.353,0.286,0.787,16.8,0.49404761904761907
2004-05,GSW,1610612744,0,Missed Playoffs,0.283,95.1,41.6,21.3,7.9,4.9,13.6,0.424,0.335,0.713,-5.3,15.0,38.0,98.3,103.8,-5.5,95.6,0.5232666666666667,0.75,22.6,6.3,3.9,1.7,0.4,2.5,0.446,0.299,0.681,38.3,0.8459530026109663,16.2,11.2,1.4,0.6,0.4,1.8,0.419,0.463,0.74,35.2,0.7954545454545453,19.7,3.9,7.3,1.6,0.2,2.1,0.371,0.326,0.771,33.7,0.9080118694362017,12.9,5.6,2.6,1.1,0.4,1.9,0.436,0.35,0.772,32.9,0.629179331306991,12.3,2.7,4.1,1.0,0.0,1.8,0.399,0.381,0.848,29.8,0.6140939597315437,8.2,2.5,1.2,0.6,0.3,1.3,0.371,0.313,0.653,19.4,0.5927835051546392,3.7,4.3,0.5,0.2,1.7,0.8,0.479,0.0,0.523,18.0,0.5333333333333332,4.8,2.4,1.2,0.3,0.3,0.6,0.428,0.0,0.657,17.6,0.47727272727272724
2004-05,HOU,1610612745,1,First Round Exit,0.604,93.8,41.9,21.4,6.4,4.3,14.4,0.44,0.359,0.775,2.1,32.0,21.0,101.0,99.3,1.7,91.4,0.5232666666666667,0.125,25.6,6.2,6.0,1.6,0.8,2.6,0.424,0.33,0.773,42.2,0.8909952606635069,12.1,3.1,3.5,1.2,0.1,1.4,0.39,0.383,0.849,35.3,0.5269121813031162,10.8,6.2,5.3,1.3,0.1,2.6,0.424,0.306,0.765,33.5,0.6298507462686568,18.5,8.5,0.8,0.5,1.8,2.7,0.545,0.0,0.77,31.8,0.8616352201257862,5.4,2.8,3.1,1.1,0.0,1.3,0.312,0.314,0.846,25.7,0.4319066147859921,9.3,5.5,1.4,0.5,0.1,1.1,0.448,0.0,0.84,25.4,0.6181102362204726,11.4,2.6,3.8,0.8,0.1,1.6,0.442,0.383,0.742,24.8,0.6895161290322581,5.9,2.2,2.4,0.7,0.1,1.0,0.415,0.425,0.794,21.0,0.4904761904761905
2004-05,IND,1610612754,2,Second Round Exit,0.49,92.3,39.3,18.2,7.8,5.1,14.9,0.435,0.34,0.775,-1.3,25.0,26.0,100.9,102.5,-1.6,90.3,0.47559999999999997,0.875,24.6,6.4,3.1,1.7,0.9,2.4,0.496,0.412,0.922,41.4,0.8285024154589373,16.3,5.5,2.6,1.4,0.4,2.1,0.41,0.38,0.843,36.6,0.6584699453551912,25.5,9.1,1.9,0.7,2.2,3.1,0.452,0.167,0.773,36.5,0.9945205479452056,15.9,4.1,6.4,2.1,0.3,3.3,0.42,0.373,0.742,33.2,0.7680722891566264,12.3,2.3,2.3,1.0,0.1,1.3,0.443,0.32,0.881,32.5,0.513846153846154,11.1,3.5,2.6,0.8,0.5,1.4,0.435,0.399,0.846,32.4,0.5277777777777778,9.2,10.1,0.7,0.9,0.3,1.2,0.549,0.0,0.62,28.9,0.6920415224913494,9.4,5.6,1.5,0.7,0.3,1.6,0.375,0.252,0.892,26.6,0.5977443609022556
2004-05,LAC,1610612746,0,Missed Playoffs,0.434,94.9,41.9,22.9,7.4,5.3,15.6,0.454,0.337,0.781,-0.5,23.0,30.0,101.8,102.5,-0.7,91.2,0.5232666666666667,0.75,16.5,6.1,2.8,1.4,0.2,1.9,0.481,0.431,0.867,38.1,0.6587926509186351,20.4,9.7,2.7,0.8,2.2,2.5,0.498,0.0,0.761,37.6,0.8856382978723403,20.8,5.9,3.3,1.0,0.1,3.0,0.41,0.274,0.854,36.4,0.7719780219780221,10.5,3.3,6.8,1.9,0.4,1.9,0.398,0.387,0.758,34.6,0.6069364161849711,8.2,6.2,0.9,0.5,1.0,1.7,0.48,0.0,0.657,24.7,0.6113360323886639,5.9,2.4,5.3,1.0,0.1,1.6,0.377,0.366,0.765,24.4,0.5368852459016394,6.3,2.9,1.8,0.7,0.3,0.6,0.384,0.333,0.6,22.1,0.5158371040723981,9.4,4.9,0.8,0.5,0.5,1.6,0.521,0.0,0.623,21.8,0.6651376146788991
2004-05,LAL,1610612747,0,Missed Playoffs,0.52,97.8,43.9,19.7,5.7,4.9,14.7,0.437,0.353,0.773,-0.8,26.0,24.0,104.5,104.7,-0.2,93.3,0.5232666666666667,0.25,27.8,6.2,6.6,1.4,1.0,4.4,0.409,0.33,0.804,42.1,0.9168646080760096,13.7,2.8,4.5,0.9,0.0,1.9,0.43,0.377,0.791,36.9,0.5420054200542006,15.7,10.3,3.5,0.7,1.1,2.7,0.475,0.303,0.695,36.3,0.787878787878788,14.6,5.4,1.8,1.3,0.3,1.8,0.439,0.293,0.894,35.6,0.6067415730337079,10.4,6.9,0.7,0.2,1.6,1.6,0.518,0.0,0.653,25.5,0.7137254901960784,6.8,5.1,0.7,0.4,0.3,0.6,0.449,0.388,0.778,23.3,0.5450643776824033,7.5,3.6,0.5,0.3,0.4,0.5,0.422,0.402,0.767,18.0,0.6555555555555556,3.0,3.4,0.3,0.2,0.4,0.6,0.513,0.0,0.718,14.4,0.46527777777777785
2004-05,MEM,1610612763,1,First Round Exit,0.566,94.2,39.4,21.8,8.2,6.1,14.6,0.445,0.379,0.748,3.2,30.0,23.0,103.5,99.7,3.9,91.1,0.5232666666666667,1.0,18.9,8.2,2.7,0.6,1.5,2.7,0.504,0.2,0.753,33.8,0.8639053254437871,8.9,4.9,1.6,1.0,1.0,0.7,0.429,0.415,0.767,31.1,0.5369774919614148,8.7,4.8,1.9,0.8,0.5,1.6,0.374,0.333,0.879,29.4,0.5136054421768708,11.4,1.6,6.2,1.3,0.1,1.9,0.418,0.349,0.847,28.0,0.6678571428571429,12.2,3.4,2.9,0.7,0.3,1.7,0.518,0.452,0.68,27.5,0.6472727272727273,8.0,7.3,1.1,0.7,0.8,1.1,0.449,0.0,0.638,26.6,0.631578947368421,8.1,1.8,5.0,1.1,0.2,2.0,0.435,0.358,0.681,23.2,0.6120689655172413,10.9,3.5,1.4,1.3,0.4,1.4,0.423,0.38,0.748,23.1,0.696969696969697
2004-05,MIA,1610612748,3,Conference Finals,0.741,102.2,42.8,22.5,5.9,6.0,13.6,0.487,0.377,0.669,5.9,40.0,14.0,108.5,100.7,7.8,93.6,0.47559999999999997,0.5,23.5,5.2,7.3,1.5,1.1,4.2,0.478,0.214,0.767,39.1,0.8797953964194373,12.5,4.9,2.6,1.1,0.5,1.3,0.415,0.378,0.793,35.6,0.5702247191011236,23.1,10.6,3.0,0.4,2.5,2.8,0.599,0.0,0.461,35.2,1.0454545454545454,11.2,9.0,1.4,0.6,0.5,1.4,0.537,0.0,0.824,33.0,0.6454545454545455,11.2,2.7,4.4,0.5,0.0,1.1,0.448,0.416,0.848,31.2,0.5673076923076922,10.4,7.1,0.8,0.3,2.3,2.5,0.453,0.0,0.593,25.6,0.71875,6.7,2.3,1.0,0.3,0.5,0.6,0.392,0.369,0.732,19.7,0.517766497461929,8.1,1.4,1.6,0.3,0.2,0.6,0.427,0.422,0.87,17.6,0.625
2004-05,MIL,1610612749,0,Missed Playoffs,0.4,96.4,41.6,20.8,6.8,3.6,13.9,0.446,0.361,0.764,-2.8,20.0,30.0,102.1,105.9,-3.8,93.4,0.47559999999999997,0.625,22.2,4.2,2.5,0.9,0.0,1.8,0.448,0.391,0.858,38.0,0.7368421052631579,16.4,4.2,2.7,0.8,0.3,1.9,0.439,0.167,0.803,35.8,0.6284916201117319,10.7,7.0,0.7,0.5,0.6,1.1,0.506,0.0,0.777,30.5,0.6032786885245901,9.0,3.0,5.8,0.8,0.1,2.5,0.425,0.31,0.851,26.8,0.6044776119402986,6.8,8.0,0.4,0.6,1.4,1.0,0.513,0.0,0.508,21.7,0.7465437788018433,6.1,2.6,1.9,1.0,0.3,0.6,0.4,0.333,0.9,20.3,0.5566502463054187,6.3,5.0,0.9,0.7,0.5,1.1,0.441,0.0,0.719,19.1,0.643979057591623,4.6,3.3,2.7,0.9,0.4,1.0,0.361,0.263,0.778,19.0,0.5736842105263158
2004-05,MIN,1610612750,0,Missed Playoffs,0.5,96.5,42.8,23.9,5.7,5.4,13.3,0.456,0.344,0.807,0.9,27.0,27.0,104.8,103.9,0.9,91.5,0.5232666666666667,0.75,22.1,13.9,5.8,1.5,1.4,2.7,0.499,0.19,0.803,38.8,1.0824742268041236,16.1,3.6,2.4,0.4,0.2,1.7,0.515,0.369,0.848,33.4,0.62874251497006,12.6,2.7,2.3,0.7,0.3,1.6,0.417,0.34,0.843,31.1,0.5466237942122186,14.3,2.8,5.8,0.6,0.2,2.1,0.465,0.234,0.873,28.1,0.7686832740213523,5.7,2.9,1.6,0.4,0.4,0.7,0.464,0.0,0.788,24.1,0.42738589211618255,8.0,6.3,0.8,0.4,1.7,0.7,0.378,0.343,0.74,21.3,0.7746478873239439,8.6,1.1,3.6,0.3,0.0,1.6,0.378,0.316,0.831,21.0,0.5714285714285714,5.3,4.6,0.4,0.2,0.7,1.0,0.446,0.0,0.756,18.4,0.5543478260869564
2004-05,BKN,1610612751,1,First Round Exit,0.434,90.2,39.8,21.0,7.4,4.3,14.8,0.429,0.376,0.765,-3.4,23.0,30.0,97.0,101.0,-4.0,91.4,0.47559999999999997,0.375,22.2,7.3,4.0,1.0,0.5,4.0,0.422,0.337,0.844,41.3,0.7506053268765134,14.1,7.0,7.9,1.6,0.1,2.2,0.4,0.41,0.736,36.1,0.7894736842105264,21.9,4.7,4.2,1.3,0.8,2.0,0.44,0.392,0.774,35.8,0.8631284916201115,6.7,5.9,1.2,0.9,1.0,1.3,0.409,0.0,0.689,32.2,0.44720496894409933,8.6,2.8,1.7,1.0,0.9,1.0,0.397,0.341,0.603,26.0,0.5384615384615384,8.8,3.7,1.2,0.7,0.1,0.7,0.405,0.376,0.829,24.7,0.5587044534412955,7.9,4.8,1.0,0.5,1.0,1.3,0.461,0.0,0.699,23.7,0.5864978902953586,8.2,2.9,1.1,0.8,0.2,1.1,0.455,0.0,1.0,23.3,0.51931330472103
2004-05,NOP,1610612740,0,Missed Playoffs,0.208,87.8,39.8,21.1,6.6,3.5,14.5,0.412,0.315,0.779,-7.5,11.0,42.0,96.1,105.3,-9.2,89.5,0.5232666666666667,0.375,10.7,9.0,2.4,1.1,0.7,1.2,0.431,0.0,0.85,35.9,0.6323119777158774,14.1,9.1,1.5,0.4,0.8,2.9,0.443,0.0,0.661,33.2,0.6927710843373494,13.2,3.3,6.1,1.8,0.1,2.0,0.434,0.196,0.763,32.7,0.6880733944954129,15.7,4.8,1.7,0.6,0.2,1.7,0.483,0.0,0.809,31.6,0.6740506329113924,13.2,2.8,4.1,1.0,0.0,2.0,0.425,0.366,0.823,28.7,0.6655052264808363,4.1,4.6,2.3,0.7,0.3,1.4,0.359,0.267,0.75,23.7,0.4472573839662447,7.6,1.5,1.6,0.6,0.2,1.0,0.385,0.294,0.635,21.0,0.4999999999999999,6.2,1.8,1.3,0.3,0.0,0.7,0.413,0.365,0.77,20.6,0.4320388349514564
2004-05,NYK,1610612752,0,Missed Playoffs,0.396,96.3,40.7,19.9,7.8,3.6,14.8,0.449,0.34,0.772,-3.2,21.0,32.0,101.9,106.0,-4.1,93.5,0.47559999999999997,0.625,21.3,2.9,8.2,1.4,0.1,2.9,0.473,0.323,0.827,39.9,0.7769423558897244,11.5,10.0,2.0,1.0,1.0,1.3,0.474,0.333,0.793,36.7,0.659400544959128,18.4,2.6,3.6,1.4,0.3,2.2,0.397,0.356,0.851,36.2,0.6657458563535912,11.9,1.2,2.1,0.4,0.1,1.1,0.415,0.388,0.837,26.7,0.5468164794007491,10.3,3.3,1.3,0.5,0.3,1.6,0.405,0.373,0.772,26.5,0.5320754716981133,8.3,2.5,2.2,0.7,0.1,1.4,0.438,0.333,0.786,25.0,0.49599999999999994,7.8,4.3,1.4,0.4,0.3,1.7,0.435,0.375,0.65,23.9,0.5230125523012553,6.0,2.9,1.3,0.9,0.2,1.0,0.427,0.0,0.71,18.1,0.569060773480663
2004-05,ORL,1610612753,0,Missed Playoffs,0.538,99.9,44.5,19.4,7.8,5.6,16.4,0.452,0.359,0.778,-0.5,28.0,24.0,102.3,102.1,0.2,97.9,0.47559999999999997,0.125,21.9,6.3,7.1,1.3,0.3,4.1,0.425,0.289,0.843,37.6,0.8723404255319146,19.0,4.6,3.6,1.3,0.4,2.5,0.51,0.286,0.81,34.6,0.7630057803468209,10.5,9.8,0.9,0.8,1.6,1.8,0.496,0.0,0.667,32.0,0.68125,7.1,3.5,4.0,1.6,0.4,2.1,0.397,0.246,0.897,30.8,0.4707792207792207,14.1,3.7,2.1,0.7,0.3,1.7,0.424,0.379,0.84,26.3,0.7300380228136883,7.6,7.7,0.6,0.9,1.6,1.3,0.558,0.0,0.796,25.3,0.6758893280632411,5.2,6.1,0.6,0.4,1.2,1.1,0.502,0.0,0.754,25.2,0.4920634920634921,4.9,1.9,0.5,0.3,0.1,0.4,0.381,0.352,0.885,13.9,0.5251798561151079
2004-05,PHI,1610612755,1,First Round Exit,0.491,98.0,41.9,20.0,8.8,3.6,15.7,0.435,0.348,0.779,-1.6,26.0,27.0,100.3,101.8,-1.5,96.6,0.47559999999999997,0.625,29.8,4.0,7.6,2.2,0.1,4.1,0.416,0.28,0.817,42.2,0.938388625592417,21.1,9.8,5.4,1.5,0.7,2.9,0.447,0.393,0.789,36.2,0.983425414364641,8.7,5.9,2.9,1.8,0.6,1.9,0.469,0.306,0.754,32.2,0.5590062111801243,11.6,4.3,2.2,1.2,0.5,1.3,0.416,0.403,0.877,31.9,0.579937304075235,9.3,4.8,2.0,0.7,0.4,2.3,0.377,0.275,0.762,29.7,0.5016835016835016,12.0,5.6,0.8,0.5,0.3,1.7,0.462,0.0,0.791,24.9,0.7028112449799199,6.9,7.0,0.5,0.5,1.6,1.6,0.524,0.0,0.621,23.7,0.6286919831223629,8.1,2.7,1.9,0.6,0.1,1.4,0.366,0.329,0.762,20.7,0.5797101449275363
2004-05,PHX,1610612756,3,Conference Finals,0.759,110.2,43.3,23.2,7.0,5.6,13.4,0.479,0.386,0.753,7.9,41.0,13.0,112.2,103.5,8.7,98.0,0.5232666666666667,0.5,16.1,5.2,3.6,0.7,0.3,1.8,0.447,0.455,0.759,39.6,0.6085858585858586,19.3,10.9,2.1,2.1,1.4,1.4,0.475,0.345,0.826,39.4,0.8730964467005078,16.1,6.6,2.1,1.3,0.3,1.4,0.386,0.361,0.775,37.9,0.6596306068601585,26.2,8.7,1.5,1.1,1.6,2.4,0.57,0.0,0.72,36.6,1.0027322404371586,11.6,4.3,3.0,0.8,0.1,2.2,0.436,0.383,0.914,35.8,0.49162011173184367,16.4,3.2,11.5,1.0,0.0,3.1,0.511,0.427,0.899,34.7,0.8357348703170026,5.8,1.5,1.6,0.3,0.1,1.3,0.448,0.364,0.75,14.6,0.547945205479452,4.6,2.8,0.2,0.1,1.4,0.6,0.632,0.0,0.522,13.4,0.6343283582089552
2004-05,POR,1610612757,0,Missed Playoffs,0.412,92.5,41.7,20.3,7.2,6.3,15.5,0.443,0.376,0.722,-2.5,21.0,30.0,100.1,103.4,-3.3,91.7,0.5232666666666667,0.875,15.7,8.0,1.3,1.2,0.6,2.4,0.508,0.438,0.881,35.3,0.6912181303116148,18.9,9.7,2.0,0.8,0.4,2.6,0.44,0.0,0.817,35.3,0.8271954674220963,15.8,3.6,5.5,1.2,0.0,1.8,0.404,0.401,0.935,33.2,0.7319277108433735,11.2,3.0,4.1,0.8,0.0,1.7,0.382,0.378,0.775,30.3,0.5742574257425742,5.0,5.4,0.6,0.3,2.6,0.9,0.434,0.0,0.654,28.8,0.4513888888888889,9.6,2.9,3.0,0.8,0.1,1.6,0.388,0.371,0.805,27.3,0.5421245421245422,10.5,3.9,1.8,1.6,0.3,1.9,0.528,0.071,0.574,27.1,0.5977859778597787,12.5,4.8,2.0,1.2,1.4,2.3,0.48,0.357,0.578,27.0,0.7259259259259259
2004-05,SAC,1610612758,1,First Round Exit,0.623,102.7,42.0,25.0,8.1,3.8,13.2,0.46,0.369,0.788,2.5,33.0,20.0,106.7,103.9,2.7,95.2,0.5232666666666667,0.625,19.0,4.4,6.2,1.4,0.4,2.2,0.464,0.377,0.752,38.6,0.7564766839378237,19.7,4.2,1.9,1.2,0.2,1.4,0.443,0.383,0.92,38.4,0.671875,15.8,9.1,3.8,1.2,1.2,1.4,0.535,0.294,0.805,37.2,0.7983870967741935,16.7,3.3,2.6,1.0,0.4,1.9,0.428,0.464,0.796,34.7,0.6368876080691642,11.3,6.6,1.6,0.9,0.1,1.8,0.456,0.25,0.798,28.7,0.6515679442508711,10.8,3.7,0.9,0.5,0.3,1.3,0.465,0.0,0.788,22.1,0.67420814479638,11.9,3.3,2.3,0.5,0.1,1.1,0.422,0.326,0.852,21.8,0.7798165137614679,6.5,3.8,1.1,0.6,0.2,0.8,0.53,0.0,0.855,19.4,0.5876288659793815
2004-05,SAS,1610612759,5,Champion,0.774,97.1,42.6,22.3,7.7,6.3,13.6,0.463,0.368,0.726,10.7,41.0,12.0,106.5,94.2,12.3,91.2,0.5232666666666667,0.75,21.1,11.6,2.7,0.7,2.7,2.0,0.496,0.25,0.656,35.0,1.0514285714285718,16.2,3.8,6.2,1.2,0.0,2.7,0.493,0.308,0.658,33.7,0.7329376854599405,8.2,3.3,1.6,0.7,0.5,0.6,0.429,0.386,0.641,31.3,0.4376996805111821,15.9,4.5,4.0,1.7,0.4,2.2,0.48,0.39,0.815,30.2,0.8046357615894039,11.1,8.3,0.5,1.0,1.0,1.5,0.512,0.0,0.708,28.4,0.7183098591549295,5.7,6.9,1.0,0.4,1.5,1.3,0.438,0.0,0.478,25.2,0.5634920634920636,6.8,2.0,2.0,0.5,0.2,0.7,0.427,0.365,0.829,19.6,0.5510204081632653,6.6,2.3,1.2,0.5,0.0,0.7,0.417,0.395,0.849,16.7,0.5928143712574849
2004-05,OKC,1610612760,2,Second Round Exit,0.7,101.6,40.5,18.5,6.9,4.0,13.8,0.452,0.381,0.795,4.3,35.0,15.0,110.2,105.6,4.5,91.8,0.5232666666666667,0.875,23.9,4.2,4.1,1.1,0.0,2.5,0.43,0.367,0.885,39.9,0.7719298245614035,20.3,5.5,1.1,1.1,0.9,1.8,0.46,0.403,0.769,38.6,0.7020725388601037,10.2,2.5,6.0,1.2,0.3,1.6,0.412,0.398,0.904,31.6,0.5886075949367088,12.6,4.7,1.3,0.9,0.5,1.2,0.427,0.41,0.771,30.2,0.6225165562913908,12.4,2.1,4.4,0.7,0.0,0.9,0.452,0.339,0.809,27.8,0.672661870503597,5.0,9.2,0.7,0.7,0.2,1.3,0.506,0.0,0.529,23.4,0.6196581196581196,8.5,6.0,0.2,0.3,0.1,1.6,0.55,0.0,0.872,17.6,0.7670454545454545,4.1,2.6,0.2,0.2,1.3,0.9,0.527,0.0,0.805,15.0,0.5
2004-05,TOR,1610612761,0,Missed Playoffs,0.396,99.3,40.9,20.9,7.3,3.9,13.5,0.439,0.381,0.762,-2.0,21.0,32.0,103.6,105.5,-2.0,95.3,0.47559999999999997,0.625,16.0,8.2,1.8,0.9,1.2,2.2,0.476,0.333,0.713,35.8,0.723463687150838,14.0,3.5,7.1,1.5,0.1,2.3,0.394,0.342,0.75,33.8,0.7071005917159765,16.7,3.3,2.3,0.7,0.1,2.3,0.457,0.383,0.85,30.5,0.6819672131147542,11.9,3.6,1.8,0.8,0.2,0.8,0.416,0.427,0.833,28.1,0.6227758007117438,8.2,3.4,1.8,0.7,0.1,1.2,0.424,0.391,0.697,26.2,0.4961832061068702,10.6,6.1,1.1,0.9,0.6,0.6,0.426,0.405,0.8,24.5,0.7632653061224489,5.4,1.6,3.6,0.6,0.2,1.2,0.463,0.143,0.741,19.1,0.5340314136125653,7.2,3.3,0.5,0.5,0.2,0.5,0.542,0.344,0.83,17.2,0.6511627906976744
2004-05,UTA,1610612762,0,Missed Playoffs,0.327,95.6,40.5,23.2,6.1,4.5,15.9,0.46,0.342,0.758,-3.5,17.0,35.0,102.5,108.0,-5.4,91.8,0.5232666666666667,0.5,17.8,9.0,2.8,0.8,0.5,2.7,0.521,0.0,0.698,34.9,0.8080229226361033,13.1,6.0,1.8,0.9,0.2,1.7,0.475,0.242,0.758,32.9,0.6170212765957447,14.6,6.3,3.2,1.4,3.6,2.2,0.5,0.289,0.758,31.4,0.856687898089172,12.2,3.0,1.4,0.7,0.2,1.2,0.455,0.375,0.745,27.9,0.5842293906810035,12.4,7.3,1.7,0.3,0.8,1.4,0.473,0.267,0.861,26.9,0.7843866171003718,7.9,2.1,5.0,0.8,0.2,1.9,0.389,0.217,0.755,24.3,0.5802469135802469,5.7,1.3,3.7,0.7,0.1,1.6,0.408,0.241,0.689,19.9,0.49748743718592964,9.2,2.1,1.6,0.5,0.1,1.0,0.481,0.429,0.815,19.5,0.641025641025641
2004-05,WAS,1610612764,2,Second Round Exit,0.577,101.5,42.6,19.9,8.8,4.2,13.9,0.434,0.351,0.731,-0.1,30.0,22.0,104.1,104.6,-0.6,96.5,0.47559999999999997,0.875,24.8,4.2,5.3,2.0,0.2,2.9,0.43,0.37,0.809,40.3,0.8337468982630274,20.8,8.1,2.2,0.8,0.3,1.7,0.437,0.338,0.756,39.4,0.7741116751269035,21.2,6.1,5.3,2.8,0.3,2.3,0.435,0.324,0.779,37.4,0.8930481283422458,10.5,4.3,1.7,0.9,0.2,1.1,0.387,0.342,0.839,29.1,0.5670103092783504,9.1,6.7,0.9,0.7,1.7,1.4,0.546,0.0,0.62,26.6,0.6654135338345865,6.4,4.6,1.9,0.9,0.5,1.6,0.466,0.343,0.544,24.6,0.516260162601626,5.2,4.0,0.3,0.3,1.1,0.6,0.437,0.0,0.443,18.7,0.5508021390374332,8.8,2.2,2.0,0.7,0.1,1.2,0.433,0.33,0.913,16.9,0.7455621301775148
2005-06,ATL,1610612737,0,Missed Playoffs,0.32,95.8,39.9,18.8,7.3,4.4,16.1,0.451,0.373,0.761,-5.7,16.0,34.0,102.6,107.5,-5.0,93.5,0.4718,0.5,19.6,4.1,6.1,1.3,0.4,3.3,0.458,0.349,0.784,39.8,0.7085427135678393,18.3,6.9,2.9,1.1,0.2,2.6,0.453,0.359,0.734,36.6,0.73224043715847,11.4,8.1,1.7,1.1,0.5,2.5,0.433,0.0,0.726,31.1,0.6527331189710611,9.2,5.1,1.7,1.2,0.5,1.3,0.547,0.5,0.744,28.4,0.5774647887323944,8.8,5.9,1.3,0.6,2.3,1.9,0.424,0.0,0.727,27.5,0.6181818181818183,10.5,1.6,3.1,0.5,0.1,1.5,0.455,0.446,0.829,24.0,0.5958333333333333,6.9,4.5,0.8,0.6,0.3,0.9,0.419,0.316,0.759,22.7,0.5374449339207049,9.6,1.9,1.2,0.4,0.1,1.4,0.423,0.374,0.884,20.0,0.59
2005-06,BOS,1610612738,0,Missed Playoffs,0.385,97.8,39.8,21.1,6.8,5.6,16.7,0.465,0.359,0.749,-2.0,20.0,32.0,102.0,103.8,-1.8,94.7,0.4718,0.75,26.4,7.1,4.5,1.5,0.4,3.2,0.476,0.359,0.777,39.3,0.9338422391857506,19.4,4.7,3.0,0.6,0.3,2.0,0.485,0.39,0.896,39.1,0.6649616368286445,11.2,4.3,4.4,1.2,0.8,1.7,0.493,0.396,0.846,33.6,0.6011904761904762,8.1,4.4,1.0,0.4,0.8,0.8,0.45,0.402,0.692,24.1,0.5767634854771784,5.4,5.1,0.6,0.5,0.8,1.2,0.441,0.0,0.487,21.3,0.5258215962441315,8.3,5.3,0.6,0.6,0.9,1.0,0.519,0.0,0.606,18.7,0.786096256684492,4.5,5.7,0.8,0.3,1.4,1.4,0.528,0.0,0.595,18.2,0.6208791208791209,4.1,2.0,0.9,0.6,0.3,1.0,0.388,0.0,0.677,15.0,0.45999999999999996
2005-06,CHA,1610612766,0,Missed Playoffs,0.259,94.7,40.0,20.1,10.3,4.5,15.1,0.425,0.326,0.724,-4.8,14.0,40.0,97.5,102.9,-5.4,95.8,0.4718,0.75,14.5,7.0,1.8,2.4,2.2,1.8,0.541,0.3,0.619,34.8,0.75,13.2,10.0,1.2,0.8,1.9,2.0,0.415,0.0,0.656,33.6,0.7470238095238094,12.6,3.4,8.4,2.4,0.0,2.3,0.405,0.3,0.792,32.8,0.7469512195121951,12.2,5.6,0.6,0.3,0.4,1.1,0.52,0.0,0.702,27.8,0.6474820143884891,11.0,2.3,1.2,0.8,0.3,1.7,0.367,0.341,0.73,26.4,0.5265151515151516,9.4,3.2,4.5,1.2,0.1,2.1,0.373,0.328,0.687,26.2,0.6221374045801528,10.8,5.7,1.5,0.4,0.9,2.1,0.485,0.0,0.687,25.7,0.6692607003891049,9.0,4.8,0.8,0.9,0.3,0.9,0.415,0.343,0.677,24.8,0.6008064516129032
2005-06,CHI,1610612741,1,First Round Exit,0.442,97.4,42.1,22.7,6.4,4.1,15.4,0.447,0.385,0.735,-0.3,23.0,29.0,100.6,100.6,0.0,95.4,0.4718,0.75,14.6,3.4,6.4,1.2,0.2,2.3,0.405,0.357,0.835,36.1,0.6509695290858725,9.0,3.1,5.5,1.0,0.0,1.5,0.392,0.361,0.813,31.2,0.5480769230769231,13.2,5.8,1.8,0.8,0.6,1.3,0.469,0.346,0.772,31.1,0.6720257234726689,16.4,2.6,2.9,1.0,0.0,2.2,0.421,0.425,0.76,29.9,0.6923076923076923,5.4,8.9,1.1,0.6,1.1,1.7,0.592,0.0,0.475,26.6,0.5789473684210527,11.7,5.1,1.3,0.4,0.7,1.5,0.447,0.433,0.852,26.2,0.6755725190839693,9.4,4.0,1.4,0.6,0.3,1.3,0.494,0.4,0.817,21.4,0.6728971962616823,9.2,5.9,1.0,0.4,0.9,1.5,0.456,0.0,0.625,20.4,0.7794117647058824
2005-06,CLE,1610612739,2,Second Round Exit,0.596,98.3,42.5,19.1,6.9,5.1,13.8,0.449,0.336,0.743,3.1,31.0,21.0,105.7,101.8,3.9,92.5,0.4718,0.5,31.2,7.0,6.6,1.7,0.9,3.2,0.484,0.345,0.738,42.2,1.04739336492891,16.2,4.2,3.9,1.5,0.5,2.6,0.412,0.385,0.769,37.5,0.6319999999999999,16.0,7.4,1.2,0.6,1.7,2.2,0.503,0.0,0.846,29.8,0.8288590604026845,5.0,2.7,4.2,0.8,0.3,1.3,0.431,0.143,0.65,28.9,0.4048442906574395,10.9,8.8,0.8,0.7,0.8,1.2,0.516,0.333,0.709,28.0,0.742857142857143,9.9,6.6,0.8,0.7,0.6,1.2,0.379,0.314,0.759,27.2,0.6397058823529412,7.5,1.6,1.9,0.5,0.0,0.7,0.383,0.363,0.65,26.7,0.40449438202247195,10.0,1.8,2.5,0.6,0.1,1.7,0.4,0.227,0.713,22.6,0.588495575221239
2005-06,DAL,1610612742,4,Finals Loss,0.788,100.2,42.6,18.2,7.6,6.0,13.7,0.464,0.392,0.767,7.3,41.0,11.0,109.0,100.8,8.2,90.7,0.5290666666666667,0.75,25.3,8.4,2.6,0.6,1.0,1.9,0.474,0.417,0.889,37.5,0.9600000000000002,16.1,6.7,2.0,1.2,0.5,1.4,0.468,0.417,0.733,34.1,0.7360703812316716,16.4,1.8,3.9,1.3,0.3,1.8,0.454,0.425,0.754,34.0,0.6441176470588235,10.6,3.8,2.8,1.1,0.3,1.8,0.483,0.222,0.77,30.0,0.56,3.7,1.9,2.0,1.3,0.1,0.9,0.346,0.0,0.667,26.5,0.30566037735849055,4.2,4.4,1.7,1.0,0.2,0.6,0.492,0.0,0.774,24.6,0.4430894308943089,12.8,2.5,2.7,0.8,0.2,2.0,0.426,0.343,0.885,24.2,0.7024793388429752,5.8,7.9,0.7,0.3,1.2,1.5,0.509,0.0,0.558,23.8,0.6050420168067226
2005-06,DEN,1610612743,1,First Round Exit,0.519,100.6,40.9,23.3,8.7,5.8,14.6,0.455,0.314,0.757,0.3,28.0,26.0,102.5,101.9,0.6,96.8,0.5290666666666667,0.875,26.0,5.3,2.7,1.3,0.6,2.9,0.462,0.223,0.791,36.8,0.8967391304347827,14.5,4.6,8.2,1.2,0.3,3.0,0.47,0.111,0.733,36.6,0.7049180327868853,14.8,12.0,1.5,1.5,3.0,1.9,0.484,0.143,0.744,32.8,0.9420731707317074,13.8,6.7,1.4,0.8,1.1,1.4,0.495,0.111,0.729,28.9,0.7750865051903115,13.0,1.4,3.8,0.8,0.1,1.4,0.413,0.343,0.873,26.3,0.6730038022813689,5.9,5.7,0.9,0.9,0.6,0.9,0.407,0.333,0.791,25.3,0.5177865612648221,11.2,3.3,1.3,1.0,0.3,1.8,0.496,0.0,0.616,23.3,0.6566523605150215,5.7,2.9,1.6,1.3,0.3,0.5,0.435,0.317,0.75,23.1,0.48917748917748916
2005-06,DET,1610612765,3,Conference Finals,0.824,98.1,40.9,24.2,6.3,5.8,11.3,0.458,0.394,0.747,8.4,42.0,9.0,109.5,99.7,9.8,88.6,0.4718,0.75,21.6,3.4,3.4,0.7,0.1,2.2,0.504,0.456,0.867,36.9,0.7317073170731707,18.9,3.2,8.5,0.6,0.1,2.3,0.423,0.431,0.91,36.5,0.7945205479452054,14.3,4.4,2.2,0.6,0.4,1.2,0.447,0.369,0.774,36.1,0.5734072022160666,7.7,12.2,2.1,1.5,2.1,1.0,0.498,0.0,0.453,36.1,0.6814404432132964,15.4,6.6,2.5,1.1,1.7,1.1,0.434,0.378,0.717,35.9,0.7298050139275766,6.9,4.8,0.9,0.5,0.5,0.8,0.488,0.0,0.611,19.8,0.6464646464646464,5.5,2.3,0.7,0.5,0.3,0.5,0.472,0.382,0.814,15.3,0.5751633986928105,3.8,2.7,0.1,0.3,0.4,0.7,0.431,0.0,0.743,13.0,0.5076923076923077
2005-06,GSW,1610612744,0,Missed Playoffs,0.462,99.4,41.9,21.1,7.4,4.4,13.7,0.438,0.336,0.72,0.1,24.0,28.0,103.0,103.0,0.0,95.9,0.5290666666666667,0.875,22.8,6.1,2.7,1.3,0.6,2.0,0.452,0.379,0.663,38.6,0.8160621761658031,18.7,4.5,9.2,1.8,0.3,3.0,0.391,0.309,0.679,37.5,0.8399999999999999,15.9,9.5,1.3,0.7,0.3,1.6,0.438,0.34,0.798,35.1,0.7435897435897435,10.8,4.9,2.9,0.8,0.4,1.4,0.405,0.242,0.758,31.5,0.5841269841269842,12.0,2.5,3.3,1.2,0.1,1.4,0.427,0.406,0.843,28.5,0.6210526315789475,11.4,3.5,0.9,0.7,0.3,1.7,0.445,0.345,0.626,24.7,0.6113360323886641,4.2,5.9,0.5,0.6,1.7,1.1,0.506,0.0,0.578,24.0,0.4916666666666667,6.2,3.0,0.5,0.2,0.4,1.0,0.538,0.0,0.838,14.6,0.636986301369863
2005-06,HOU,1610612745,0,Missed Playoffs,0.415,90.2,41.6,18.7,7.2,3.9,14.1,0.428,0.339,0.76,-1.2,22.0,31.0,99.3,100.4,-1.2,90.1,0.5290666666666667,0.5,11.5,4.1,6.5,1.7,0.3,2.0,0.396,0.359,0.703,37.7,0.5862068965517241,25.2,6.8,4.9,1.2,0.8,2.7,0.404,0.296,0.751,37.5,0.9653333333333333,10.9,2.7,3.0,0.9,0.1,1.5,0.42,0.394,0.809,35.2,0.45738636363636365,19.6,9.1,1.3,0.5,1.5,2.5,0.502,0.0,0.825,33.2,0.8885542168674698,10.9,6.5,1.4,0.5,0.1,1.5,0.463,0.0,0.757,31.0,0.5774193548387097,8.2,3.3,2.4,1.0,0.1,1.5,0.379,0.36,0.677,27.3,0.49450549450549447,9.4,4.8,0.4,0.7,0.8,1.6,0.48,0.0,0.675,21.8,0.665137614678899,8.7,2.8,1.2,1.0,0.1,1.0,0.402,0.345,0.744,21.6,0.5925925925925926
2005-06,IND,1610612754,1,First Round Exit,0.531,93.2,41.9,19.2,7.4,4.8,15.7,0.444,0.362,0.726,2.8,26.0,23.0,100.9,98.3,2.6,92.2,0.4718,0.75,16.9,5.6,2.1,0.7,0.1,1.6,0.417,0.401,0.919,36.6,0.6502732240437158,15.9,4.1,2.4,1.2,0.4,2.5,0.424,0.375,0.773,35.9,0.5988857938718662,20.9,9.8,2.3,0.5,2.2,2.7,0.469,0.333,0.714,35.7,0.9243697478991596,10.4,3.8,4.9,1.3,0.2,2.9,0.435,0.297,0.558,28.4,0.6232394366197185,10.0,2.4,2.3,0.7,0.3,1.5,0.428,0.338,0.778,27.2,0.5220588235294118,8.7,5.9,1.2,0.5,0.2,1.0,0.449,0.386,0.894,25.4,0.6102362204724409,7.7,2.3,4.0,0.6,0.3,1.5,0.42,0.338,0.741,24.3,0.551440329218107,8.5,2.4,3.2,0.7,0.1,1.7,0.417,0.386,0.883,23.3,0.5665236051502146
2005-06,LAC,1610612746,3,Conference Finals,0.588,97.1,43.6,21.0,6.2,6.3,14.5,0.464,0.333,0.798,1.6,30.0,21.0,102.3,100.3,2.0,94.1,0.5290666666666667,0.625,16.4,4.7,3.5,1.1,0.5,2.1,0.429,0.343,0.842,40.5,0.5950617283950617,25.4,10.3,2.7,1.0,2.6,2.1,0.525,0.0,0.783,39.7,1.005037783375315,17.9,3.9,6.5,0.8,0.2,2.4,0.445,0.427,0.864,34.9,0.7707736389684814,21.7,5.5,2.5,0.8,0.3,3.1,0.459,0.382,0.871,34.1,0.8123167155425219,11.3,9.3,1.0,0.5,1.6,2.2,0.521,0.0,0.753,32.8,0.6554878048780489,5.2,3.0,4.4,1.0,0.6,1.9,0.372,0.2,0.75,25.7,0.47859922178988323,5.4,2.9,1.5,0.7,0.3,0.8,0.425,0.0,0.674,25.6,0.390625,9.4,4.1,1.6,0.7,0.3,1.1,0.403,0.363,0.875,23.3,0.6437768240343347
2005-06,LAL,1610612747,1,First Round Exit,0.5,98.3,42.2,20.3,7.3,4.6,14.2,0.442,0.338,0.739,1.1,26.0,26.0,104.1,103.0,1.1,93.3,0.5290666666666667,0.625,35.0,5.4,4.4,1.7,0.4,3.1,0.443,0.337,0.838,40.7,1.076167076167076,13.9,9.2,5.3,0.9,0.9,2.7,0.449,0.333,0.69,39.2,0.7015306122448979,11.5,3.1,3.2,1.7,0.2,1.7,0.443,0.385,0.643,33.9,0.5309734513274337,10.6,6.8,1.0,0.2,1.2,1.5,0.514,0.0,0.717,27.1,0.6752767527675275,6.1,6.0,0.9,0.4,0.7,1.5,0.474,0.0,0.535,25.9,0.4864864864864865,7.0,4.0,1.1,0.8,0.5,0.7,0.403,0.308,0.652,23.1,0.5497835497835498,4.0,2.1,1.8,0.7,0.1,0.6,0.341,0.328,0.906,18.9,0.4285714285714286,8.0,3.2,0.9,0.4,0.4,0.7,0.517,0.5,0.819,18.7,0.6524064171122995
2005-06,MEM,1610612763,1,First Round Exit,0.558,89.9,39.2,19.0,7.3,5.3,13.5,0.435,0.361,0.699,2.2,29.0,23.0,100.8,99.0,1.8,88.0,0.5290666666666667,0.5,19.8,9.3,4.3,0.5,2.0,2.8,0.484,0.222,0.697,39.5,0.8379746835443038,11.0,5.1,1.8,1.2,1.4,1.1,0.493,0.398,0.693,35.5,0.5464788732394366,12.8,3.9,1.9,1.7,0.3,1.2,0.417,0.372,0.761,33.0,0.5878787878787879,11.7,3.5,4.7,0.7,0.0,2.0,0.397,0.346,0.855,31.9,0.5830721003134796,13.4,5.7,2.5,0.8,0.4,1.8,0.464,0.397,0.784,31.2,0.6730769230769231,11.6,3.4,3.1,0.9,0.0,1.5,0.364,0.356,0.724,26.4,0.662878787878788,5.1,5.3,0.7,0.6,0.6,0.9,0.415,0.0,0.5,23.7,0.481012658227848,7.7,1.7,2.6,0.6,0.0,1.1,0.375,0.331,0.768,21.7,0.5299539170506913
2005-06,MIA,1610612748,5,Champion,0.623,100.1,43.1,20.7,6.1,5.9,14.3,0.475,0.359,0.701,3.8,33.0,20.0,106.5,101.6,4.8,94.0,0.4718,0.375,27.4,5.9,6.8,1.9,0.9,3.2,0.492,0.118,0.785,39.0,1.0179487179487177,12.8,2.4,5.0,0.9,0.1,1.8,0.445,0.38,0.839,32.4,0.5987654320987655,7.7,5.0,1.4,0.7,0.3,1.0,0.404,0.425,0.783,31.3,0.45047923322683703,9.1,7.6,1.2,0.6,0.2,1.0,0.487,0.0,0.824,31.2,0.5673076923076923,9.0,2.9,3.5,0.8,0.1,1.4,0.465,0.331,0.783,29.4,0.5068027210884354,19.4,9.3,1.5,0.4,1.6,2.6,0.569,0.0,0.489,29.4,1.0068027210884352,10.8,4.2,2.7,0.8,0.2,1.9,0.393,0.284,0.836,29.1,0.5773195876288659,12.1,5.3,2.2,0.5,0.3,1.8,0.431,0.362,0.612,26.6,0.6992481203007518
2005-06,MIL,1610612749,1,First Round Exit,0.519,95.6,42.1,20.8,7.2,3.7,15.3,0.444,0.369,0.735,-1.7,27.0,25.0,101.0,103.6,-2.6,93.2,0.4718,0.375,24.9,4.4,3.0,1.1,0.0,2.3,0.441,0.399,0.86,38.9,0.7994858611825193,12.1,4.5,6.4,1.3,0.1,3.2,0.397,0.352,0.724,36.9,0.5745257452574527,13.1,4.7,2.2,1.1,0.2,1.6,0.448,0.412,0.832,34.0,0.5794117647058823,10.2,10.1,0.6,0.3,1.0,2.3,0.467,0.0,0.542,31.8,0.6257861635220126,14.7,2.7,4.2,1.1,0.2,2.1,0.449,0.407,0.85,29.7,0.7003367003367003,9.0,7.6,2.1,0.7,1.2,1.6,0.523,0.0,0.637,29.1,0.6529209621993127,8.8,6.4,0.9,0.5,0.5,1.5,0.466,0.0,0.75,21.5,0.7255813953488373,5.0,2.1,1.2,0.7,0.0,0.8,0.399,0.318,0.747,16.9,0.48520710059171585
2005-06,MIN,1610612750,0,Missed Playoffs,0.442,91.2,39.5,20.6,6.5,6.2,14.1,0.458,0.333,0.749,-0.8,23.0,29.0,100.4,101.1,-0.8,90.4,0.5290666666666667,0.5,19.6,4.4,4.9,1.2,0.2,2.7,0.453,0.294,0.785,41.0,0.673170731707317,21.7,12.0,4.4,1.2,1.3,2.2,0.529,0.318,0.796,39.2,0.9795918367346937,9.6,2.8,2.5,0.6,0.4,1.7,0.482,0.364,0.744,33.8,0.4201183431952663,9.3,3.2,4.8,1.5,0.3,2.0,0.415,0.319,0.722,31.4,0.5445859872611466,11.4,4.3,1.4,0.5,1.0,2.7,0.519,0.0,0.767,26.7,0.5955056179775281,9.5,1.2,2.9,0.3,0.1,1.1,0.381,0.396,0.923,22.2,0.5810810810810811,5.2,6.1,0.6,0.2,2.3,0.6,0.364,0.174,0.55,20.2,0.6831683168316831,7.6,1.4,2.3,0.6,0.1,1.6,0.465,0.333,0.846,19.0,0.5473684210526316
2005-06,BKN,1610612751,2,Second Round Exit,0.549,94.0,40.4,22.9,7.1,3.2,14.0,0.445,0.34,0.746,0.4,28.0,23.0,101.6,100.9,0.6,92.3,0.4718,0.75,19.0,7.1,4.1,0.8,0.3,2.5,0.491,0.309,0.786,39.4,0.7309644670050762,14.4,7.1,7.7,1.9,0.4,2.4,0.42,0.367,0.777,37.3,0.7801608579088471,23.7,5.9,4.6,1.2,0.6,2.8,0.441,0.34,0.823,36.8,0.9021739130434786,12.7,5.6,0.9,0.4,0.8,1.6,0.495,0.0,0.659,29.9,0.6287625418060199,3.5,4.5,1.0,0.7,0.5,1.0,0.411,0.0,0.434,25.9,0.3552123552123552,6.9,3.3,1.2,0.5,0.4,0.7,0.448,0.35,0.68,23.6,0.4915254237288135,5.3,1.8,1.9,0.4,0.1,1.0,0.441,0.188,0.69,17.4,0.4885057471264368,4.8,2.0,0.9,0.6,0.2,0.9,0.345,0.286,0.7,15.9,0.47798742138364775
2005-06,NOP,1610612740,0,Missed Playoffs,0.558,93.0,40.3,18.5,7.4,3.9,13.6,0.443,0.353,0.752,-0.2,29.0,23.0,100.7,101.7,-1.0,91.6,0.5290666666666667,0.5,15.9,5.6,7.7,2.2,0.1,2.4,0.432,0.288,0.826,35.4,0.8220338983050848,16.8,7.8,1.3,0.9,0.9,1.5,0.509,0.3,0.842,34.9,0.7507163323782235,9.7,7.6,1.2,0.6,0.7,1.2,0.471,0.0,0.839,34.0,0.5470588235294117,10.9,4.2,0.9,0.6,0.3,1.7,0.392,0.2,0.687,30.5,0.498360655737705,12.7,3.0,4.7,1.6,0.1,2.2,0.424,0.262,0.777,28.6,0.6958041958041958,8.2,2.6,1.6,0.4,0.3,1.0,0.465,0.392,0.781,20.1,0.6019900497512437,7.6,2.4,0.4,0.3,0.6,0.8,0.409,0.414,0.709,19.7,0.5329949238578681,8.6,2.2,1.3,0.6,0.1,1.1,0.401,0.395,0.819,19.6,0.5969387755102041
2005-06,NYK,1610612752,0,Missed Playoffs,0.288,95.5,42.5,17.6,6.7,3.5,17.3,0.445,0.345,0.729,-5.8,15.0,37.0,100.4,107.1,-6.8,93.3,0.4718,0.25,18.1,3.3,6.9,1.2,0.1,2.9,0.448,0.26,0.778,39.1,0.6828644501278773,16.3,4.8,5.7,1.1,0.2,3.4,0.432,0.257,0.794,38.0,0.65,14.0,3.3,4.0,1.0,0.2,2.4,0.404,0.352,0.826,33.3,0.6036036036036037,12.8,2.8,2.6,0.4,0.2,1.6,0.409,0.295,0.787,27.9,0.6164874551971327,14.2,6.3,0.2,0.5,0.9,2.7,0.533,0.0,0.637,27.1,0.7158671586715867,7.9,3.9,1.6,0.7,0.1,0.9,0.357,0.329,0.738,25.6,0.5195312499999999,13.3,5.9,0.9,0.5,0.7,1.6,0.482,0.25,0.832,25.3,0.7786561264822134,6.9,4.0,0.9,0.6,0.2,1.0,0.493,0.394,0.609,20.5,0.5658536585365853
2005-06,ORL,1610612753,0,Missed Playoffs,0.373,92.9,40.9,17.7,6.2,4.1,15.6,0.456,0.367,0.733,-3.1,19.0,32.0,101.4,105.0,-3.6,90.4,0.4718,0.75,15.4,12.6,1.4,0.8,1.5,2.5,0.512,0.0,0.623,37.4,0.7807486631016043,11.9,3.2,2.0,0.7,0.2,1.7,0.467,0.125,0.74,34.2,0.4766081871345029,14.2,4.3,2.5,0.8,0.3,1.8,0.43,0.368,0.864,33.4,0.6077844311377246,15.6,4.0,2.4,1.2,0.2,1.8,0.488,0.2,0.746,30.7,0.7035830618892508,13.8,3.0,4.4,1.2,0.2,2.5,0.47,0.439,0.762,28.2,0.7127659574468086,8.0,6.0,0.6,0.6,0.9,1.0,0.506,0.0,0.633,26.8,0.5634328358208954,9.0,2.0,2.0,0.9,0.0,2.0,0.394,0.2,0.804,21.2,0.5613207547169812,4.6,3.8,1.3,1.2,0.3,1.3,0.418,0.333,0.545,19.7,0.5025380710659898
2005-06,PHI,1610612755,0,Missed Playoffs,0.481,99.7,41.6,19.7,7.6,5.5,13.8,0.454,0.378,0.758,-1.8,25.0,27.0,103.4,104.0,-0.6,95.3,0.4718,0.875,33.2,3.4,7.3,2.0,0.2,3.2,0.447,0.326,0.799,43.3,0.9907621247113164,19.5,9.8,3.1,1.4,0.8,2.4,0.423,0.289,0.779,38.6,0.8341968911917097,11.9,5.9,2.7,1.5,0.3,1.7,0.51,0.395,0.738,38.0,0.5421052631578948,11.0,3.5,2.3,0.7,0.3,1.4,0.416,0.422,0.803,31.8,0.5157232704402517,9.1,9.9,0.5,0.5,3.4,2.1,0.552,0.0,0.714,31.2,0.6826923076923076,8.0,2.7,2.5,0.8,0.2,1.4,0.449,0.354,0.75,25.0,0.512,4.6,3.3,0.3,0.1,0.9,0.7,0.503,0.0,0.62,17.3,0.4913294797687861,2.1,1.3,1.0,0.3,0.0,0.4,0.364,0.333,0.8,12.2,0.3524590163934426
2005-06,PHX,1610612756,2,Second Round Exit,0.673,107.0,42.7,27.0,6.6,5.6,13.8,0.474,0.389,0.806,6.7,35.0,17.0,107.5,99.3,8.2,98.1,0.5290666666666667,0.375,21.1,11.9,1.8,2.0,1.9,1.5,0.509,0.309,0.784,41.2,0.9029126213592231,14.6,3.4,2.5,1.0,0.3,1.2,0.446,0.435,0.798,38.0,0.5421052631578948,19.4,4.5,11.0,0.9,0.1,3.8,0.495,0.426,0.923,36.8,0.8722826086956523,12.1,6.6,5.8,0.8,1.1,2.3,0.497,0.273,0.71,33.9,0.7109144542772862,8.6,7.7,1.1,0.4,1.0,1.1,0.487,0.0,0.815,26.6,0.6654135338345865,12.7,2.4,2.5,0.5,0.1,1.3,0.496,0.468,0.718,25.8,0.6550387596899225,10.4,3.3,0.8,0.5,0.7,0.5,0.427,0.385,0.852,25.0,0.608,10.5,1.7,2.0,0.5,0.2,1.0,0.443,0.404,0.806,17.8,0.7808988764044943
2005-06,POR,1610612757,0,Missed Playoffs,0.353,88.7,38.7,18.0,6.2,5.6,14.7,0.443,0.331,0.691,-7.7,18.0,33.0,97.9,107.8,-9.9,89.7,0.5290666666666667,0.75,17.5,5.8,2.5,1.2,1.4,3.6,0.47,0.0,0.557,36.8,0.6739130434782609,18.2,8.6,2.0,0.7,0.2,2.2,0.438,0.158,0.726,35.1,0.7834757834757834,13.1,2.3,2.2,0.9,0.1,1.5,0.443,0.393,0.818,26.5,0.6452830188679245,9.0,1.9,3.8,0.8,0.1,1.8,0.366,0.379,0.771,25.3,0.5454545454545454,7.8,2.2,4.2,0.5,0.1,1.1,0.435,0.384,0.836,24.9,0.5502008032128514,6.4,6.8,0.8,0.3,2.4,1.4,0.567,0.0,0.553,24.6,0.621951219512195,4.6,5.4,0.5,0.3,1.6,0.8,0.574,0.0,0.661,23.5,0.49361702127659574,5.5,4.1,1.4,0.9,0.3,1.2,0.46,0.263,0.726,21.1,0.5213270142180095
2005-06,SAC,1610612758,1,First Round Exit,0.453,98.7,40.8,21.9,7.1,3.5,15.2,0.45,0.344,0.8,0.0,24.0,29.0,102.5,102.7,-0.2,95.1,0.5290666666666667,0.5,18.9,5.4,2.8,2.7,0.6,2.4,0.425,0.295,0.655,38.2,0.7329842931937173,20.5,3.1,5.4,0.9,0.2,2.5,0.431,0.368,0.845,38.1,0.7244094488188976,15.0,7.9,5.0,0.9,0.6,2.4,0.488,0.333,0.855,37.2,0.7258064516129031,14.6,7.9,3.1,1.8,0.5,2.7,0.457,0.208,0.643,34.3,0.7346938775510206,13.7,5.5,2.6,0.7,0.7,1.8,0.523,0.294,0.802,30.4,0.7039473684210527,9.2,6.8,1.8,0.7,0.4,1.7,0.481,0.0,0.699,26.2,0.6564885496183206,10.6,3.7,1.3,0.8,0.1,1.2,0.489,0.394,0.883,26.1,0.5862068965517243,6.2,3.0,1.7,0.7,0.8,1.2,0.388,0.252,0.8,21.6,0.5185185185185185
2005-06,SAS,1610612759,2,Second Round Exit,0.769,94.6,41.9,19.7,6.1,5.6,13.8,0.472,0.362,0.699,6.2,40.0,12.0,103.6,95.8,7.7,90.8,0.5290666666666667,0.75,19.5,11.5,3.0,0.8,2.0,2.5,0.486,0.25,0.656,35.7,0.96078431372549,19.4,3.7,5.8,1.1,0.0,3.1,0.544,0.231,0.686,35.2,0.7642045454545453,7.6,3.8,1.5,0.8,0.3,0.8,0.442,0.462,0.588,34.2,0.3859649122807017,15.8,3.7,3.4,1.6,0.4,2.0,0.474,0.369,0.775,28.1,0.8149466192170818,9.4,3.4,1.3,0.5,0.1,0.8,0.385,0.344,0.855,26.9,0.516728624535316,5.3,4.3,0.4,0.3,1.3,0.8,0.53,0.0,0.591,21.5,0.5023255813953489,5.0,3.8,1.1,0.6,0.7,0.6,0.378,0.363,0.652,18.9,0.5608465608465608,5.4,1.4,1.8,0.2,0.0,0.8,0.4,0.333,0.649,15.6,0.5128205128205129
2005-06,OKC,1610612760,0,Missed Playoffs,0.377,101.8,39.4,19.7,7.6,3.6,14.5,0.449,0.357,0.781,-4.9,20.0,33.0,106.8,112.9,-6.0,93.9,0.5290666666666667,0.75,24.8,4.2,3.3,1.5,0.2,2.3,0.443,0.394,0.907,39.2,0.808673469387755,21.3,5.4,2.4,1.3,0.7,1.8,0.472,0.391,0.823,37.3,0.7855227882037534,11.6,3.0,6.7,1.7,0.3,2.1,0.415,0.268,0.867,34.3,0.6180758017492711,6.9,5.5,1.1,0.3,0.5,1.0,0.515,0.0,0.733,22.0,0.6045454545454546,6.7,5.8,0.2,0.3,1.4,1.0,0.526,0.0,0.543,21.6,0.6203703703703703,7.7,1.9,3.5,0.8,0.2,1.6,0.434,0.4,0.627,21.5,0.5813953488372093,6.6,2.6,1.3,0.9,0.2,1.1,0.45,0.237,0.857,18.4,0.5706521739130436,3.8,3.5,0.2,0.2,0.6,0.8,0.478,0.0,0.571,15.8,0.4746835443037975
2005-06,TOR,1610612761,0,Missed Playoffs,0.377,100.4,37.6,19.6,6.4,3.2,13.5,0.46,0.367,0.784,-2.2,20.0,33.0,106.1,108.8,-2.7,93.5,0.4718,0.375,22.5,9.2,2.5,0.6,1.1,2.2,0.511,0.0,0.817,38.8,0.868556701030928,14.6,4.8,2.1,1.2,0.1,1.4,0.435,0.401,0.807,35.7,0.5994397759103641,17.9,3.2,5.4,0.8,0.0,2.2,0.47,0.438,0.822,34.9,0.7191977077363898,12.4,5.3,0.8,0.7,0.8,1.2,0.482,0.336,0.667,25.7,0.7315175097276265,5.9,2.4,4.8,0.8,0.0,1.8,0.449,0.184,0.848,24.7,0.48987854251012153,5.2,4.8,0.4,0.5,0.2,1.2,0.44,0.0,0.649,21.8,0.4541284403669725,6.6,3.1,0.8,0.7,0.4,0.4,0.44,0.392,0.804,19.8,0.5656565656565656,6.2,2.9,0.7,0.3,0.1,1.2,0.498,0.364,0.793,18.5,0.4864864864864865
2005-06,UTA,1610612762,0,Missed Playoffs,0.481,90.0,42.8,20.8,6.5,6.1,16.4,0.428,0.307,0.737,-2.8,25.0,27.0,98.5,102.4,-4.0,90.0,0.5290666666666667,0.75,15.7,8.4,4.1,1.6,2.8,3.0,0.437,0.287,0.698,38.2,0.7748691099476439,17.8,9.4,2.5,0.6,1.0,2.0,0.458,0.367,0.798,35.5,0.8253521126760565,9.3,2.5,3.9,0.8,0.2,1.9,0.384,0.331,0.723,26.4,0.5606060606060606,10.6,1.9,1.7,0.4,0.1,1.7,0.433,0.305,0.754,25.8,0.5038759689922481,11.8,5.2,0.9,0.8,0.2,1.5,0.476,0.364,0.753,24.8,0.7016129032258064,5.8,4.7,1.4,0.5,0.4,0.8,0.467,0.0,0.76,24.0,0.5,6.9,1.7,2.3,0.7,0.2,1.1,0.377,0.259,0.826,21.0,0.5095238095238094,7.8,2.7,1.1,0.5,0.1,1.5,0.389,0.299,0.794,20.8,0.5144230769230769
2005-06,WAS,1610612764,1,First Round Exit,0.51,100.1,42.1,18.5,7.6,4.2,13.7,0.439,0.343,0.755,1.2,26.0,25.0,104.5,104.1,0.4,94.5,0.4718,0.75,28.3,3.7,5.9,1.8,0.4,3.8,0.431,0.343,0.826,42.0,0.8642857142857142,19.6,9.8,2.0,1.1,0.2,1.8,0.44,0.425,0.711,39.2,0.7882653061224489,16.7,5.8,2.4,1.6,0.2,2.1,0.441,0.255,0.872,34.6,0.7109826589595375,8.4,6.5,0.6,0.4,1.5,1.4,0.539,0.0,0.599,25.8,0.6201550387596898,7.2,1.9,2.9,0.6,0.1,0.9,0.359,0.159,0.821,25.1,0.4701195219123505,9.3,3.6,1.3,0.8,0.0,1.0,0.421,0.362,0.833,24.6,0.5691056910569106,5.7,4.6,1.9,0.7,0.6,1.0,0.437,0.25,0.632,24.2,0.5165289256198348,4.4,3.5,0.2,0.2,0.7,0.6,0.51,0.0,0.63,14.3,0.5874125874125873
2006-07,ATL,1610612737,0,Missed Playoffs,0.404,92.5,39.5,18.5,7.8,5.1,16.0,0.437,0.328,0.757,-4.3,21.0,31.0,99.1,104.0,-4.9,92.3,0.4682,0.75,25.2,4.2,4.3,1.0,0.2,3.1,0.473,0.386,0.751,40.9,0.7775061124694376,12.8,6.3,2.2,1.1,0.7,1.3,0.524,0.426,0.79,36.0,0.6055555555555556,14.8,8.1,3.0,1.5,2.7,2.9,0.443,0.231,0.698,35.4,0.768361581920904,11.9,4.6,1.9,0.8,0.5,2.0,0.409,0.242,0.826,33.1,0.5347432024169184,11.4,6.7,1.5,1.0,0.5,2.2,0.449,0.0,0.794,28.0,0.675,12.2,1.9,3.3,0.6,0.0,1.5,0.431,0.357,0.865,27.2,0.6066176470588236,6.1,2.0,4.7,1.9,0.1,2.0,0.336,0.185,0.55,26.4,0.4848484848484849,5.3,5.5,0.5,0.6,0.5,1.3,0.442,0.5,0.825,19.9,0.5577889447236181
2006-07,BOS,1610612738,0,Missed Playoffs,0.255,96.6,40.1,20.0,7.0,4.9,16.4,0.447,0.382,0.769,-3.3,13.0,38.0,100.8,104.9,-4.2,95.1,0.4682,0.75,26.2,6.8,4.1,1.0,0.4,3.6,0.462,0.427,0.803,37.4,0.9331550802139037,13.9,10.6,1.0,0.5,1.5,1.9,0.484,0.0,0.684,32.1,0.7975077881619937,12.3,5.8,1.8,0.6,0.2,1.3,0.487,0.4,0.822,31.9,0.6081504702194358,10.8,2.9,4.3,1.0,0.5,2.0,0.415,0.364,0.841,28.9,0.6055363321799309,15.5,3.2,1.7,0.6,0.1,1.7,0.416,0.415,0.897,28.8,0.6736111111111112,11.5,3.8,1.7,1.5,0.4,2.3,0.514,0.242,0.784,24.4,0.680327868852459,7.4,1.5,3.2,0.6,0.2,1.3,0.398,0.282,0.851,22.3,0.5201793721973094,2.5,3.5,0.0,0.5,1.5,0.5,0.333,0.0,0.75,21.8,0.3440366972477064
2006-07,CHA,1610612766,0,Missed Playoffs,0.365,94.8,41.6,21.5,7.5,5.3,15.7,0.437,0.335,0.73,-5.0,19.0,33.0,98.5,103.6,-5.1,94.6,0.4682,0.75,14.3,3.6,7.5,1.6,0.1,3.1,0.389,0.354,0.777,37.7,0.6366047745358091,15.0,11.4,1.1,0.8,2.8,1.8,0.54,0.0,0.591,35.8,0.8184357541899442,16.0,6.5,2.1,1.9,0.9,2.3,0.484,0.274,0.673,35.2,0.7130681818181817,10.8,3.4,7.1,1.5,0.0,2.8,0.43,0.1,0.857,32.0,0.625,12.7,3.2,2.2,0.4,0.1,1.8,0.377,0.308,0.707,31.8,0.5283018867924527,11.3,2.6,1.3,0.8,0.1,1.0,0.433,0.407,0.911,24.0,0.6291666666666668,11.5,6.7,1.9,0.5,0.7,1.7,0.491,0.0,0.779,23.6,0.8305084745762711,6.6,2.3,2.2,0.8,0.2,1.2,0.361,0.299,0.9,22.6,0.48230088495575213
2006-07,CHI,1610612741,2,Second Round Exit,0.537,99.1,43.7,21.9,7.8,5.5,16.2,0.457,0.374,0.731,3.7,29.0,25.0,102.1,97.8,4.3,96.9,0.4682,0.625,18.6,7.1,2.2,1.2,0.6,1.9,0.523,0.333,0.754,37.1,0.7493261455525607,16.2,3.4,6.3,1.3,0.3,2.3,0.453,0.393,0.813,36.0,0.7,6.2,10.3,2.1,1.4,2.1,1.3,0.437,0.333,0.41,33.9,0.6135693215339233,21.2,3.1,3.6,0.8,0.2,3.2,0.451,0.388,0.871,31.8,0.8081761006289309,15.0,6.0,1.1,0.6,0.5,2.0,0.469,0.379,0.849,27.9,0.7598566308243729,7.4,2.3,4.2,0.9,0.1,1.3,0.418,0.363,0.743,25.3,0.5375494071146244,5.7,4.7,0.5,0.3,0.7,1.2,0.389,0.0,0.812,19.2,0.5572916666666667,3.4,2.0,0.9,0.5,0.1,0.9,0.434,0.316,0.531,11.8,0.5084745762711864
2006-07,CLE,1610612739,4,Finals Loss,0.585,96.4,43.5,20.0,7.1,4.4,14.4,0.441,0.358,0.689,2.5,31.0,22.0,102.7,100.4,2.3,92.9,0.4682,1.0,26.4,6.9,5.9,1.6,0.7,3.3,0.472,0.328,0.686,40.9,0.9339853300733497,14.7,3.4,3.0,1.3,0.3,2.1,0.407,0.379,0.682,35.8,0.5754189944134078,11.8,8.5,0.8,0.8,0.4,1.5,0.479,0.2,0.74,27.9,0.7455197132616488,11.7,8.2,1.4,0.6,1.3,1.9,0.467,0.0,0.766,27.5,0.7745454545454545,4.7,2.5,4.4,0.6,0.3,1.5,0.406,0.0,0.588,25.8,0.42635658914728686,6.9,6.5,0.8,0.8,0.6,0.8,0.455,0.0,0.619,23.1,0.6406926406926406,7.2,1.2,1.6,0.3,0.0,0.7,0.392,0.39,0.682,21.4,0.4485981308411216,7.6,4.4,0.6,0.5,0.6,1.0,0.426,0.354,0.676,18.0,0.7055555555555555
2006-07,DAL,1610612742,1,First Round Exit,0.83,99.9,42.3,19.8,6.9,5.2,13.5,0.461,0.377,0.811,7.4,44.0,9.0,108.6,100.7,7.9,91.8,0.5322666666666666,0.75,25.3,9.4,3.3,0.8,0.8,2.0,0.501,0.425,0.9,36.7,1.0245231607629426,19.3,7.3,1.9,1.2,0.9,1.8,0.458,0.361,0.824,35.5,0.8112676056338027,15.7,2.8,5.4,1.0,0.2,1.8,0.449,0.422,0.806,35.1,0.6638176638176637,7.6,7.8,0.5,0.3,1.2,1.4,0.649,0.0,0.627,25.8,0.6201550387596898,9.8,2.3,3.7,1.1,0.3,1.9,0.483,0.226,0.837,25.6,0.5976562500000001,11.1,2.3,2.2,0.9,0.2,1.5,0.421,0.355,0.822,23.3,0.652360515021459,6.5,3.4,0.5,0.7,0.4,0.8,0.391,0.363,0.703,21.3,0.5023474178403755,4.4,2.1,1.0,0.6,0.1,0.5,0.422,0.345,0.815,17.4,0.4425287356321839
2006-07,DEN,1610612743,1,First Round Exit,0.51,105.6,44.0,23.6,8.3,4.9,16.5,0.458,0.324,0.743,1.7,26.0,25.0,104.4,102.6,1.9,100.6,0.5322666666666666,0.625,28.7,2.8,7.6,2.1,0.2,4.3,0.435,0.308,0.848,43.1,0.8607888631090489,30.7,6.0,4.4,1.1,0.4,3.8,0.475,0.225,0.81,38.6,1.005181347150259,11.9,11.9,3.1,1.0,3.0,1.7,0.479,0.0,0.688,33.6,0.8690476190476191,9.5,10.0,0.5,0.0,0.0,2.5,0.5,0.0,0.25,31.3,0.5591054313099041,15.7,2.6,1.6,0.8,0.1,1.7,0.442,0.393,0.823,27.6,0.6920289855072466,5.6,1.8,4.4,0.7,0.1,1.3,0.394,0.319,0.651,24.3,0.4650205761316872,6.7,4.3,0.9,0.9,0.4,0.8,0.573,0.091,0.711,23.3,0.5321888412017167,10.8,5.9,1.0,0.8,1.0,1.9,0.519,0.0,0.65,22.2,0.792792792792793
2006-07,DET,1610612765,3,Conference Finals,0.627,96.6,41.6,21.4,6.5,5.9,12.2,0.45,0.355,0.783,3.8,32.0,19.0,106.9,101.6,5.3,89.7,0.4682,0.625,21.7,3.9,3.9,0.8,0.2,2.0,0.468,0.344,0.866,37.6,0.7579787234042552,14.7,5.6,3.0,0.5,0.7,1.3,0.458,0.413,0.776,37.4,0.6203208556149732,17.7,3.5,7.6,1.3,0.3,2.2,0.434,0.365,0.886,37.2,0.7580645161290321,12.6,8.1,1.7,0.9,1.7,1.4,0.423,0.354,0.791,33.6,0.7023809523809523,12.0,7.8,3.3,0.9,0.9,1.8,0.459,0.429,0.634,30.3,0.7623762376237623,6.2,5.7,0.8,0.6,0.6,1.0,0.47,0.0,0.704,20.1,0.6417910447761194,6.3,1.7,2.3,0.6,0.2,1.1,0.377,0.333,0.703,19.9,0.5025125628140704,6.5,5.2,0.2,0.6,1.0,0.9,0.554,0.0,0.595,17.6,0.7159090909090907
2006-07,GSW,1610612744,2,Second Round Exit,0.463,105.9,41.5,23.2,8.8,6.1,16.0,0.46,0.347,0.709,-1.7,25.0,29.0,104.1,105.2,-1.1,101.6,0.5322666666666666,0.625,20.7,4.6,8.7,2.0,0.5,3.0,0.426,0.278,0.726,37.5,0.8933333333333333,16.7,6.6,1.9,0.9,0.3,2.6,0.451,0.448,0.694,34.2,0.6959064327485378,17.1,3.0,4.0,1.4,0.3,3.1,0.476,0.267,0.763,33.7,0.6735905044510385,15.2,2.7,3.1,1.0,0.5,2.3,0.427,0.316,0.821,33.1,0.6102719033232628,13.0,5.0,0.9,0.8,0.8,1.6,0.483,0.359,0.642,30.7,0.6156351791530944,12.7,4.0,2.6,0.7,0.4,1.4,0.374,0.297,0.603,29.8,0.6375838926174496,10.2,9.6,1.2,0.8,1.9,1.5,0.61,0.0,0.507,29.2,0.7602739726027395,5.0,2.0,0.0,2.0,0.0,1.0,0.2,0.0,0.5,27.4,0.29197080291970806
2006-07,HOU,1610612745,1,First Round Exit,0.635,95.9,43.6,20.5,7.3,4.5,14.6,0.444,0.374,0.744,5.6,33.0,19.0,103.1,96.0,7.0,92.4,0.5322666666666666,0.75,10.7,4.2,2.3,1.2,0.8,0.9,0.449,0.42,0.774,37.1,0.49326145552560646,13.5,3.3,5.3,1.7,0.2,2.3,0.37,0.366,0.708,36.7,0.5912806539509536,23.9,5.4,6.1,1.2,0.5,3.0,0.443,0.335,0.685,35.6,0.9578651685393258,25.9,9.4,2.1,0.4,2.2,3.8,0.522,0.0,0.867,34.6,1.046242774566474,11.3,3.6,2.4,1.0,0.1,1.8,0.432,0.443,0.76,28.6,0.5804195804195804,10.0,6.0,1.6,0.4,0.1,1.4,0.473,0.0,0.85,27.1,0.6162361623616237,4.7,6.4,0.6,0.7,0.3,0.9,0.536,0.0,0.564,21.2,0.5566037735849058,7.4,4.1,1.1,0.8,0.5,2.0,0.421,0.0,0.54,21.0,0.5666666666666667
2006-07,IND,1610612754,0,Missed Playoffs,0.538,96.8,42.4,20.9,7.8,6.0,16.5,0.437,0.357,0.747,0.0,28.0,24.0,100.8,101.1,-0.4,95.5,0.4682,0.5,19.8,10.3,2.6,0.7,3.0,2.8,0.446,0.0,0.76,36.2,0.9281767955801107,13.3,4.8,1.1,0.8,0.7,1.4,0.467,0.4,0.768,32.5,0.593846153846154,13.3,3.3,6.7,1.6,0.4,2.7,0.392,0.314,0.712,31.2,0.7243589743589745,11.8,4.9,3.0,1.0,0.3,1.8,0.442,0.353,0.779,29.0,0.6620689655172415,9.1,6.5,2.0,0.7,0.6,1.0,0.455,0.427,0.679,25.2,0.7103174603174605,4.8,8.5,0.7,0.9,0.5,1.1,0.495,0.0,0.646,24.3,0.588477366255144,6.5,1.7,1.3,0.6,0.1,1.2,0.442,0.25,0.723,17.4,0.5172413793103449,5.1,0.8,1.7,0.7,0.1,0.9,0.387,0.391,0.887,14.2,0.5281690140845069
2006-07,LAC,1610612746,0,Missed Playoffs,0.472,95.7,41.4,20.8,6.9,6.1,15.1,0.455,0.336,0.78,-1.6,25.0,28.0,101.9,103.3,-1.4,93.9,0.5322666666666666,0.875,20.7,9.2,2.4,1.0,2.2,2.5,0.547,0.0,0.762,38.1,0.8661417322834646,13.2,3.3,2.5,1.0,0.3,1.7,0.443,0.413,0.836,35.0,0.5314285714285715,9.4,3.5,4.9,1.2,0.6,2.0,0.463,0.333,0.708,30.3,0.5808580858085809,10.0,8.0,0.9,0.6,1.5,2.2,0.448,0.0,0.721,28.9,0.6505190311418686,14.8,5.8,2.0,0.7,0.1,2.4,0.425,0.119,0.809,27.4,0.7664233576642338,14.4,3.1,5.4,0.6,0.1,2.0,0.423,0.312,0.877,27.3,0.7912087912087913,10.3,5.0,2.1,0.6,0.4,1.2,0.401,0.36,0.686,26.6,0.6466165413533835,5.6,2.3,1.1,0.9,0.5,0.5,0.481,0.25,0.764,21.7,0.45622119815668205
2006-07,LAL,1610612747,1,First Round Exit,0.556,103.1,41.3,22.3,7.3,5.0,16.1,0.464,0.357,0.745,0.9,30.0,24.0,105.3,105.1,0.2,95.7,0.5322666666666666,0.75,28.8,5.6,5.5,1.4,0.4,3.6,0.468,0.358,0.869,39.6,0.9621212121212119,16.6,9.4,4.5,0.8,0.6,3.5,0.448,0.328,0.737,39.3,0.7226463104325701,11.7,4.9,4.2,1.0,0.4,2.0,0.478,0.4,0.756,33.2,0.6084337349397589,11.6,2.5,2.4,1.5,0.2,1.8,0.435,0.37,0.648,31.1,0.5273311897106109,8.7,6.6,2.0,1.1,1.2,1.9,0.561,0.0,0.402,27.6,0.6413043478260869,8.4,6.6,1.3,0.1,1.6,1.4,0.547,0.0,0.696,22.5,0.737777777777778,7.9,2.9,0.9,0.4,0.2,0.8,0.42,0.333,0.757,22.0,0.5227272727272727,6.9,3.4,1.2,0.5,0.3,1.3,0.425,0.339,0.718,18.7,0.5882352941176471
2006-07,MEM,1610612763,0,Missed Playoffs,0.259,100.7,38.7,20.6,7.0,5.0,16.3,0.461,0.384,0.758,-5.0,14.0,40.0,103.8,108.9,-5.1,95.2,0.5322666666666666,0.75,17.9,5.7,4.4,0.9,0.3,2.7,0.458,0.42,0.796,39.7,0.6675062972292191,20.2,9.2,3.1,0.4,2.3,2.9,0.531,0.25,0.727,34.5,0.936231884057971,13.7,1.9,4.5,0.7,0.1,1.5,0.44,0.39,0.816,27.6,0.7028985507246377,12.4,4.4,0.9,0.5,0.4,2.0,0.523,0.0,0.779,24.8,0.6693548387096773,9.6,3.9,1.0,0.9,0.9,1.3,0.429,0.38,0.679,23.6,0.635593220338983,7.6,2.3,4.6,0.7,0.0,1.6,0.391,0.356,0.797,23.5,0.5787234042553191,7.2,1.9,0.9,0.5,0.3,1.3,0.469,0.333,0.784,23.5,0.40425531914893614,8.9,4.7,0.4,0.6,1.1,1.5,0.462,0.0,0.667,21.7,0.6543778801843319
2006-07,MIA,1610612748,1,First Round Exit,0.5,96.5,41.1,20.6,6.9,6.0,15.1,0.465,0.346,0.735,-1.5,26.0,26.0,103.2,102.9,0.3,93.4,0.4682,1.0,28.8,4.8,7.8,2.1,1.3,4.2,0.495,0.273,0.818,39.0,1.0410256410256409,11.0,8.6,1.4,0.7,0.3,1.4,0.502,0.0,0.721,32.6,0.6319018404907976,10.2,2.3,5.1,0.9,0.0,1.4,0.404,0.336,0.939,28.7,0.5958188153310106,11.1,2.6,1.1,0.5,0.0,1.0,0.522,0.56,0.904,25.5,0.5607843137254902,6.8,4.7,1.3,0.8,0.3,0.7,0.419,0.38,0.829,25.1,0.5258964143426296,13.5,5.8,1.2,0.3,1.8,2.3,0.521,0.0,0.482,24.7,0.8218623481781377,5.7,2.1,3.0,0.6,0.1,1.1,0.396,0.272,0.65,23.9,0.4351464435146444,8.3,4.4,1.5,0.7,0.2,1.7,0.412,0.277,0.333,23.5,0.5702127659574469
2006-07,MIL,1610612749,0,Missed Playoffs,0.358,99.5,39.7,21.4,6.8,2.7,14.7,0.461,0.336,0.725,-4.5,19.0,34.0,103.6,109.6,-6.1,94.9,0.4682,0.5,27.7,3.8,2.2,1.3,0.2,2.1,0.462,0.355,0.841,39.5,0.8379746835443038,18.5,5.1,6.1,1.3,0.1,3.0,0.444,0.329,0.848,36.5,0.7698630136986303,12.6,2.7,2.9,1.2,0.0,1.2,0.43,0.342,0.768,33.8,0.5384615384615384,11.9,8.8,3.0,0.8,0.5,2.2,0.546,0.333,0.582,33.6,0.6785714285714287,14.3,5.5,3.1,1.2,0.3,2.4,0.537,0.182,0.622,31.9,0.6896551724137933,15.4,2.2,4.4,0.9,0.0,1.9,0.41,0.409,0.902,30.8,0.6818181818181818,12.3,6.1,0.9,0.7,0.2,1.3,0.479,0.269,0.806,25.8,0.7325581395348835,4.6,5.0,0.9,0.2,1.0,0.9,0.494,0.0,0.563,20.3,0.5320197044334974
2006-07,MIN,1610612750,0,Missed Playoffs,0.481,96.5,40.7,22.9,6.5,4.4,15.8,0.471,0.35,0.798,-0.7,25.0,27.0,102.3,103.5,-1.2,92.7,0.5322666666666666,0.625,22.4,12.6,4.5,1.4,1.7,2.7,0.477,0.171,0.835,39.1,1.020460358056266,16.1,3.8,4.6,1.0,0.3,2.4,0.468,0.392,0.809,37.2,0.6290322580645161,7.9,3.4,2.9,0.3,0.5,1.2,0.514,0.286,0.836,32.6,0.4233128834355829,13.9,6.5,0.9,0.5,0.9,2.0,0.533,0.278,0.777,32.3,0.6408668730650154,10.8,2.3,4.2,0.7,0.1,1.9,0.42,0.358,0.847,28.2,0.5744680851063831,9.0,2.7,2.4,0.6,0.3,1.8,0.425,0.347,0.837,21.1,0.6255924170616113,5.5,2.6,1.9,1.1,0.2,1.3,0.463,0.408,0.768,20.5,0.4878048780487804,6.2,4.5,0.5,0.6,0.2,0.8,0.543,0.0,0.62,15.6,0.7179487179487178
2006-07,BKN,1610612751,2,Second Round Exit,0.463,97.1,40.7,23.1,6.4,3.2,14.8,0.457,0.351,0.725,-1.2,25.0,29.0,103.2,103.4,-0.2,93.7,0.4682,0.875,24.7,5.7,4.5,1.1,0.4,2.6,0.457,0.353,0.774,37.9,0.891820580474934,14.3,8.0,8.7,1.7,0.4,2.8,0.432,0.355,0.794,36.9,0.8211382113821138,16.1,4.5,2.9,0.7,0.2,2.2,0.472,0.333,0.738,36.7,0.6049046321525885,16.4,6.8,1.8,0.4,0.9,2.0,0.526,0.0,0.711,32.6,0.7453987730061349,8.5,5.1,0.7,0.5,0.6,1.3,0.621,0.0,0.688,24.2,0.5826446280991735,2.5,4.2,0.7,0.5,0.4,1.1,0.347,0.0,0.485,23.2,0.31034482758620696,4.4,2.6,1.1,0.4,0.5,0.7,0.372,0.333,0.45,21.5,0.386046511627907,5.0,3.1,1.0,0.5,0.1,0.7,0.426,0.292,0.661,20.2,0.44554455445544555
2006-07,NOP,1610612740,0,Missed Playoffs,0.472,92.5,44.1,17.8,6.3,4.2,15.0,0.437,0.353,0.711,-1.9,25.0,28.0,98.8,101.2,-2.4,92.6,0.5322666666666666,0.5,17.6,4.1,8.6,1.9,0.0,2.8,0.444,0.328,0.799,36.7,0.8010899182561307,14.3,5.2,1.7,0.8,0.2,2.8,0.462,0.0,0.653,35.4,0.5480225988700564,16.3,8.5,2.0,0.7,0.8,1.6,0.458,0.4,0.766,35.1,0.7606837606837606,8.0,12.2,0.9,0.5,1.8,1.6,0.605,0.0,0.485,34.3,0.6355685131195336,17.8,4.2,0.8,0.6,0.3,1.5,0.423,0.405,0.816,32.7,0.6788990825688074,12.3,5.0,3.3,0.9,0.1,1.6,0.409,0.374,0.759,30.2,0.6622516556291391,10.6,3.5,0.9,0.6,0.6,1.0,0.39,0.354,0.662,29.0,0.5241379310344827,10.7,3.5,2.4,0.9,0.1,1.5,0.399,0.301,0.748,23.8,0.676470588235294
2006-07,NYK,1610612752,0,Missed Playoffs,0.434,100.1,44.3,19.4,6.6,3.3,17.2,0.461,0.328,0.728,-2.1,23.0,30.0,104.0,106.8,-2.8,94.2,0.4682,0.875,17.9,3.3,4.4,1.1,0.2,2.7,0.403,0.309,0.828,37.5,0.6453333333333334,14.1,2.7,5.6,0.9,0.2,2.5,0.411,0.339,0.755,35.9,0.5849582172701949,19.6,7.0,0.8,0.4,0.5,3.4,0.581,0.0,0.619,34.3,0.7259475218658893,13.2,7.4,2.3,0.8,0.2,1.7,0.424,0.376,0.67,33.8,0.6568047337278108,11.2,10.6,1.8,0.8,0.4,1.5,0.612,0.0,0.809,30.9,0.7540453074433656,10.2,5.4,0.7,0.5,0.7,1.3,0.442,0.182,0.848,25.9,0.6254826254826255,9.7,3.3,4.1,1.0,0.2,2.0,0.404,0.4,0.911,25.8,0.6317829457364341,4.2,3.8,1.0,0.8,0.5,1.1,0.45,0.133,0.4,20.8,0.44230769230769235
2006-07,ORL,1610612753,1,First Round Exit,0.509,94.3,40.5,18.5,6.8,5.0,16.8,0.471,0.361,0.701,1.0,27.0,26.0,101.8,101.2,0.6,92.2,0.4682,1.0,17.6,11.9,1.7,0.8,1.8,3.7,0.593,1.0,0.624,35.8,0.840782122905028,15.1,4.2,2.5,1.1,0.4,2.3,0.529,0.182,0.763,31.1,0.67524115755627,12.0,3.5,3.0,0.9,0.2,1.9,0.402,0.37,0.731,30.8,0.5746753246753247,13.3,3.0,4.2,1.0,0.1,2.2,0.446,0.35,0.79,29.8,0.651006711409396,6.0,5.2,0.4,0.4,0.5,0.9,0.494,0.0,0.702,24.0,0.48333333333333334,8.1,5.3,1.1,0.6,1.7,1.8,0.437,0.0,0.613,23.1,0.6493506493506491,8.6,1.5,1.6,0.6,0.2,1.2,0.406,0.338,0.788,23.1,0.4891774891774891,8.6,4.5,1.3,1.2,0.3,1.3,0.532,0.0,0.565,23.0,0.6347826086956522
2006-07,PHI,1610612755,0,Missed Playoffs,0.321,94.8,39.1,20.2,7.4,5.0,15.0,0.452,0.338,0.773,-4.2,17.0,36.0,100.3,104.8,-4.4,93.4,0.4682,0.625,17.7,5.7,5.5,2.0,0.4,3.2,0.451,0.286,0.826,40.2,0.699004975124378,13.2,4.3,8.2,1.4,0.1,2.8,0.463,0.208,0.771,36.7,0.664850136239782,14.1,3.8,1.5,0.7,0.2,1.6,0.442,0.422,0.91,31.2,0.5993589743589742,10.7,9.0,0.6,0.6,2.2,1.9,0.54,0.0,0.729,30.1,0.7043189368770765,10.3,1.9,1.4,0.8,0.0,1.2,0.392,0.323,0.657,23.7,0.5569620253164558,7.1,5.0,0.4,0.5,0.3,1.0,0.44,0.0,0.844,20.4,0.6029411764705883,4.2,1.5,2.9,0.5,0.0,1.0,0.432,0.0,0.837,19.5,0.41538461538461535,5.5,4.0,0.3,0.2,1.3,0.7,0.583,0.0,0.479,19.3,0.5492227979274612
2006-07,PHX,1610612756,2,Second Round Exit,0.75,110.7,40.5,26.2,6.7,4.7,14.9,0.494,0.397,0.806,7.3,39.0,13.0,111.2,103.0,8.2,98.8,0.5322666666666666,0.875,17.9,10.3,1.7,2.2,1.4,1.5,0.51,0.319,0.813,38.5,0.8311688311688312,15.2,3.3,2.4,0.5,0.3,1.1,0.439,0.419,0.772,37.5,0.5493333333333332,19.3,3.3,11.8,0.7,0.0,3.7,0.536,0.49,0.882,35.3,0.8895184135977341,10.1,4.7,5.2,0.4,0.7,2.3,0.536,0.324,0.649,32.9,0.5714285714285714,19.9,9.5,0.7,0.7,1.3,2.6,0.59,0.0,0.786,32.0,0.9218749999999998,16.8,2.5,4.1,1.2,0.2,2.0,0.463,0.405,0.857,31.8,0.7169811320754715,5.7,5.7,0.5,0.4,0.5,0.5,0.539,0.0,0.821,18.4,0.6684782608695653,5.8,2.2,0.5,0.3,0.5,0.3,0.349,0.386,0.9,16.1,0.5590062111801242
2006-07,POR,1610612757,0,Missed Playoffs,0.407,93.6,39.3,17.5,6.8,4.8,15.5,0.445,0.339,0.775,-4.1,22.0,32.0,101.3,106.8,-5.5,90.5,0.5322666666666666,0.5,24.0,10.2,1.9,0.8,0.2,3.1,0.463,0.286,0.827,35.8,0.9497206703910616,12.6,2.6,5.5,1.2,0.1,2.3,0.448,0.325,0.882,35.4,0.556497175141243,15.4,4.2,3.4,1.2,0.2,1.8,0.434,0.309,0.852,33.9,0.6666666666666666,8.6,3.7,1.5,0.9,0.2,1.1,0.46,0.386,0.776,29.1,0.4742268041237113,7.8,2.2,1.4,0.8,0.3,1.3,0.387,0.317,0.83,22.7,0.49339207048458156,8.3,3.4,0.8,0.9,1.3,1.1,0.434,0.211,0.737,22.5,0.6044444444444446,6.9,2.8,0.6,0.5,0.2,1.0,0.387,0.374,0.697,20.9,0.47846889952153104,6.8,4.0,0.4,0.2,1.0,0.6,0.477,0.0,0.708,19.3,0.61139896373057
2006-07,SAC,1610612758,0,Missed Playoffs,0.431,100.2,39.9,20.3,8.2,3.2,14.4,0.448,0.338,0.773,-0.7,22.0,29.0,102.8,103.4,-0.6,96.5,0.5322666666666666,0.875,18.1,6.8,3.1,2.2,0.6,1.9,0.436,0.351,0.746,37.0,0.7810810810810812,21.0,4.3,2.1,1.2,0.1,1.6,0.494,0.42,0.86,35.8,0.7569832402234637,16.7,3.4,5.3,1.1,0.1,2.4,0.387,0.298,0.831,35.5,0.6816901408450705,9.6,6.6,3.7,0.5,0.6,1.7,0.442,0.174,0.742,28.2,0.6843971631205674,8.4,3.8,3.1,0.9,0.5,1.5,0.453,0.381,0.719,27.4,0.5547445255474452,10.1,5.2,1.5,0.7,0.5,1.4,0.468,0.077,0.762,26.1,0.6360153256704981,5.4,6.5,1.3,0.8,0.3,1.7,0.491,0.0,0.49,24.0,0.5250000000000001,9.3,3.4,0.6,0.4,0.3,1.4,0.509,0.0,0.734,19.7,0.6395939086294418
2006-07,SAS,1610612759,5,Champion,0.66,98.3,40.8,22.1,7.2,5.1,14.3,0.471,0.378,0.75,7.3,35.0,18.0,105.9,98.0,7.9,92.2,0.5322666666666666,0.875,20.4,10.7,3.5,0.7,2.3,2.9,0.529,0.0,0.652,34.8,0.9971264367816092,18.9,3.3,5.5,1.0,0.1,2.6,0.525,0.433,0.785,33.5,0.7820895522388059,6.5,2.6,1.5,0.8,0.3,0.8,0.408,0.393,0.5,31.3,0.34824281150159747,16.7,4.4,3.3,1.6,0.4,2.3,0.463,0.406,0.865,28.0,0.8607142857142858,8.6,2.1,1.8,0.7,0.2,0.9,0.498,0.466,0.875,21.6,0.5787037037037036,8.0,2.8,1.2,0.3,0.2,0.6,0.385,0.315,0.91,21.0,0.5666666666666667,4.8,4.9,0.9,0.4,0.4,1.0,0.551,0.0,0.656,18.7,0.5561497326203209,5.0,5.2,1.0,0.4,0.8,1.2,0.546,0.0,0.805,18.5,0.6054054054054054
2006-07,OKC,1610612760,0,Missed Playoffs,0.385,100.3,39.4,21.5,8.0,3.8,15.8,0.464,0.344,0.797,-2.5,20.0,32.0,104.1,107.0,-3.0,95.5,0.5322666666666666,1.0,27.0,4.2,4.2,1.6,0.2,2.7,0.451,0.366,0.892,40.3,0.8560794044665013,21.6,6.8,2.4,1.4,0.6,2.0,0.476,0.392,0.907,38.4,0.8020833333333335,13.1,7.6,1.2,0.9,0.5,1.6,0.526,0.0,0.687,31.8,0.6823899371069181,12.5,2.4,5.2,1.2,0.3,2.4,0.457,0.385,0.808,30.9,0.621359223300971,10.2,7.7,0.9,0.6,0.8,1.5,0.507,0.0,0.752,27.8,0.672661870503597,8.2,2.4,5.7,1.2,0.3,1.8,0.357,0.247,0.73,26.1,0.6130268199233716,8.4,2.9,1.9,1.1,0.3,1.3,0.423,0.367,0.89,24.4,0.5450819672131149,6.5,4.4,0.7,0.6,0.6,1.2,0.535,0.0,0.686,19.1,0.6073298429319371
2006-07,TOR,1610612761,1,First Round Exit,0.547,99.1,38.5,22.0,6.9,3.8,13.4,0.463,0.362,0.786,0.4,29.0,24.0,104.9,103.8,1.1,94.6,0.4682,0.375,23.3,10.7,2.4,0.4,1.2,2.8,0.505,0.345,0.757,38.0,0.9263157894736843,12.0,3.9,2.1,1.0,0.2,1.0,0.473,0.439,0.792,32.8,0.5548780487804879,14.3,3.3,7.8,1.3,0.0,3.1,0.447,0.326,0.798,30.3,0.7788778877887789,8.6,5.2,2.0,1.2,0.3,0.9,0.417,0.315,0.767,28.9,0.5674740484429067,11.0,3.8,0.8,0.7,0.2,0.8,0.46,0.38,0.747,24.2,0.6487603305785123,10.6,3.5,0.8,0.4,0.8,1.5,0.417,0.361,0.835,23.7,0.6160337552742616,9.1,1.6,1.5,0.9,0.1,1.4,0.428,0.364,0.833,22.9,0.5152838427947598,9.0,1.9,5.1,0.7,0.1,1.4,0.527,0.289,0.845,21.4,0.7196261682242991
2006-07,UTA,1610612762,3,Conference Finals,0.673,102.3,42.7,24.6,7.1,4.5,15.7,0.478,0.329,0.745,2.9,35.0,17.0,107.1,105.2,1.9,94.1,0.5322666666666666,0.75,17.4,3.5,9.2,1.2,0.2,2.9,0.474,0.318,0.728,37.4,0.7647058823529411,22.1,11.8,3.0,0.9,0.3,2.7,0.569,0.0,0.697,36.2,0.9779005524861877,18.2,7.4,2.0,0.5,0.6,1.8,0.468,0.393,0.788,33.9,0.7935103244837759,9.0,5.2,3.4,1.0,2.1,2.1,0.455,0.21,0.749,31.4,0.5923566878980892,10.0,1.8,3.2,1.0,0.1,1.5,0.401,0.325,0.872,27.0,0.5407407407407407,10.4,4.6,1.0,0.6,0.1,1.4,0.478,0.37,0.729,24.6,0.6219512195121952,6.7,4.9,0.7,0.7,1.0,1.2,0.537,0.0,0.669,17.2,0.744186046511628,5.9,1.9,1.2,0.4,0.1,1.1,0.417,0.338,0.818,16.7,0.502994011976048
2006-07,WAS,1610612764,1,First Round Exit,0.58,105.8,40.9,19.8,8.2,4.6,13.5,0.453,0.352,0.777,0.1,29.0,21.0,108.1,108.2,-0.2,96.9,0.4682,0.875,20.4,7.7,3.9,2.2,0.3,2.9,0.471,0.25,0.868,40.6,0.7783251231527092,28.8,4.7,6.1,1.9,0.1,3.4,0.418,0.36,0.837,40.5,0.94320987654321,19.3,7.9,1.9,1.2,0.7,1.3,0.461,0.396,0.771,38.5,0.7714285714285715,9.8,2.4,2.5,0.7,0.2,1.2,0.492,0.448,0.71,28.1,0.5124555160142349,7.1,7.0,0.7,0.5,1.2,1.3,0.579,0.0,0.557,24.2,0.628099173553719,6.9,1.8,2.8,0.5,0.1,0.7,0.448,0.226,0.85,21.5,0.5302325581395348,6.0,5.6,0.3,0.4,1.5,1.0,0.568,0.0,0.569,19.4,0.6597938144329898,5.9,2.1,0.7,0.4,0.2,0.6,0.392,0.34,0.809,17.1,0.5087719298245613
2007-08,ATL,1610612737,1,First Round Exit,0.44,94.8,42.1,21.2,7.8,5.7,15.0,0.442,0.323,0.773,-1.6,22.0,28.0,101.1,102.9,-1.8,92.6,0.47026666666666667,0.625,20.7,4.4,5.3,0.9,0.1,2.7,0.405,0.341,0.85,40.9,0.7017114914425429,16.3,5.8,1.8,1.1,0.5,1.8,0.46,0.167,0.82,36.1,0.6565096952908588,17.7,7.8,3.8,1.9,3.1,3.3,0.446,0.224,0.718,35.3,0.8781869688385269,9.2,10.0,1.2,0.9,1.0,1.8,0.472,0.0,0.662,31.2,0.6570512820512819,12.7,3.5,4.7,1.2,0.1,2.4,0.406,0.393,0.742,29.6,0.6689189189189189,11.9,4.9,1.4,1.0,0.4,1.3,0.587,0.25,0.831,29.4,0.6224489795918366,4.2,1.2,2.3,0.5,0.0,1.1,0.373,0.167,0.794,16.7,0.4251497005988024,4.8,3.8,0.5,0.4,0.2,1.3,0.397,0.0,0.725,14.7,0.5714285714285714
2007-08,BOS,1610612738,5,Champion,0.82,99.8,41.0,21.8,8.8,4.4,15.1,0.473,0.381,0.771,10.4,41.0,9.0,107.5,95.3,12.2,93.0,0.47026666666666667,0.375,18.5,4.1,3.0,1.0,0.2,1.9,0.426,0.375,0.914,38.3,0.6501305483028722,20.6,5.6,4.8,1.4,0.5,3.0,0.447,0.378,0.832,38.0,0.786842105263158,19.2,9.9,3.8,1.4,1.4,2.0,0.551,0.0,0.803,35.0,0.9628571428571427,10.4,4.5,4.8,1.8,0.3,1.8,0.501,0.333,0.617,31.1,0.6430868167202572,13.0,2.8,4.8,0.8,0.1,2.1,0.456,0.259,0.891,26.0,0.7461538461538463,7.3,5.6,1.0,0.5,1.3,1.7,0.592,0.0,0.606,24.7,0.5668016194331984,7.0,4.5,1.7,0.9,0.2,0.8,0.409,0.396,0.803,24.5,0.5510204081632653,7.9,2.2,1.8,0.8,0.1,0.9,0.425,0.417,0.893,19.7,0.6040609137055839
2007-08,CHA,1610612766,0,Missed Playoffs,0.358,95.5,40.5,21.5,7.3,5.0,15.1,0.449,0.355,0.703,-5.2,19.0,34.0,100.7,106.5,-5.7,93.6,0.47026666666666667,0.625,21.2,6.1,3.7,2.2,1.0,3.1,0.456,0.316,0.724,39.9,0.7794486215538846,20.2,5.1,3.1,1.2,0.7,2.0,0.43,0.416,0.73,37.7,0.7506631299734746,13.9,2.7,6.8,1.2,0.1,2.7,0.419,0.258,0.793,37.4,0.5882352941176472,13.6,11.1,0.8,0.9,1.8,2.0,0.533,0.0,0.563,33.8,0.7751479289940829,4.4,1.8,4.2,0.3,0.1,1.4,0.429,0.176,0.75,25.8,0.3643410852713178,8.0,2.4,0.9,0.5,0.3,0.6,0.419,0.4,0.792,22.7,0.5066079295154186,7.5,5.9,0.9,0.6,0.7,1.1,0.506,0.0,0.604,19.3,0.7512953367875648,4.4,0.6,1.6,0.3,0.0,1.6,0.282,0.273,0.667,15.7,0.33757961783439483
2007-08,CHI,1610612741,0,Missed Playoffs,0.404,94.7,43.6,21.2,7.6,5.0,14.7,0.424,0.345,0.745,-2.8,21.0,31.0,98.8,102.1,-3.3,94.9,0.47026666666666667,0.75,20.0,3.4,2.8,0.8,0.1,2.3,0.424,0.393,0.924,35.0,0.7085714285714286,17.9,6.6,2.4,0.8,0.5,2.1,0.478,0.4,0.762,34.7,0.7521613832853025,13.3,3.6,6.0,1.1,0.2,2.4,0.412,0.318,0.882,34.0,0.6411764705882355,11.2,8.4,1.0,0.7,0.6,1.8,0.442,0.0,0.739,30.7,0.6547231270358307,12.0,3.6,2.4,1.6,0.3,1.8,0.376,0.342,0.825,29.7,0.6094276094276095,14.9,4.9,1.4,0.3,0.6,1.8,0.423,0.364,0.79,27.5,0.7381818181818182,6.0,1.9,4.2,0.7,0.0,1.2,0.36,0.339,0.794,24.6,0.4715447154471545,6.3,3.7,1.6,1.0,0.3,1.4,0.395,0.26,0.739,19.4,0.5927835051546392
2007-08,CLE,1610612739,2,Second Round Exit,0.558,97.3,44.1,19.4,7.6,4.8,14.3,0.439,0.359,0.723,-1.3,29.0,23.0,102.7,104.3,-1.6,93.3,0.47026666666666667,0.625,30.3,7.8,7.3,2.1,1.1,3.4,0.484,0.305,0.709,40.4,1.118811881188119,5.1,8.8,1.8,1.4,1.6,1.0,0.378,0.0,0.421,32.5,0.5446153846153847,11.6,2.5,2.6,0.9,0.2,1.5,0.457,0.467,0.802,32.4,0.5030864197530863,13.5,9.5,1.6,0.4,1.7,1.9,0.475,0.0,0.822,30.5,0.8131147540983606,7.8,8.5,1.2,0.8,0.6,1.1,0.511,0.0,0.644,28.4,0.6267605633802817,7.3,2.7,1.8,0.7,0.2,1.3,0.351,0.284,0.719,24.5,0.4653061224489795,12.9,2.7,1.4,0.3,0.1,1.1,0.459,0.422,0.846,23.5,0.6936170212765957,11.1,5.2,0.9,0.5,0.6,0.9,0.463,0.0,0.803,22.9,0.7598253275109171
2007-08,DAL,1610612742,1,First Round Exit,0.66,99.3,42.5,19.9,5.8,5.0,12.6,0.462,0.339,0.818,3.9,35.0,18.0,108.4,103.3,5.1,91.8,0.5293333333333333,0.625,11.3,8.1,10.4,1.5,0.3,3.6,0.366,0.356,0.82,37.1,0.7547169811320753,22.8,8.8,4.0,0.7,1.0,2.2,0.469,0.291,0.873,36.6,0.9590163934426229,20.3,7.4,2.1,0.7,0.4,1.4,0.472,0.356,0.809,36.5,0.8082191780821919,15.2,2.5,3.3,1.1,0.2,1.4,0.465,0.408,0.846,31.7,0.6593059936908519,7.3,3.0,1.6,0.6,0.4,1.0,0.401,0.267,0.707,25.7,0.46303501945525294,9.8,2.4,2.5,0.5,0.2,1.5,0.389,0.28,0.88,24.0,0.5791666666666667,5.5,7.0,0.9,0.3,1.3,0.9,0.628,0.0,0.614,22.8,0.618421052631579,3.6,2.8,1.5,0.6,0.2,0.7,0.356,0.292,0.75,20.8,0.3846153846153846
2007-08,DEN,1610612743,1,First Round Exit,0.615,106.7,44.8,23.6,9.4,7.1,15.5,0.454,0.338,0.761,2.7,32.0,20.0,104.6,100.9,3.7,101.5,0.5293333333333333,0.875,26.5,3.0,7.3,2.2,0.2,3.3,0.442,0.337,0.818,42.3,0.8486997635933808,26.2,7.3,3.3,1.2,0.5,3.5,0.475,0.324,0.8,37.1,0.9433962264150944,9.2,14.3,2.9,1.1,3.9,1.5,0.444,0.25,0.692,35.5,0.8422535211267606,8.0,3.2,6.1,1.6,0.5,2.0,0.447,0.29,0.784,30.2,0.5761589403973509,11.3,6.5,1.0,1.3,1.4,1.4,0.515,0.0,0.585,29.5,0.6813559322033899,11.9,4.4,1.3,0.7,0.3,1.2,0.472,0.34,0.763,25.6,0.6796875,5.8,4.5,1.1,1.0,0.4,0.9,0.455,0.353,0.667,21.8,0.5458715596330275,6.4,6.4,1.0,0.8,1.0,1.7,0.4,0.0,0.556,19.8,0.7020202020202021
2007-08,DET,1610612765,3,Conference Finals,0.75,97.7,40.9,22.7,7.5,5.3,11.6,0.459,0.379,0.755,8.0,39.0,13.0,108.0,99.7,8.3,90.0,0.47026666666666667,0.75,18.3,3.4,4.3,1.1,0.1,1.9,0.5,0.481,0.816,34.6,0.73121387283237,13.3,4.8,3.0,0.4,0.4,1.0,0.442,0.414,0.77,33.4,0.625748502994012,17.3,2.9,7.1,1.4,0.2,1.9,0.449,0.407,0.907,33.3,0.8108108108108107,12.8,7.1,2.0,1.4,1.6,1.2,0.435,0.358,0.75,31.4,0.7547770700636943,9.3,8.7,1.3,0.9,0.6,1.1,0.491,0.0,0.627,30.7,0.6416938110749185,8.2,4.5,0.8,0.5,2.8,1.7,0.5,0.0,0.722,26.8,0.5634328358208955,7.9,5.3,0.6,0.2,1.2,1.0,0.516,0.0,0.651,22.4,0.6339285714285714,5.9,1.7,2.5,0.9,0.0,1.0,0.39,0.125,0.776,16.3,0.6134969325153375
2007-08,GSW,1610612744,0,Missed Playoffs,0.615,109.9,42.2,23.1,9.1,4.4,13.5,0.457,0.352,0.749,2.4,32.0,20.0,108.6,105.6,3.0,100.9,0.5293333333333333,1.0,20.9,4.4,4.2,1.4,0.5,3.0,0.411,0.352,0.823,39.5,0.7189873417721517,21.7,4.8,8.1,2.5,0.5,2.8,0.42,0.346,0.742,39.4,0.8832487309644671,18.7,4.5,3.5,1.3,0.4,1.9,0.532,0.229,0.77,36.5,0.726027397260274,14.7,5.3,1.5,0.8,0.2,1.2,0.447,0.396,0.762,28.1,0.7580071174377224,10.2,9.7,1.1,0.7,1.2,1.2,0.621,0.0,0.612,27.4,0.791970802919708,8.2,5.0,2.7,0.8,0.6,1.5,0.432,0.279,0.75,24.0,0.6583333333333333,8.9,3.9,1.1,0.5,0.3,0.8,0.449,0.393,0.71,21.7,0.6405529953917051,5.6,2.8,0.6,0.9,0.5,0.6,0.415,0.353,0.661,16.9,0.5798816568047337
2007-08,HOU,1610612745,1,First Round Exit,0.615,95.7,44.2,21.7,7.5,5.4,14.7,0.447,0.338,0.73,3.0,32.0,20.0,102.4,99.2,3.1,93.1,0.5293333333333333,0.75,22.2,10.8,2.4,0.5,2.1,3.4,0.508,0.0,0.848,37.2,0.9301075268817204,8.7,5.0,1.8,1.1,1.2,1.0,0.43,0.384,0.714,35.8,0.46927374301675984,21.1,5.0,5.4,1.1,0.5,2.5,0.432,0.318,0.692,35.5,0.8619718309859156,12.0,3.3,5.5,1.3,0.2,2.1,0.398,0.333,0.663,34.3,0.5889212827988338,8.5,5.3,1.2,0.6,0.2,1.2,0.515,0.0,0.61,21.3,0.6854460093896714,2.8,5.7,1.1,1.0,0.5,0.8,0.514,0.0,0.273,20.5,0.5024390243902439,5.5,2.3,3.0,0.9,0.5,1.4,0.333,0.235,0.565,19.9,0.5427135678391961,7.7,1.6,1.8,0.5,0.1,0.9,0.423,0.356,0.841,19.4,0.5567010309278352
2007-08,IND,1610612754,0,Missed Playoffs,0.396,102.5,43.9,23.0,7.6,5.2,15.9,0.439,0.363,0.768,-2.6,21.0,32.0,101.8,104.0,-2.2,100.3,0.47026666666666667,0.875,17.8,5.8,1.9,1.1,1.1,2.2,0.442,0.393,0.855,35.0,0.7285714285714286,17.3,5.7,3.4,1.1,0.3,2.4,0.475,0.382,0.853,34.5,0.7362318840579711,11.9,3.6,8.4,1.7,0.3,3.3,0.38,0.284,0.72,33.2,0.680722891566265,15.3,7.3,2.5,0.5,2.2,2.5,0.443,0.0,0.754,31.3,0.8083067092651757,10.7,7.0,2.1,0.6,0.4,1.1,0.42,0.384,0.832,26.0,0.7576923076923077,6.4,8.5,1.8,0.7,0.2,0.8,0.542,0.0,0.628,23.7,0.7088607594936708,8.7,2.3,1.0,0.5,0.3,0.9,0.412,0.398,0.667,21.0,0.5666666666666667,8.0,2.4,1.9,1.0,0.2,1.5,0.441,0.25,0.686,20.1,0.5970149253731343
2007-08,LAC,1610612746,0,Missed Playoffs,0.34,94.2,40.3,21.1,7.0,5.1,14.5,0.439,0.339,0.79,-4.7,17.0,33.0,98.7,103.5,-4.8,95.1,0.5293333333333333,0.625,16.4,13.6,2.0,0.6,3.0,3.1,0.477,0.0,0.744,39.0,0.8333333333333334,21.6,5.8,2.5,1.2,0.1,3.0,0.475,0.376,0.832,35.6,0.7921348314606742,13.3,3.3,2.9,0.9,0.4,1.4,0.438,0.412,0.842,34.9,0.5558739255014327,12.9,5.0,2.9,0.6,0.3,1.6,0.426,0.313,0.758,31.7,0.6340694006309148,10.5,3.7,0.9,0.5,0.4,1.2,0.433,0.338,0.708,22.5,0.6577777777777778,4.1,1.7,4.1,1.4,0.1,1.0,0.374,0.0,0.867,21.6,0.4814814814814814,4.8,2.1,1.7,0.6,0.3,0.9,0.315,0.25,0.75,20.4,0.4215686274509804,4.3,2.4,1.2,0.6,0.5,0.4,0.381,0.438,0.735,20.3,0.4236453201970443
2007-08,LAL,1610612747,4,Finals Loss,0.673,107.1,44.2,23.8,8.2,5.0,15.1,0.477,0.372,0.756,6.3,35.0,17.0,108.6,102.2,6.4,98.5,0.5293333333333333,0.75,28.0,6.1,5.3,1.9,0.5,3.4,0.457,0.352,0.847,38.0,1.0105263157894737,13.2,9.9,3.4,0.8,0.6,2.1,0.484,0.262,0.7,36.9,0.6991869918699187,19.1,8.7,2.9,0.4,1.4,2.0,0.518,0.267,0.807,36.4,0.8379120879120879,13.1,10.2,1.7,0.3,2.1,1.5,0.636,0.0,0.695,28.8,0.8993055555555555,12.5,2.3,2.9,1.0,0.0,1.2,0.46,0.416,0.88,27.3,0.641025641025641,6.7,3.5,2.9,0.9,0.2,1.5,0.437,0.357,0.639,24.1,0.5269709543568464,9.2,2.3,2.8,1.0,0.1,1.3,0.47,0.381,0.647,20.8,0.6778846153846153,7.8,2.9,1.7,0.6,0.2,1.2,0.444,0.42,0.791,20.8,0.5769230769230769
2007-08,MEM,1610612763,0,Missed Playoffs,0.269,100.2,41.7,20.0,5.8,5.1,16.1,0.46,0.366,0.737,-4.9,14.0,38.0,102.7,108.0,-5.2,96.7,0.5293333333333333,0.5,19.9,6.2,1.8,1.5,0.8,2.2,0.469,0.39,0.782,37.5,0.7466666666666667,16.9,6.6,3.6,0.5,0.2,2.8,0.509,0.433,0.782,37.4,0.6684491978609626,8.8,2.5,4.6,0.9,0.0,1.6,0.446,0.263,0.729,26.3,0.5779467680608366,10.7,2.6,2.2,0.6,0.0,1.7,0.416,0.38,0.814,25.6,0.5625,8.5,3.4,3.6,0.9,0.3,1.7,0.393,0.25,0.733,25.1,0.597609561752988,6.8,5.9,1.0,0.4,1.9,1.8,0.434,0.0,0.5,24.8,0.5725806451612903,5.1,5.3,1.3,0.6,0.8,1.6,0.509,0.0,0.414,20.6,0.558252427184466,8.3,3.5,0.4,0.3,0.3,0.8,0.518,0.227,0.661,16.4,0.7317073170731709
2007-08,MIA,1610612748,0,Missed Playoffs,0.173,93.0,38.3,20.1,7.3,4.3,15.1,0.454,0.335,0.718,-7.6,9.0,43.0,98.5,106.1,-7.6,93.9,0.47026666666666667,0.5,24.6,4.5,7.0,1.9,0.7,4.4,0.461,0.264,0.764,38.4,0.8932291666666669,12.1,9.3,1.5,0.8,0.4,1.4,0.473,0.0,0.792,37.4,0.606951871657754,15.8,9.9,2.1,2.0,1.5,1.1,0.519,0.343,0.726,36.2,0.8342541436464088,13.2,4.0,2.9,1.0,0.1,2.3,0.424,0.351,0.795,35.1,0.5384615384615384,8.5,2.0,4.6,1.4,0.1,1.3,0.382,0.33,0.825,30.2,0.5066225165562914,8.3,5.3,1.4,0.7,0.9,0.7,0.491,0.4,0.813,25.8,0.616279069767442,8.4,3.4,0.4,0.4,0.3,1.1,0.504,0.333,0.629,20.6,0.5728155339805826,3.8,2.2,2.2,1.2,0.1,0.8,0.367,0.421,0.889,20.3,0.42857142857142844
2007-08,MIL,1610612749,0,Missed Playoffs,0.358,94.4,40.3,21.3,6.6,4.5,14.8,0.449,0.337,0.743,-6.5,19.0,34.0,101.1,108.0,-6.9,92.7,0.47026666666666667,0.625,22.8,4.7,3.8,1.1,0.2,2.5,0.437,0.367,0.852,37.9,0.7941952506596307,17.5,3.5,6.5,1.3,0.1,2.8,0.476,0.395,0.857,37.9,0.6886543535620053,13.4,8.9,2.4,0.7,1.8,2.1,0.511,0.0,0.568,34.0,0.738235294117647,9.6,5.7,0.9,0.6,1.0,1.4,0.436,0.286,0.831,27.0,0.6074074074074075,8.6,4.1,1.8,0.7,0.6,1.1,0.481,0.0,0.615,26.8,0.5485074626865671,6.6,2.5,3.2,0.7,0.0,1.1,0.36,0.295,0.841,23.7,0.5021097046413503,7.5,3.5,1.2,0.8,0.1,1.3,0.419,0.333,0.732,22.9,0.5152838427947598,9.8,5.3,0.9,0.2,0.4,1.4,0.442,0.269,0.759,20.7,0.7342995169082125
2007-08,MIN,1610612750,0,Missed Playoffs,0.196,93.3,42.3,19.1,7.6,3.7,15.4,0.437,0.331,0.725,-7.8,10.0,41.0,97.7,107.2,-9.5,94.9,0.5293333333333333,0.5,21.2,12.1,1.3,1.0,1.4,2.1,0.496,0.0,0.72,36.1,0.9667590027700829,9.5,2.3,6.0,1.0,0.2,1.8,0.393,0.255,0.758,32.2,0.5341614906832297,8.4,3.0,4.3,1.3,0.5,2.1,0.419,0.338,0.7,29.3,0.5255972696245734,11.6,5.5,1.4,0.7,0.1,1.3,0.45,0.331,0.819,28.3,0.6360424028268551,14.3,3.0,2.2,0.8,0.2,2.5,0.446,0.405,0.753,26.9,0.6691449814126395,5.4,3.7,1.4,0.9,0.4,1.2,0.354,0.194,0.727,22.8,0.4649122807017545,8.5,2.5,1.8,0.5,0.0,2.1,0.347,0.345,0.667,22.8,0.4912280701754386,9.8,4.8,0.5,0.5,0.2,1.2,0.56,0.0,0.674,20.9,0.6985645933014355
2007-08,BKN,1610612751,0,Missed Playoffs,0.434,93.6,42.4,23.9,6.4,4.7,15.5,0.436,0.332,0.724,-5.3,23.0,30.0,99.6,105.0,-5.4,93.4,0.47026666666666667,0.5,23.0,4.4,2.8,0.9,0.3,2.6,0.457,0.351,0.802,38.6,0.7461139896373056,20.5,5.6,5.1,1.0,0.4,2.4,0.445,0.329,0.799,38.4,0.7864583333333335,14.4,2.3,5.3,1.4,0.1,2.4,0.483,0.357,0.821,30.4,0.6940789473684211,7.8,6.8,0.6,0.6,0.7,1.0,0.53,0.0,0.392,24.0,0.6458333333333334,10.0,3.3,1.0,0.7,0.2,1.1,0.409,0.341,0.754,21.4,0.6588785046728972,7.5,5.5,0.4,0.5,1.9,1.2,0.548,0.0,0.622,21.1,0.6919431279620853,3.0,5.2,0.5,0.4,1.2,0.8,0.583,0.0,0.6,17.2,0.5523255813953487,6.6,3.5,0.6,0.3,0.9,1.0,0.536,0.0,0.642,14.9,0.7315436241610739
2007-08,NOP,1610612740,2,Second Round Exit,0.706,100.4,42.7,21.6,7.6,4.0,12.4,0.461,0.385,0.782,5.7,36.0,15.0,108.0,101.5,6.5,92.2,0.5293333333333333,0.75,20.5,4.0,10.9,2.6,0.0,2.7,0.476,0.342,0.874,37.5,0.9413333333333332,19.8,9.2,2.3,0.8,1.4,2.2,0.476,0.263,0.844,37.3,0.8391420911528151,12.1,12.5,1.0,0.6,1.0,1.8,0.606,0.0,0.609,34.8,0.7298850574712645,16.3,4.0,1.2,0.8,0.1,0.8,0.462,0.478,0.931,33.4,0.6467065868263474,8.7,3.0,1.2,0.8,0.1,0.6,0.401,0.379,0.806,25.3,0.5217391304347826,9.2,5.1,1.6,1.0,0.5,1.5,0.423,0.222,0.647,22.1,0.7194570135746605,8.2,1.3,2.5,0.7,0.1,1.1,0.411,0.327,0.875,18.4,0.6358695652173914,5.4,2.2,0.8,0.3,0.4,0.2,0.359,0.331,0.852,18.4,0.4836956521739132
2007-08,NYK,1610612752,0,Missed Playoffs,0.288,94.7,41.9,18.3,6.3,2.3,15.5,0.439,0.334,0.723,-5.9,15.0,37.0,100.3,108.2,-7.9,93.0,0.47026666666666667,0.75,20.3,2.8,4.8,1.1,0.2,2.6,0.408,0.337,0.866,41.7,0.6378896882494005,13.9,2.5,4.7,0.9,0.1,2.0,0.419,0.378,0.716,33.5,0.6,17.3,10.3,2.0,0.9,0.2,2.9,0.46,0.333,0.762,33.3,0.8348348348348349,7.1,4.9,1.9,0.7,0.2,1.0,0.345,0.321,0.622,27.9,0.4946236559139785,10.3,8.3,1.0,0.6,0.3,1.4,0.565,0.0,0.815,27.6,0.6920289855072466,13.7,4.8,0.6,0.3,0.4,2.2,0.552,0.0,0.611,26.2,0.6717557251908398,6.5,2.5,2.4,0.8,0.2,1.1,0.41,0.354,0.726,25.6,0.44140625,11.7,2.9,2.9,0.7,0.0,1.4,0.415,0.359,0.77,23.8,0.7058823529411765
2007-08,ORL,1610612753,2,Second Round Exit,0.611,104.0,42.4,20.1,6.3,4.4,14.7,0.469,0.369,0.725,3.3,33.0,21.0,108.0,103.9,4.1,95.9,0.47026666666666667,0.75,18.3,5.2,2.4,1.2,0.4,1.8,0.439,0.388,0.85,39.0,0.6589743589743589,21.7,14.6,1.4,1.0,2.4,3.2,0.602,0.0,0.595,38.7,0.9793281653746767,19.5,6.1,4.6,1.0,0.4,2.9,0.447,0.385,0.827,37.6,0.7632978723404256,11.1,3.8,5.7,0.9,0.1,2.4,0.454,0.337,0.821,29.1,0.6597938144329897,9.1,3.6,1.1,0.7,0.1,0.8,0.409,0.355,0.786,28.3,0.4876325088339222,7.6,2.8,1.1,0.6,0.1,0.6,0.456,0.361,0.678,21.2,0.5471698113207546,7.0,1.9,3.5,0.4,0.0,1.3,0.448,0.34,0.825,20.8,0.5528846153846154,8.3,1.3,1.7,0.4,0.1,1.0,0.464,0.311,0.862,18.5,0.5837837837837838
2007-08,PHI,1610612755,1,First Round Exit,0.434,94.4,42.1,20.2,8.3,5.1,15.3,0.454,0.315,0.704,-0.6,23.0,30.0,100.7,102.4,-1.7,92.9,0.47026666666666667,0.625,19.4,5.6,4.7,2.2,0.7,3.0,0.447,0.311,0.74,39.1,0.7570332480818415,16.6,4.0,6.6,1.1,0.0,2.7,0.493,0.143,0.74,36.4,0.7032967032967035,11.2,10.0,0.6,0.4,2.5,1.8,0.518,0.0,0.717,33.2,0.6897590361445782,12.6,2.6,1.9,0.8,0.3,1.7,0.445,0.327,0.791,28.2,0.5851063829787234,5.1,8.1,0.8,0.9,0.1,1.5,0.43,1.0,0.445,24.4,0.5532786885245902,10.8,1.9,3.3,1.0,0.2,1.6,0.41,0.371,0.772,22.5,0.6933333333333334,6.6,3.9,0.6,0.8,0.2,0.9,0.522,0.25,0.705,17.5,0.64,4.8,3.2,0.3,0.3,0.6,0.7,0.461,0.222,0.653,15.3,0.5555555555555557
2007-08,PHX,1610612756,1,First Round Exit,0.698,109.8,40.7,27.2,7.3,7.0,13.8,0.493,0.383,0.796,5.8,37.0,16.0,110.6,103.6,7.1,99.3,0.5293333333333333,0.625,12.3,3.7,2.2,0.8,0.5,0.7,0.413,0.373,0.93,35.1,0.5356125356125356,17.4,3.5,11.7,0.7,0.1,3.9,0.508,0.467,0.899,34.6,0.8526011560693642,23.2,9.3,1.1,0.8,2.3,2.0,0.591,0.2,0.783,32.9,1.0547112462006079,14.8,4.6,3.3,0.9,0.8,1.6,0.506,0.338,0.872,32.7,0.6972477064220182,16.8,2.9,2.8,1.1,0.3,1.5,0.464,0.378,0.801,30.0,0.7466666666666667,8.1,4.5,4.0,0.7,0.5,1.9,0.453,0.346,0.764,28.7,0.554006968641115,14.2,7.8,1.4,0.6,1.6,3.0,0.581,0.0,0.494,28.6,0.7902097902097902,3.6,4.0,0.3,0.4,1.2,0.7,0.47,1.0,0.527,14.1,0.6241134751773049
2007-08,POR,1610612757,0,Missed Playoffs,0.538,95.4,40.2,21.3,5.4,4.4,13.3,0.453,0.379,0.761,-0.2,28.0,24.0,103.9,104.3,-0.4,90.3,0.5293333333333333,0.75,19.7,4.7,5.8,1.0,0.2,1.9,0.46,0.329,0.77,37.9,0.7783641160949868,17.0,7.4,1.3,0.6,1.3,1.6,0.48,0.0,0.757,34.3,0.7580174927113703,10.4,4.1,1.3,0.5,0.4,1.2,0.414,0.369,0.722,28.8,0.5381944444444444,7.8,2.5,4.7,0.8,0.1,1.3,0.438,0.437,0.655,28.5,0.512280701754386,9.4,2.8,3.7,0.7,0.0,2.4,0.431,0.347,0.863,26.6,0.5338345864661653,12.8,4.8,1.3,0.7,0.8,1.3,0.443,0.397,0.701,26.4,0.7234848484848486,9.1,2.8,0.7,0.4,0.3,0.5,0.467,0.483,0.892,23.2,0.5517241379310345,4.7,7.1,0.3,0.2,1.1,1.1,0.562,0.0,0.684,21.1,0.5829383886255924
2007-08,SAC,1610612758,0,Missed Playoffs,0.451,100.2,40.0,18.8,8.1,3.9,16.4,0.455,0.369,0.791,-2.1,23.0,28.0,102.9,105.6,-2.7,96.7,0.5293333333333333,0.625,19.0,5.7,3.9,2.1,0.8,2.8,0.443,0.351,0.685,38.4,0.7473958333333334,23.3,4.7,1.9,1.1,0.1,2.1,0.448,0.419,0.867,36.6,0.7923497267759563,14.4,9.7,3.6,1.0,1.0,2.4,0.463,0.308,0.85,36.3,0.7520661157024795,14.5,4.3,2.9,1.2,0.5,2.5,0.505,0.358,0.825,33.3,0.6276276276276277,11.9,3.4,3.9,1.0,0.2,2.2,0.442,0.402,0.854,30.9,0.5889967637540453,8.0,5.9,0.8,0.5,0.6,1.3,0.547,0.0,0.738,28.8,0.5034722222222222,6.7,2.3,4.8,1.0,0.2,1.2,0.431,0.429,0.813,26.7,0.5168539325842697,12.2,3.5,1.6,1.1,0.5,1.7,0.442,0.388,0.774,26.7,0.6441947565543072
2007-08,SAS,1610612759,3,Conference Finals,0.667,96.4,41.1,21.6,6.5,3.8,12.8,0.458,0.381,0.754,4.9,34.0,17.0,105.8,100.4,5.5,90.8,0.5293333333333333,0.75,19.9,11.5,3.1,0.8,1.8,2.5,0.512,0.0,0.701,34.8,0.9942528735632183,19.2,3.0,6.1,0.8,0.1,2.6,0.488,0.25,0.724,34.7,0.7665706051873198,20.1,5.0,4.6,1.7,0.4,2.8,0.451,0.412,0.831,31.1,0.932475884244373,5.6,2.6,1.2,0.7,0.3,0.6,0.406,0.419,0.674,30.4,0.3223684210526316,10.2,3.5,1.7,0.4,0.1,0.6,0.395,0.384,0.744,27.1,0.5645756457564575,7.5,8.9,1.3,0.9,1.0,0.7,0.506,0.0,0.696,25.5,0.7411764705882352,5.2,5.6,1.2,0.5,0.3,0.5,0.619,0.0,0.55,21.3,0.5774647887323944,7.0,2.4,3.5,0.6,0.0,1.6,0.384,0.372,0.828,21.3,0.5586854460093896
2007-08,OKC,1610612760,0,Missed Playoffs,0.255,96.8,45.2,21.6,6.5,5.3,15.9,0.44,0.333,0.769,-7.3,13.0,38.0,97.4,104.8,-7.4,98.8,0.5293333333333333,0.625,19.4,4.1,2.2,1.0,1.1,2.8,0.402,0.282,0.865,33.1,0.755287009063444,8.5,2.6,6.6,0.9,0.1,2.2,0.421,0.379,0.74,27.5,0.6,13.1,7.3,1.0,0.8,0.5,1.5,0.525,0.0,0.648,27.5,0.7709090909090909,9.3,8.8,1.4,0.6,0.7,1.5,0.5,0.0,0.779,26.9,0.7174721189591079,9.2,3.1,2.2,0.9,0.3,1.3,0.405,0.311,0.798,24.6,0.5853658536585366,8.6,4.4,1.3,0.4,0.7,1.9,0.44,0.154,0.696,24.5,0.5510204081632653,5.7,1.6,3.8,0.4,0.2,1.3,0.366,0.185,0.907,19.1,0.5445026178010471,4.3,3.0,0.4,0.0,0.8,0.6,0.293,0.364,0.778,14.7,0.5374149659863946
2007-08,TOR,1610612761,1,First Round Exit,0.549,99.0,40.2,23.1,7.1,3.9,11.8,0.462,0.421,0.813,3.9,28.0,23.0,107.5,102.8,4.7,91.6,0.47026666666666667,0.625,22.5,9.2,2.2,1.0,1.1,2.2,0.486,0.4,0.854,36.3,0.931129476584022,12.9,3.1,8.9,1.1,0.1,1.6,0.544,0.472,0.923,31.9,0.768025078369906,11.5,3.7,1.9,1.0,0.1,0.9,0.459,0.474,0.776,31.0,0.5580645161290323,8.2,6.1,1.1,1.0,1.4,0.8,0.462,0.297,0.7,27.9,0.6093189964157705,9.1,4.6,1.8,0.9,0.1,0.9,0.399,0.4,0.671,24.5,0.636734693877551,10.3,3.7,1.1,0.3,0.4,1.3,0.395,0.4,0.804,24.2,0.5991735537190083,12.1,2.0,6.6,1.1,0.0,2.0,0.468,0.24,0.868,23.8,0.8319327731092437,8.2,1.7,0.9,0.4,0.0,0.8,0.501,0.51,0.852,20.1,0.517412935323383
2007-08,UTA,1610612762,2,Second Round Exit,0.642,105.4,40.8,26.2,9.4,4.4,15.2,0.491,0.366,0.752,6.0,34.0,19.0,108.5,102.9,5.6,96.7,0.5293333333333333,0.875,19.1,3.0,9.7,1.2,0.3,3.5,0.515,0.407,0.8,37.0,0.8054054054054053,21.7,10.8,3.0,1.3,0.4,2.5,0.535,0.0,0.727,35.0,0.9914285714285713,11.8,5.4,4.5,1.3,1.8,2.3,0.495,0.362,0.789,32.6,0.6901840490797547,13.1,6.2,2.0,0.7,0.5,1.5,0.422,0.366,0.802,31.8,0.660377358490566,11.9,2.9,2.0,2.0,0.2,1.0,0.546,0.167,0.758,28.1,0.6405693950177935,10.3,2.6,1.4,0.7,0.4,1.0,0.43,0.36,0.895,25.0,0.5760000000000001,8.1,5.7,0.9,0.9,0.8,1.1,0.502,0.0,0.669,20.4,0.7500000000000002,8.3,3.1,1.0,0.5,0.2,1.1,0.497,0.25,0.718,17.1,0.7017543859649122
2007-08,WAS,1610612764,1,First Round Exit,0.481,98.5,42.4,19.1,7.7,4.8,14.0,0.443,0.341,0.798,0.0,25.0,27.0,104.8,105.5,-0.7,92.7,0.47026666666666667,1.0,21.4,6.8,4.5,2.4,0.4,2.5,0.476,0.365,0.913,40.2,0.8208955223880596,22.4,4.4,5.9,2.1,0.1,4.9,0.39,0.212,0.753,39.5,0.759493670886076,21.5,10.3,1.5,1.1,0.5,1.3,0.434,0.333,0.768,39.4,0.852791878172589,8.7,3.0,5.0,1.1,0.0,1.6,0.457,0.28,0.812,31.3,0.5175718849840255,10.4,3.0,3.0,0.7,0.3,1.4,0.38,0.363,0.782,31.0,0.5161290322580645,10.7,7.6,0.7,0.4,1.6,1.6,0.536,0.0,0.754,27.5,0.7054545454545452,8.3,1.5,1.6,0.5,0.2,0.8,0.434,0.369,0.933,20.7,0.5458937198067633,7.2,5.3,1.0,0.6,1.5,1.5,0.473,0.2,0.714,20.2,0.698019801980198
2008-09,ATL,1610612737,2,Second Round Exit,0.596,98.9,40.1,21.2,7.4,4.6,12.9,0.457,0.372,0.738,1.8,31.0,21.0,106.9,104.5,2.4,92.5,0.5112,0.75,21.6,4.4,6.1,1.1,0.3,2.4,0.433,0.344,0.805,39.8,0.7814070351758795,15.7,7.6,2.6,1.5,1.6,2.5,0.486,0.236,0.583,35.6,0.7443820224719101,13.9,6.5,1.4,0.9,0.6,1.1,0.457,0.37,0.815,35.1,0.6324786324786323,15.8,3.6,5.4,1.5,0.2,1.8,0.441,0.413,0.779,34.9,0.7077363896848139,10.4,8.4,2.5,0.7,1.5,1.5,0.518,0.0,0.724,31.9,0.6896551724137931,10.9,2.2,1.6,1.0,0.2,1.5,0.455,0.371,0.752,22.5,0.64,7.1,3.1,0.9,0.6,0.2,0.6,0.42,0.42,0.833,22.4,0.5044642857142857,6.5,6.0,0.8,0.5,0.4,1.1,0.488,0.0,0.697,20.3,0.6453201970443351
2008-09,BOS,1610612738,2,Second Round Exit,0.8,101.3,42.8,22.8,8.3,4.8,15.8,0.483,0.384,0.776,9.3,44.0,11.0,108.1,97.8,10.4,93.0,0.5112,1.0,19.9,5.7,3.8,1.0,0.3,2.8,0.451,0.384,0.853,37.1,0.752021563342318,17.9,3.3,2.8,1.0,0.1,1.7,0.491,0.402,0.946,36.2,0.6464088397790055,11.2,5.4,8.5,2.0,0.1,2.7,0.503,0.303,0.625,33.1,0.7401812688821753,16.4,8.9,2.7,1.2,1.2,1.7,0.525,0.25,0.838,32.5,0.883076923076923,8.0,7.9,1.1,0.3,1.8,2.1,0.589,0.0,0.573,28.6,0.5944055944055944,7.8,2.1,1.3,1.3,0.5,1.7,0.48,0.13,0.727,19.1,0.5916230366492148,4.8,3.5,0.7,0.6,0.2,0.7,0.406,0.5,0.776,17.7,0.5141242937853108,8.4,1.8,1.1,0.7,0.1,0.7,0.437,0.421,0.861,17.4,0.6551724137931035
2008-09,CHA,1610612766,0,Missed Playoffs,0.404,92.2,39.0,21.0,7.0,4.8,15.6,0.451,0.364,0.74,-1.7,21.0,31.0,100.4,102.9,-2.5,90.2,0.5112,0.375,13.5,3.9,6.8,1.7,0.4,2.8,0.394,0.305,0.794,38.2,0.6151832460732983,16.4,7.4,2.6,1.9,0.9,2.1,0.465,0.26,0.798,37.5,0.7226666666666666,14.0,10.8,0.6,0.5,1.8,1.9,0.582,0.0,0.593,34.3,0.752186588921283,11.6,3.3,2.0,0.5,0.1,1.1,0.451,0.428,0.852,33.4,0.49101796407185627,11.8,5.4,3.9,0.7,0.6,2.6,0.494,0.427,0.663,32.3,0.6130030959752323,12.8,2.0,4.0,0.5,0.0,2.0,0.414,0.413,0.916,28.8,0.6006944444444444,6.4,2.6,0.9,0.6,0.2,1.1,0.454,0.45,0.852,17.3,0.5549132947976878,6.3,1.7,0.7,0.2,0.3,0.3,0.429,0.4,0.667,15.6,0.5705128205128205
2008-09,CHI,1610612741,1,First Round Exit,0.434,100.3,42.2,21.2,7.5,5.7,15.1,0.45,0.375,0.784,-1.8,23.0,30.0,103.0,104.9,-1.8,96.0,0.5112,0.5,18.3,4.2,3.7,1.1,0.2,2.3,0.472,0.418,0.823,37.4,0.6737967914438503,17.0,3.6,6.3,0.8,0.2,2.5,0.473,0.259,0.79,36.8,0.6902173913043479,20.4,3.4,3.7,0.7,0.3,2.7,0.45,0.417,0.854,36.1,0.7146814404432132,14.3,6.0,1.9,1.2,0.5,1.4,0.451,0.375,0.81,34.6,0.6502890173410404,11.9,8.0,3.4,0.7,0.6,1.9,0.474,0.465,0.801,31.5,0.7206349206349206,8.9,2.5,4.6,1.3,0.3,2.0,0.422,0.347,0.769,26.1,0.5977011494252874,9.7,6.0,1.0,1.1,1.8,1.6,0.439,0.5,0.784,25.7,0.7003891050583658,9.6,3.4,1.2,0.6,0.2,1.3,0.442,0.408,0.747,21.5,0.6372093023255813
2008-09,CLE,1610612739,3,Conference Finals,0.784,100.9,41.7,20.1,7.6,5.6,12.9,0.472,0.382,0.752,9.8,40.0,11.0,110.1,98.8,11.3,91.7,0.5112,0.875,28.5,7.5,7.0,1.8,1.3,3.1,0.491,0.302,0.775,37.7,1.1405835543766576,17.6,3.3,4.1,0.8,0.1,2.4,0.468,0.404,0.931,34.4,0.683139534883721,12.3,3.1,3.5,1.5,0.2,1.1,0.467,0.409,0.831,33.3,0.5855855855855855,8.7,7.0,1.0,0.9,0.8,1.1,0.531,0.0,0.629,27.6,0.6268115942028984,13.5,7.3,1.2,0.4,1.2,1.7,0.492,0.458,0.806,27.0,0.811111111111111,8.6,2.1,1.7,0.7,0.2,0.9,0.394,0.38,0.75,24.9,0.49799196787148586,3.1,6.7,0.8,0.9,1.5,0.6,0.45,0.0,0.431,24.3,0.5102880658436215,7.4,3.1,1.0,0.4,0.1,0.8,0.438,0.405,0.853,21.3,0.5258215962441314
2008-09,DAL,1610612742,2,Second Round Exit,0.596,100.8,42.8,21.5,7.3,5.5,13.3,0.459,0.344,0.821,1.1,31.0,21.0,106.4,104.5,1.9,94.3,0.49133333333333334,1.0,25.9,8.3,2.3,0.7,0.7,2.1,0.474,0.379,0.909,37.5,0.9546666666666668,8.8,6.3,8.4,2.2,0.6,2.4,0.416,0.391,0.797,35.4,0.6751412429378532,19.9,2.5,3.7,1.4,0.3,1.9,0.467,0.366,0.877,33.7,0.7685459940652818,17.9,4.9,1.7,0.9,0.6,1.8,0.454,0.369,0.745,32.7,0.7400611620795106,5.4,7.4,1.0,0.3,1.3,1.0,0.646,0.0,0.627,23.5,0.6127659574468086,6.4,1.9,0.9,0.6,0.2,0.6,0.411,0.288,0.818,20.1,0.46766169154228854,8.3,4.4,0.5,0.3,0.7,1.1,0.483,0.0,0.871,19.7,0.6649746192893402,7.0,2.0,3.1,0.4,0.1,1.3,0.434,0.321,0.75,18.7,0.6042780748663101
2008-09,DEN,1610612743,3,Conference Finals,0.679,103.5,40.9,22.6,9.2,5.7,15.6,0.472,0.368,0.758,3.6,36.0,17.0,106.6,102.4,4.2,96.9,0.49133333333333334,0.75,18.0,2.6,6.2,1.4,0.2,2.1,0.416,0.384,0.901,34.7,0.7579250720461094,21.8,7.0,3.7,0.9,0.3,3.2,0.441,0.4,0.783,33.8,0.9023668639053254,12.9,6.4,2.2,1.7,1.2,1.7,0.506,0.452,0.572,33.4,0.6796407185628742,14.7,8.1,1.4,1.3,1.4,1.9,0.61,0.25,0.728,32.7,0.7645259938837918,13.7,3.9,2.7,1.0,0.2,1.9,0.434,0.386,0.693,27.2,0.7205882352941176,5.8,2.9,4.9,1.3,0.2,2.1,0.443,0.242,0.811,24.5,0.5306122448979592,10.5,4.1,0.8,0.4,0.2,1.1,0.451,0.355,0.754,23.5,0.6340425531914894,6.0,2.3,1.0,0.8,0.2,0.9,0.452,0.5,0.739,19.7,0.4771573604060914
2008-09,DET,1610612765,1,First Round Exit,0.529,93.9,40.6,20.2,6.5,4.8,12.1,0.456,0.35,0.746,-0.4,27.0,24.0,103.8,104.3,-0.5,89.7,0.5112,0.875,18.2,3.2,5.1,1.6,0.1,2.7,0.421,0.298,0.787,38.3,0.6657963446475197,13.7,6.5,3.3,0.6,0.7,1.3,0.448,0.372,0.773,37.5,0.6266666666666667,13.0,7.6,1.2,1.0,1.4,1.1,0.435,0.373,0.764,33.5,0.68955223880597,17.4,3.0,3.6,0.5,0.1,1.7,0.458,0.355,0.858,33.2,0.6897590361445783,13.7,3.4,4.9,1.1,0.2,2.2,0.461,0.346,0.768,31.1,0.6784565916398714,7.3,8.6,1.1,0.7,0.5,0.8,0.505,0.0,0.63,25.6,0.6796874999999999,4.2,4.4,0.3,0.4,1.0,0.7,0.59,0.0,0.708,16.9,0.5680473372781067,5.3,3.6,0.2,0.4,0.9,0.6,0.555,0.0,0.539,16.0,0.6125
2008-09,GSW,1610612744,0,Missed Playoffs,0.352,107.5,42.2,20.6,8.0,6.5,14.8,0.455,0.371,0.778,-3.5,19.0,35.0,105.8,109.2,-3.4,100.3,0.49133333333333334,0.75,20.5,4.9,6.3,1.5,0.6,3.8,0.405,0.344,0.824,40.2,0.746268656716418,19.0,2.8,4.6,0.8,0.2,2.4,0.417,0.354,0.875,37.7,0.663129973474801,19.7,5.7,1.7,0.9,0.1,2.2,0.468,0.208,0.815,32.9,0.7872340425531915,13.2,3.9,2.5,1.2,0.5,2.5,0.386,0.714,0.778,32.2,0.5838509316770185,13.0,11.8,2.0,1.2,1.6,1.8,0.568,0.0,0.56,31.0,0.8967741935483872,13.5,4.8,1.4,0.8,0.6,1.2,0.466,0.462,0.789,30.8,0.6461038961038962,9.2,2.5,2.5,1.2,0.0,1.2,0.471,0.467,0.833,24.7,0.5748987854251012,9.6,1.7,2.1,0.8,0.0,1.4,0.441,0.381,0.767,21.5,0.5953488372093023
2008-09,HOU,1610612745,2,Second Round Exit,0.604,98.4,42.8,20.3,6.8,3.7,14.1,0.445,0.372,0.809,2.8,32.0,21.0,104.7,102.7,2.0,92.9,0.49133333333333334,0.75,15.9,5.3,3.1,1.7,0.4,2.1,0.388,0.4,0.735,34.4,0.7063953488372092,15.6,4.4,5.0,1.2,0.4,2.0,0.388,0.376,0.801,33.8,0.727810650887574,19.8,9.6,1.7,0.4,1.7,3.1,0.544,0.0,0.873,32.7,0.9204892966360854,6.4,4.8,2.1,0.7,0.8,0.9,0.381,0.366,0.864,31.9,0.43573667711598746,12.4,8.1,1.2,0.8,0.1,1.4,0.527,0.0,0.735,28.8,0.7361111111111112,10.3,2.0,2.6,0.5,0.1,1.4,0.4,0.353,0.883,22.8,0.6184210526315789,7.7,2.3,3.8,1.0,0.2,1.7,0.412,0.258,0.796,22.5,0.5911111111111111,9.2,5.1,0.7,0.3,0.3,0.9,0.561,0.5,0.834,21.1,0.6966824644549762
2008-09,IND,1610612754,0,Missed Playoffs,0.389,104.8,43.1,22.6,6.9,5.1,15.0,0.451,0.371,0.812,-2.3,21.0,33.0,104.5,106.9,-2.5,99.1,0.5112,0.625,25.4,5.0,3.2,1.0,1.5,2.5,0.435,0.398,0.889,36.7,0.9155313351498637,12.9,11.4,2.3,0.9,0.4,1.4,0.464,0.435,0.802,33.4,0.7934131736526946,10.9,3.1,3.7,0.9,0.1,2.3,0.429,0.357,0.849,30.7,0.5342019543973942,15.1,3.4,5.2,1.1,0.1,2.2,0.446,0.344,0.875,30.6,0.7418300653594772,13.3,4.5,2.1,1.1,0.4,1.5,0.457,0.183,0.723,30.2,0.6589403973509934,15.1,3.8,2.4,0.7,0.5,2.1,0.401,0.356,0.815,27.5,0.7418181818181816,6.8,6.7,1.9,0.7,0.6,1.4,0.529,0.286,0.633,24.5,0.6244897959183674,6.0,2.6,0.8,0.6,0.4,1.0,0.389,0.356,0.692,21.1,0.44549763033175355
2008-09,LAC,1610612746,0,Missed Playoffs,0.245,94.5,40.6,20.9,6.9,6.1,14.8,0.435,0.34,0.752,-7.6,13.0,40.0,99.1,107.0,-7.9,94.1,0.49133333333333334,0.375,16.9,5.2,1.5,0.8,0.9,2.0,0.434,0.265,0.768,37.8,0.6164021164021164,22.0,10.7,2.1,0.9,0.3,2.6,0.475,0.388,0.756,36.7,0.9100817438692097,13.9,9.4,1.9,0.7,1.9,2.7,0.571,0.0,0.75,35.5,0.7070422535211267,15.5,3.4,8.1,1.7,0.5,2.6,0.352,0.281,0.759,35.2,0.755681818181818,11.6,12.7,2.2,0.8,2.4,1.6,0.519,0.0,0.745,33.5,0.8388059701492535,13.7,2.6,1.1,1.4,0.2,1.6,0.432,0.343,0.722,33.1,0.525679758308157,14.7,2.4,2.6,1.0,0.5,1.9,0.445,0.373,0.865,33.0,0.5848484848484848,6.5,2.1,4.3,0.8,0.2,1.6,0.385,0.357,0.804,25.1,0.49003984063745015
2008-09,LAL,1610612747,5,Champion,0.808,108.7,44.2,23.1,8.3,5.3,13.5,0.479,0.37,0.767,8.3,42.0,10.0,111.3,102.5,8.8,97.1,0.49133333333333334,1.0,27.7,5.6,5.0,1.3,0.4,2.7,0.475,0.35,0.869,36.5,1.0219178082191778,18.3,9.4,3.5,0.4,0.9,1.9,0.56,0.5,0.78,36.5,0.8383561643835616,10.8,2.4,3.7,1.3,0.1,1.1,0.424,0.416,0.853,31.6,0.5443037974683544,14.0,8.2,1.5,0.4,1.9,1.7,0.558,0.0,0.703,29.1,0.8350515463917524,10.3,7.1,2.3,1.1,1.1,1.8,0.492,0.31,0.606,27.9,0.7204301075268819,8.6,4.6,1.9,1.5,0.4,1.1,0.47,0.33,0.692,23.8,0.6680672268907563,7.6,2.1,2.5,1.0,0.2,1.3,0.419,0.349,0.625,19.2,0.6302083333333333,6.0,1.7,1.5,0.9,0.1,0.4,0.391,0.362,0.902,16.6,0.5903614457831324
2008-09,MEM,1610612763,0,Missed Playoffs,0.288,93.2,39.0,16.8,7.5,4.3,15.0,0.449,0.337,0.753,-6.0,15.0,37.0,100.1,106.3,-6.2,92.3,0.49133333333333334,0.5,19.3,4.3,2.8,1.1,0.2,2.6,0.442,0.385,0.873,37.9,0.662269129287599,18.8,5.7,1.7,1.4,0.6,2.9,0.447,0.312,0.787,37.4,0.6764705882352942,11.0,7.1,1.7,0.8,1.0,1.9,0.523,0.0,0.71,30.2,0.6523178807947021,8.8,3.2,3.6,0.8,0.1,1.5,0.423,0.373,0.803,27.3,0.5494505494505494,12.0,5.3,0.9,0.7,0.5,1.4,0.477,0.188,0.7,25.9,0.694980694980695,6.1,4.9,0.5,0.4,1.1,0.8,0.54,0.0,0.522,20.1,0.6069651741293531,5.6,4.4,0.5,0.7,0.6,0.8,0.407,0.0,0.682,19.9,0.5527638190954773,4.0,2.2,0.8,0.5,0.2,0.5,0.376,0.333,0.75,18.1,0.39779005524861877
2008-09,MIA,1610612748,1,First Round Exit,0.538,96.3,39.5,19.9,8.2,5.6,12.7,0.45,0.356,0.741,0.1,28.0,24.0,103.6,102.9,0.7,92.6,0.5112,0.5,28.3,5.0,7.0,2.1,1.4,3.5,0.478,0.277,0.741,38.0,1.0605263157894735,10.8,8.3,1.3,0.6,0.4,1.1,0.514,0.0,0.733,34.5,0.5884057971014492,10.1,2.6,4.8,1.9,0.1,2.1,0.426,0.375,0.733,31.6,0.550632911392405,13.5,7.0,1.6,0.4,2.0,2.2,0.473,0.0,0.81,29.7,0.7508417508417509,10.4,2.6,1.1,0.6,0.2,0.6,0.385,0.411,0.878,25.7,0.556420233463035,7.3,4.6,1.3,1.2,0.8,0.6,0.473,0.345,0.846,25.5,0.5725490196078431,13.3,5.3,0.9,0.5,0.5,1.7,0.455,0.382,0.768,24.3,0.7736625514403292,2.5,3.5,0.4,0.4,1.6,0.7,0.467,0.0,0.658,17.8,0.43258426966292135
2008-09,MIL,1610612749,0,Missed Playoffs,0.473,99.4,41.2,21.6,7.1,3.7,14.3,0.451,0.359,0.782,0.3,26.0,29.0,104.6,104.3,0.3,94.3,0.5112,0.5,21.2,3.2,2.7,1.1,0.1,1.6,0.455,0.366,0.814,36.4,0.7335164835164836,17.8,4.9,2.3,0.7,0.1,1.8,0.432,0.41,0.784,35.9,0.668523676880223,11.7,10.3,2.0,0.6,1.0,2.4,0.577,0.0,0.571,31.2,0.7435897435897437,10.7,3.4,5.7,1.4,0.3,2.0,0.418,0.302,0.894,31.1,0.6270096463022508,11.7,3.0,4.8,1.0,0.1,1.8,0.452,0.172,0.8,25.5,0.7372549019607844,15.7,6.5,1.7,0.6,0.8,1.7,0.461,0.373,0.868,25.4,0.9291338582677167,7.1,6.0,0.9,1.0,0.5,1.3,0.443,0.0,0.754,25.1,0.5657370517928286,7.4,1.5,2.0,0.7,0.1,1.1,0.42,0.328,0.864,23.9,0.4435146443514644
2008-09,MIN,1610612750,0,Missed Playoffs,0.333,98.7,42.2,20.4,6.5,4.1,14.2,0.439,0.337,0.77,-3.7,17.0,34.0,102.3,108.1,-5.7,94.7,0.49133333333333334,0.75,23.1,11.0,1.6,0.8,1.7,1.8,0.497,0.0,0.738,36.7,0.9918256130790192,16.2,3.3,4.7,1.1,0.4,2.3,0.409,0.341,0.861,36.1,0.6481994459833794,11.5,4.4,1.6,0.8,0.3,1.4,0.432,0.378,0.808,31.4,0.5477707006369428,9.1,5.6,3.7,0.4,0.3,1.7,0.47,0.343,0.697,31.0,0.5612903225806452,8.1,1.8,4.5,1.0,0.1,1.9,0.348,0.321,0.796,26.1,0.5210727969348659,9.4,8.7,1.2,0.4,0.6,1.4,0.451,0.143,0.775,23.8,0.7941176470588236,6.2,3.3,1.7,1.0,0.2,0.9,0.411,0.417,0.737,20.5,0.5609756097560975,9.0,3.5,1.3,0.3,0.3,1.1,0.546,0.0,0.714,20.0,0.6650000000000001
2008-09,BKN,1610612751,0,Missed Playoffs,0.453,98.2,40.8,19.5,6.9,4.5,13.5,0.444,0.38,0.775,-1.9,24.0,29.0,105.1,107.3,-2.3,92.2,0.5112,0.25,20.8,5.1,4.9,1.0,0.4,2.0,0.439,0.393,0.815,36.5,0.8273972602739725,21.8,3.2,6.5,1.6,0.2,2.9,0.441,0.316,0.819,35.8,0.8491620111731846,12.3,8.1,0.8,0.5,1.8,1.8,0.508,0.0,0.814,29.9,0.725752508361204,7.7,4.4,1.4,0.8,0.1,1.0,0.426,0.427,0.758,26.3,0.5095057034220533,9.3,1.9,3.4,0.9,0.0,1.3,0.438,0.446,0.79,26.2,0.5419847328244275,10.5,6.2,1.2,0.5,0.6,1.3,0.403,0.396,0.783,26.2,0.6755725190839694,8.4,3.9,0.8,0.8,0.1,0.8,0.432,0.347,0.719,25.5,0.5176470588235295,7.2,4.7,0.8,0.6,0.3,1.0,0.389,0.365,0.819,19.6,0.6428571428571429
2008-09,NOP,1610612740,1,First Round Exit,0.6,95.3,38.3,19.6,7.5,4.3,12.7,0.452,0.383,0.815,2.2,30.0,20.0,106.3,103.5,2.8,89.8,0.49133333333333334,0.625,19.5,7.5,2.0,0.7,1.0,2.0,0.463,0.278,0.897,37.7,0.7612732095490715,21.3,5.3,10.8,2.7,0.2,3.1,0.496,0.359,0.859,37.3,0.9973190348525472,14.4,4.3,1.4,0.8,0.1,0.9,0.411,0.398,0.913,34.2,0.587719298245614,8.8,8.3,0.5,0.3,1.4,1.3,0.563,0.0,0.584,31.1,0.5787781350482315,9.5,4.7,1.1,0.8,0.3,1.0,0.442,0.408,0.827,28.8,0.5347222222222222,9.7,3.0,0.9,0.6,0.6,0.7,0.442,0.413,0.768,28.1,0.5017793594306049,4.9,1.1,3.0,0.5,0.0,0.9,0.399,0.366,0.803,17.2,0.5,6.1,2.2,1.1,0.7,0.1,0.9,0.366,0.246,0.848,15.8,0.5886075949367088
2008-09,NYK,1610612752,0,Missed Playoffs,0.404,105.1,42.5,21.7,7.1,2.4,14.9,0.443,0.358,0.799,-2.7,21.0,31.0,104.7,108.4,-3.7,99.5,0.5112,0.625,12.5,3.6,8.0,1.0,0.1,2.8,0.424,0.397,0.864,38.7,0.578811369509044,16.4,11.8,2.0,0.9,0.3,2.1,0.564,0.0,0.777,35.5,0.8253521126760562,20.2,6.4,1.4,1.1,0.4,2.2,0.423,0.358,0.776,35.0,0.78,13.7,5.0,2.1,0.8,0.8,1.8,0.426,0.301,0.82,32.1,0.6417445482866044,16.0,4.0,3.8,1.5,0.1,1.7,0.438,0.311,0.822,29.5,0.8033898305084747,11.0,4.7,1.9,0.7,0.1,1.2,0.387,0.372,0.771,28.9,0.5951557093425606,12.0,3.1,2.0,1.2,0.3,1.2,0.412,0.392,0.817,26.4,0.6590909090909092,4.8,4.4,1.4,0.6,0.7,1.5,0.424,0.0,0.612,22.8,0.4561403508771929
2008-09,OKC,1610612760,0,Missed Playoffs,0.245,97.5,43.0,20.3,6.8,4.6,16.4,0.449,0.37,0.773,-5.8,13.0,40.0,100.2,107.0,-6.8,96.2,0.49133333333333334,0.5,25.5,6.7,2.8,1.2,0.8,3.1,0.479,0.429,0.858,39.9,0.849624060150376,16.7,6.6,2.1,1.0,0.5,2.1,0.453,0.415,0.77,36.8,0.6739130434782609,15.0,4.7,4.9,1.4,0.2,3.1,0.407,0.296,0.808,31.7,0.7287066246056781,7.5,4.0,1.2,0.4,0.8,1.4,0.435,0.0,0.541,27.3,0.45787545787545786,6.4,2.5,5.8,0.7,0.1,2.3,0.382,0.278,0.76,26.5,0.4981132075471698,8.2,6.7,0.8,0.6,0.7,1.1,0.587,0.0,0.766,25.5,0.6235294117647059,8.6,5.1,0.5,0.4,1.2,1.1,0.443,0.0,0.769,22.8,0.644736842105263,3.6,2.0,1.8,0.6,0.3,1.0,0.429,0.278,0.765,17.3,0.42196531791907504
2008-09,ORL,1610612753,4,Finals Loss,0.745,102.2,43.2,19.3,7.1,5.3,14.1,0.46,0.396,0.722,8.1,38.0,13.0,108.3,98.3,9.9,94.8,0.5112,0.5,17.1,5.3,4.9,0.9,0.3,2.7,0.401,0.362,0.809,36.9,0.6991869918699188,18.5,5.8,2.7,1.1,0.6,2.1,0.442,0.415,0.822,36.8,0.7228260869565218,20.5,14.1,1.3,1.0,2.9,2.9,0.564,0.0,0.588,36.3,1.0165289256198347,11.6,3.0,5.3,1.1,0.1,1.8,0.371,0.342,0.789,33.2,0.5813253012048193,16.7,3.5,5.4,1.2,0.1,2.0,0.503,0.453,0.887,31.2,0.7980769230769231,11.9,3.4,1.2,0.7,0.3,1.4,0.458,0.37,0.778,26.4,0.609848484848485,7.1,2.0,1.2,1.0,0.2,0.9,0.463,0.421,0.783,22.4,0.47321428571428564,4.8,1.8,2.6,0.7,0.1,0.9,0.391,0.405,0.745,19.0,0.4789473684210525
2008-09,PHI,1610612755,1,First Round Exit,0.529,96.6,42.5,20.8,8.1,5.5,15.1,0.458,0.322,0.747,1.2,27.0,24.0,103.0,102.3,0.8,93.3,0.5112,0.75,17.8,6.0,5.3,1.7,0.4,2.7,0.475,0.289,0.74,38.8,0.7345360824742269,16.0,4.3,6.5,1.3,0.2,2.5,0.479,0.333,0.834,36.0,0.7166666666666667,13.7,4.9,1.2,1.3,0.3,1.7,0.48,0.336,0.72,33.9,0.5811209439528024,13.8,8.8,1.3,0.6,1.6,2.3,0.447,0.0,0.676,31.7,0.7507886435331231,6.0,8.6,0.3,0.4,1.8,1.5,0.502,0.0,0.765,24.6,0.6341463414634146,12.2,2.0,3.2,0.9,0.2,1.9,0.389,0.284,0.772,22.8,0.7280701754385964,8.4,1.5,2.1,0.6,0.2,0.8,0.44,0.327,0.698,21.6,0.5555555555555555,8.1,3.8,0.4,0.4,0.8,0.7,0.536,0.25,0.79,15.5,0.8258064516129032
2008-09,PHX,1610612756,0,Missed Playoffs,0.549,104.4,41.6,21.9,6.4,5.0,16.3,0.494,0.38,0.761,0.9,28.0,23.0,108.0,106.0,2.0,96.7,0.49133333333333334,0.625,21.0,8.1,2.0,1.0,1.1,2.9,0.53,0.429,0.834,37.1,0.8167115902964961,16.7,4.3,2.2,1.1,0.3,1.5,0.457,0.411,0.763,34.8,0.6637931034482759,13.8,3.2,9.8,0.7,0.2,3.8,0.468,0.418,0.939,33.8,0.7071005917159764,17.3,9.0,1.6,0.4,1.5,2.3,0.584,0.0,0.619,30.6,0.8986928104575163,11.1,4.8,1.8,1.0,0.6,1.5,0.525,0.333,0.817,28.9,0.615916955017301,9.4,5.2,2.0,0.5,0.3,1.7,0.411,0.348,0.703,25.5,0.6156862745098041,12.8,2.4,2.0,1.0,0.0,1.2,0.472,0.364,0.892,22.8,0.7456140350877194,3.6,2.2,0.6,0.7,0.1,0.3,0.47,0.4,0.639,14.4,0.4791666666666667
2008-09,POR,1610612757,1,First Round Exit,0.615,98.9,41.1,20.3,6.9,4.9,13.2,0.462,0.384,0.761,3.5,32.0,20.0,110.3,105.9,4.4,89.1,0.49133333333333334,0.625,22.7,4.7,5.1,1.1,0.3,2.0,0.474,0.392,0.819,37.5,0.8506666666666667,17.6,6.8,1.8,1.0,1.0,1.4,0.489,0.176,0.746,36.5,0.7342465753424658,11.3,2.3,4.7,1.1,0.0,1.5,0.434,0.434,0.857,30.4,0.5888157894736843,12.3,4.1,1.1,0.6,0.7,1.2,0.441,0.405,0.696,27.5,0.64,10.6,3.0,2.2,0.9,0.2,1.3,0.416,0.389,0.888,26.2,0.5954198473282442,9.0,7.2,0.7,0.5,1.2,1.6,0.568,0.0,0.634,22.9,0.7423580786026199,5.1,7.8,0.3,0.3,0.9,0.8,0.68,0.0,0.657,21.9,0.6210045662100457,4.7,2.8,0.9,0.6,0.5,0.7,0.414,0.345,0.742,17.5,0.5028571428571429
2008-09,SAC,1610612758,0,Missed Playoffs,0.204,99.1,38.5,19.9,6.8,3.9,15.8,0.445,0.356,0.803,-9.8,11.0,43.0,101.3,112.1,-10.8,96.2,0.49133333333333334,0.5,24.0,3.3,2.5,1.1,0.1,2.7,0.419,0.425,0.864,37.9,0.7467018469656993,10.8,2.6,4.3,1.3,0.1,2.3,0.466,0.323,0.816,29.9,0.5618729096989967,10.1,6.4,1.6,0.5,1.5,1.9,0.438,0.349,0.695,27.0,0.6740740740740742,10.4,6.8,1.0,0.6,0.5,1.8,0.5,0.0,0.713,26.3,0.6653992395437263,11.1,2.9,1.7,1.1,0.9,1.2,0.425,0.325,0.788,26.1,0.632183908045977,10.4,4.2,1.1,0.5,0.3,1.4,0.414,0.378,0.806,24.1,0.6265560165975105,9.2,1.9,0.9,0.8,0.2,1.3,0.362,0.322,0.747,19.0,0.6157894736842104,6.7,2.5,1.5,0.6,0.0,0.8,0.393,0.296,0.841,18.6,0.5645161290322579
2008-09,SAS,1610612759,1,First Round Exit,0.686,97.8,40.5,22.0,5.9,4.2,12.2,0.465,0.392,0.769,3.3,35.0,16.0,106.1,102.3,3.8,91.0,0.49133333333333334,0.75,20.8,10.5,3.9,0.5,1.8,2.2,0.522,0.0,0.696,35.3,1.0,20.4,2.8,6.4,0.9,0.1,2.5,0.494,0.361,0.801,33.9,0.8289085545722714,11.9,3.2,1.9,0.5,0.1,1.3,0.427,0.449,0.882,30.4,0.5361842105263158,13.1,8.6,1.4,0.8,0.5,1.8,0.457,0.0,0.866,29.6,0.7635135135135134,9.2,3.4,1.5,0.4,0.2,0.8,0.431,0.384,0.825,27.8,0.49999999999999994,16.1,4.7,3.5,1.5,0.4,2.2,0.46,0.335,0.88,27.2,0.8823529411764706,8.5,4.8,1.2,0.6,0.3,0.5,0.528,0.49,0.75,23.1,0.645021645021645,2.8,1.8,0.5,0.5,0.1,0.4,0.447,0.435,0.471,19.7,0.26903553299492383
2008-09,TOR,1610612761,0,Missed Playoffs,0.382,96.9,39.0,21.5,6.2,4.9,13.2,0.458,0.374,0.828,-2.8,21.0,34.0,104.1,106.5,-2.4,92.8,0.5112,0.75,22.7,9.5,2.4,0.8,0.9,2.4,0.496,0.3,0.808,38.2,0.8874345549738218,12.0,8.7,1.8,1.4,1.1,1.3,0.482,0.2,0.788,36.1,0.6565096952908587,13.1,3.2,8.5,1.0,0.0,2.0,0.494,0.442,0.98,34.5,0.6898550724637681,10.3,3.7,3.3,1.2,0.2,1.4,0.422,0.386,0.813,32.8,0.5274390243902439,13.8,5.3,1.0,0.4,1.1,1.6,0.427,0.387,0.83,30.4,0.6578947368421053,8.2,2.0,1.6,0.3,0.1,1.0,0.441,0.422,0.84,24.0,0.4666666666666666,7.7,3.7,0.7,0.5,0.2,0.8,0.494,0.231,0.821,20.5,0.5853658536585366,4.6,1.0,1.8,0.4,0.0,0.9,0.419,0.225,0.838,12.4,0.5564516129032258
2008-09,UTA,1610612762,1,First Round Exit,0.566,102.6,41.1,24.6,8.6,4.7,15.2,0.478,0.34,0.766,2.6,30.0,23.0,107.4,104.6,2.8,94.8,0.49133333333333334,1.0,19.2,2.9,10.0,1.1,0.2,3.6,0.472,0.32,0.824,35.9,0.8300835654596099,17.8,8.4,1.8,0.8,0.7,2.0,0.489,0.424,0.832,34.9,0.7879656160458454,20.5,11.7,2.7,0.9,0.3,2.0,0.559,0.0,0.727,33.8,1.0088757396449706,14.7,9.2,2.2,1.0,1.0,2.1,0.548,0.0,0.7,32.1,0.8099688473520248,13.3,3.5,2.2,1.5,0.3,1.4,0.495,0.258,0.681,31.8,0.6100628930817611,12.7,5.8,3.1,1.6,1.4,1.9,0.464,0.239,0.798,30.0,0.7566666666666667,9.9,2.5,1.6,0.6,0.2,1.1,0.471,0.366,0.848,23.8,0.5756302521008403,8.4,3.1,1.8,0.6,0.3,1.1,0.422,0.361,0.855,23.2,0.5646551724137931
2008-09,WAS,1610612764,0,Missed Playoffs,0.208,94.5,39.7,20.5,7.4,3.9,13.8,0.444,0.328,0.762,-8.0,11.0,42.0,101.3,111.0,-9.8,92.6,0.5112,0.875,20.5,6.3,4.4,1.6,0.2,3.3,0.453,0.325,0.859,38.9,0.7634961439588691,21.4,9.1,1.9,1.2,0.4,1.4,0.465,0.338,0.748,38.6,0.844559585492228,6.6,2.4,3.1,0.7,0.1,1.0,0.312,0.271,0.533,27.7,0.42960288808664254,8.2,2.2,3.3,0.6,0.1,1.5,0.375,0.37,0.787,25.6,0.5039062499999999,10.1,5.4,1.8,0.8,1.0,1.6,0.481,0.2,0.747,23.4,0.7478632478632479,10.8,1.8,1.2,0.4,0.2,1.1,0.455,0.337,0.857,22.0,0.6045454545454546,3.6,4.6,1.8,0.7,0.8,1.0,0.414,0.667,0.679,21.7,0.4838709677419355,6.1,2.6,1.1,0.7,0.1,0.9,0.5,0.0,0.851,18.5,0.5243243243243242
2009-10,ATL,1610612737,2,Second Round Exit,0.647,101.5,41.2,21.7,7.2,5.2,12.0,0.465,0.358,0.762,4.5,33.0,18.0,108.3,103.8,4.5,93.1,0.4762666666666666,0.875,21.6,4.6,4.6,1.1,0.1,2.1,0.46,0.367,0.844,37.8,0.7910052910052913,13.4,9.4,2.1,0.7,1.2,1.5,0.563,1.0,0.763,34.9,0.7249283667621776,15.2,8.5,3.9,1.5,2.1,2.1,0.511,0.0,0.616,34.0,0.8558823529411764,17.8,2.4,2.9,0.8,0.1,1.7,0.464,0.382,0.848,30.5,0.7311475409836066,10.3,5.1,1.0,0.7,0.7,0.8,0.441,0.33,0.824,29.8,0.570469798657718,8.9,2.2,4.3,0.9,0.0,1.2,0.406,0.369,0.845,27.3,0.5531135531135531,4.9,1.9,0.6,0.5,0.2,0.3,0.423,0.347,0.867,15.3,0.5098039215686274,4.4,3.4,0.4,0.4,0.4,0.7,0.466,0.0,0.655,13.8,0.601449275362319
2009-10,BOS,1610612738,4,Finals Loss,0.64,98.7,38.8,23.5,8.7,4.9,15.7,0.484,0.347,0.743,5.0,32.0,18.0,104.9,99.0,5.9,93.8,0.4762666666666666,0.625,14.3,4.4,9.7,2.5,0.1,2.9,0.529,0.255,0.591,36.9,0.7615176151761519,16.0,3.4,2.7,0.9,0.3,1.8,0.45,0.338,0.892,36.7,0.5858310626702996,18.6,4.7,3.3,1.2,0.4,2.6,0.471,0.448,0.861,35.5,0.7211267605633802,14.3,7.3,2.7,0.9,0.8,1.6,0.536,0.0,0.828,30.6,0.7973856209150326,11.2,8.1,1.1,0.3,1.9,2.5,0.614,0.0,0.587,28.6,0.7027972027972027,13.2,2.4,3.7,0.9,0.2,1.8,0.452,0.375,0.778,24.4,0.7622950819672131,10.0,4.2,1.2,1.2,0.8,0.9,0.408,0.296,0.789,23.7,0.6962025316455697,6.2,2.0,2.0,0.7,0.1,0.9,0.5,0.25,0.552,20.2,0.4999999999999999
2009-10,CHA,1610612766,1,First Round Exit,0.51,95.1,40.4,19.6,7.7,4.8,15.8,0.452,0.34,0.74,0.9,26.0,25.0,100.9,100.4,0.5,93.0,0.4762666666666666,0.5,18.8,10.9,2.0,1.6,1.2,2.3,0.481,0.357,0.76,42.2,0.7630331753554505,20.9,4.8,3.9,1.8,0.5,3.2,0.434,0.328,0.772,39.3,0.7302798982188295,10.3,4.8,3.7,0.7,0.6,2.3,0.458,0.325,0.779,35.2,0.5056818181818181,12.1,3.5,5.1,1.7,0.2,2.2,0.453,0.396,0.764,32.6,0.6257668711656441,9.6,3.5,3.5,1.3,0.4,1.8,0.366,0.289,0.823,26.4,0.625,6.3,6.7,0.4,0.3,1.1,2.1,0.504,0.0,0.722,24.6,0.516260162601626,8.8,6.3,1.1,1.3,1.6,1.8,0.474,0.0,0.647,23.2,0.745689655172414,5.8,1.1,2.4,0.5,0.0,0.8,0.369,0.366,0.763,18.3,0.4918032786885246
2009-10,CHI,1610612741,1,First Round Exit,0.49,95.2,45.3,20.1,6.8,6.3,14.9,0.44,0.337,0.758,-2.7,25.0,26.0,98.3,101.1,-2.8,95.7,0.4762666666666666,0.625,18.1,7.5,2.0,1.0,1.0,2.0,0.468,0.411,0.772,38.2,0.7225130890052356,19.6,3.7,5.7,0.7,0.3,2.8,0.471,0.227,0.765,36.2,0.7513812154696132,11.2,12.0,2.1,0.6,1.7,2.1,0.495,0.0,0.772,32.7,0.7798165137614678,10.2,3.6,4.4,1.0,0.3,1.8,0.38,0.352,0.747,32.4,0.5462962962962963,8.0,6.4,0.7,0.6,1.1,1.3,0.472,0.0,0.619,24.6,0.6300813008130081,8.6,2.6,1.4,0.7,0.1,1.3,0.378,0.354,0.802,22.9,0.5283842794759824,7.4,4.2,1.6,0.6,0.4,1.2,0.412,0.298,0.839,22.0,0.5909090909090909,10.0,2.2,1.8,0.6,0.3,1.4,0.39,0.31,0.71,21.7,0.6221198156682027
2009-10,CLE,1610612739,2,Second Round Exit,0.796,101.6,42.2,21.7,6.8,5.6,14.6,0.487,0.405,0.732,7.4,43.0,11.0,109.0,100.3,8.6,93.2,0.4762666666666666,0.625,20.5,8.8,1.3,1.0,0.2,1.5,0.45,0.345,0.7,38.9,0.7789203084832905,29.9,7.1,8.3,1.6,1.0,3.6,0.506,0.361,0.776,38.8,1.1417525773195876,16.9,3.2,5.1,1.2,0.2,2.7,0.446,0.429,0.897,35.6,0.6713483146067414,8.4,7.9,0.9,1.0,1.0,1.0,0.551,0.25,0.656,29.5,0.6169491525423728,7.1,2.8,1.7,0.7,0.3,0.9,0.431,0.447,0.786,28.6,0.409090909090909,7.4,2.3,3.0,1.0,0.6,1.4,0.445,0.41,0.831,23.4,0.5512820512820512,11.7,6.8,1.6,0.3,1.2,2.0,0.559,0.0,0.512,23.1,0.8484848484848485,7.5,5.3,0.7,0.2,0.8,0.9,0.452,0.5,0.728,20.5,0.6634146341463415
2009-10,DAL,1610612742,1,First Round Exit,0.615,101.3,41.8,23.2,7.3,5.5,13.2,0.463,0.364,0.817,1.7,32.0,20.0,106.6,103.6,3.0,94.4,0.5215333333333334,0.625,16.9,6.7,2.3,1.4,0.3,2.4,0.422,0.263,0.877,39.4,0.6395939086294417,24.6,7.7,2.4,0.9,1.1,1.9,0.476,0.358,0.897,37.7,0.9230769230769231,9.3,5.1,9.3,1.8,0.5,2.4,0.428,0.416,0.796,36.0,0.6555555555555557,17.1,1.9,3.8,1.3,0.3,1.5,0.438,0.368,0.853,34.2,0.6695906432748538,9.8,10.3,0.4,0.4,2.1,1.4,0.561,0.0,0.646,32.9,0.6565349544072949,11.7,6.5,1.5,0.8,0.9,1.2,0.506,0.083,0.772,31.9,0.6332288401253918,7.2,8.3,0.5,0.2,1.5,1.3,0.649,0.5,0.593,26.2,0.6259541984732824,8.5,2.0,3.4,0.4,0.1,1.4,0.439,0.373,0.864,21.9,0.5936073059360731
2009-10,DEN,1610612743,1,First Round Exit,0.66,107.2,41.1,21.2,8.7,4.9,14.6,0.472,0.379,0.778,5.0,35.0,18.0,108.8,104.1,4.7,97.8,0.5215333333333334,0.75,29.2,6.4,3.4,1.3,0.4,3.2,0.463,0.381,0.856,37.7,0.9946949602122013,12.3,9.4,2.0,1.2,1.1,1.6,0.469,0.308,0.586,35.2,0.6931818181818182,14.1,7.8,2.2,1.6,0.9,1.7,0.592,0.0,0.709,33.8,0.7366863905325444,19.5,3.0,6.2,1.2,0.1,2.4,0.423,0.424,0.894,33.3,0.8288288288288289,15.0,3.1,2.4,1.2,0.3,2.2,0.407,0.331,0.699,27.9,0.7096774193548387,9.0,2.7,1.7,0.7,0.4,1.0,0.472,0.446,0.729,26.6,0.5075187969924811,9.5,2.2,3.5,0.8,0.0,1.3,0.512,0.429,0.787,22.4,0.65625,6.1,6.3,0.4,0.6,1.8,0.9,0.573,0.0,0.735,22.3,0.6412556053811659
2009-10,DET,1610612765,0,Missed Playoffs,0.353,91.7,41.1,18.0,7.0,3.8,13.7,0.434,0.293,0.726,-4.9,18.0,33.0,100.0,106.7,-6.7,90.8,0.4762666666666666,0.5,17.8,4.3,4.8,1.5,0.1,2.3,0.402,0.149,0.835,36.3,0.7217630853994492,17.6,2.8,4.8,0.7,0.1,2.7,0.389,0.239,0.828,35.6,0.654494382022472,10.4,4.3,2.0,0.7,0.3,0.8,0.432,0.35,0.686,31.9,0.5297805642633229,5.4,9.0,1.6,1.3,1.2,0.9,0.521,0.0,0.452,29.9,0.5886287625418061,15.7,2.0,2.6,0.7,0.1,1.8,0.424,0.318,0.846,29.7,0.6498316498316499,8.6,5.7,0.7,0.6,0.3,1.2,0.476,0.276,0.684,27.1,0.5424354243542435,13.4,5.3,0.6,0.6,0.8,1.2,0.437,0.331,0.8,26.4,0.7386363636363638,11.5,2.7,4.3,0.8,0.1,2.2,0.433,0.216,0.772,26.1,0.6590038314176246
2009-10,GSW,1610612744,0,Missed Playoffs,0.275,107.5,38.4,21.8,9.4,4.5,15.7,0.471,0.357,0.773,-3.9,14.0,37.0,103.9,108.3,-4.4,102.8,0.5215333333333334,0.625,26.2,4.2,5.4,2.2,0.4,4.2,0.462,0.329,0.738,41.8,0.8181818181818181,14.8,3.8,4.9,1.9,0.3,2.7,0.457,0.434,0.87,34.5,0.6666666666666666,20.8,6.1,2.5,0.9,0.1,2.5,0.519,0.238,0.841,31.0,0.8999999999999999,11.8,3.8,2.2,0.7,0.3,0.8,0.459,0.444,1.0,30.1,0.5980066445182723,12.3,3.8,1.5,1.0,0.2,1.3,0.49,0.452,0.915,29.9,0.5852842809364549,13.9,4.6,1.1,0.6,1.0,0.8,0.545,0.37,0.679,25.7,0.7937743190661479,8.3,2.3,2.3,1.3,0.2,0.9,0.462,0.318,0.74,25.7,0.5252918287937745,8.8,5.3,1.1,0.6,0.3,0.7,0.437,0.235,0.769,25.0,0.6160000000000001
2009-10,HOU,1610612745,0,Missed Playoffs,0.529,100.4,42.6,21.2,6.9,3.8,14.4,0.44,0.337,0.761,0.0,27.0,24.0,103.3,104.0,-0.7,95.6,0.5215333333333334,0.625,15.5,5.6,3.6,1.7,0.4,2.3,0.378,0.303,0.645,38.1,0.6430446194225722,20.8,4.4,2.7,1.2,0.2,1.8,0.4,0.364,0.833,36.1,0.7617728531855955,19.4,2.6,4.9,0.8,0.2,2.8,0.426,0.391,0.811,35.8,0.7011173184357542,8.1,4.3,2.3,0.9,0.9,1.0,0.399,0.349,0.741,33.0,0.4696969696969697,14.7,8.4,1.8,0.7,0.4,1.9,0.51,0.333,0.752,30.4,0.792763157894737,5.5,4.4,1.6,1.0,1.1,1.2,0.444,0.316,0.637,28.6,0.43356643356643354,8.8,4.0,4.6,0.9,0.2,1.8,0.406,0.293,0.797,24.7,0.6761133603238865,4.7,6.1,1.6,0.9,0.5,0.9,0.462,0.0,0.511,21.7,0.5944700460829494
2009-10,IND,1610612754,0,Missed Playoffs,0.346,99.1,42.2,20.4,6.8,5.6,15.6,0.437,0.331,0.775,-4.9,18.0,34.0,99.3,104.2,-4.9,99.9,0.4762666666666666,0.75,22.4,5.7,2.8,1.5,0.9,2.6,0.406,0.345,0.846,36.3,0.8457300275482094,14.0,9.9,2.0,0.9,0.5,1.5,0.487,0.386,0.792,31.4,0.8216560509554139,8.7,4.1,1.3,0.8,0.7,1.1,0.415,0.386,0.6,28.9,0.5017301038062284,7.5,3.2,4.6,1.1,0.3,2.0,0.404,0.271,0.759,27.6,0.5326086956521738,11.3,3.1,2.2,0.5,0.6,1.9,0.458,0.143,0.775,27.5,0.5745454545454546,10.2,3.3,3.6,0.9,0.2,2.0,0.465,0.152,0.76,24.6,0.6585365853658536,11.2,3.8,1.6,0.7,0.2,1.4,0.403,0.304,0.851,24.2,0.6652892561983472,11.1,5.9,1.8,0.4,1.7,1.8,0.49,0.25,0.746,24.1,0.7925311203319501
2009-10,LAC,1610612746,0,Missed Playoffs,0.404,95.5,41.1,22.2,7.2,5.9,15.3,0.458,0.313,0.725,-4.3,21.0,31.0,101.0,105.0,-4.0,94.7,0.5215333333333334,0.375,20.0,8.9,1.8,0.6,1.3,3.0,0.495,0.0,0.75,36.4,0.8131868131868133,17.0,2.7,2.8,1.2,0.2,2.2,0.458,0.347,0.728,35.3,0.6147308781869689,15.8,3.3,7.9,1.9,0.6,2.9,0.398,0.281,0.835,33.9,0.784660766961652,11.0,2.7,1.4,0.4,0.7,0.8,0.418,0.333,0.866,30.7,0.501628664495114,7.6,2.3,4.0,0.7,0.0,1.3,0.403,0.377,0.75,27.4,0.4854014598540145,8.9,6.9,0.6,0.6,1.1,1.2,0.467,0.167,0.809,22.4,0.754464285714286,9.9,3.5,0.7,0.6,0.7,1.1,0.376,0.387,0.875,21.0,0.6809523809523809,7.8,3.6,1.1,0.3,0.3,1.2,0.594,0.333,0.633,16.0,0.7437500000000001
2009-10,LAL,1610612747,5,Champion,0.759,103.2,44.7,21.6,7.5,4.9,13.1,0.46,0.348,0.774,6.8,41.0,13.0,106.6,99.6,6.9,95.9,0.5215333333333334,0.875,28.0,5.3,4.6,1.7,0.3,3.0,0.461,0.327,0.814,38.6,0.9559585492227979,17.2,11.2,3.5,0.5,1.8,1.9,0.524,0.0,0.809,36.7,0.880108991825613,11.6,4.4,3.1,1.0,0.3,1.7,0.424,0.395,0.682,33.3,0.5615615615615617,10.1,9.9,3.6,0.9,0.8,1.8,0.451,0.29,0.705,31.3,0.7507987220447284,15.1,8.2,1.2,0.5,1.5,1.6,0.568,0.0,0.745,31.3,0.7955271565495206,7.3,2.3,2.5,1.2,0.1,1.1,0.386,0.35,0.866,27.1,0.4538745387453874,7.8,2.0,1.3,0.6,0.2,0.7,0.449,0.33,0.795,19.8,0.5656565656565656,7.6,1.7,1.8,0.8,0.2,0.9,0.443,0.369,0.736,18.3,0.6120218579234972
2009-10,MEM,1610612763,0,Missed Playoffs,0.51,102.5,43.0,19.3,7.8,5.0,15.3,0.473,0.33,0.74,-1.0,26.0,25.0,105.4,107.8,-2.4,95.8,0.5215333333333334,0.625,19.8,5.8,1.9,1.5,0.8,2.0,0.469,0.314,0.736,39.0,0.7128205128205128,17.7,3.8,3.1,1.2,0.3,2.0,0.45,0.375,0.829,38.3,0.6292428198433421,20.5,11.6,2.1,0.9,0.5,2.2,0.498,0.24,0.794,37.5,0.8906666666666666,14.9,9.5,2.3,1.1,1.6,2.1,0.588,0.0,0.702,35.5,0.7690140845070422,9.6,3.5,2.9,1.6,0.3,1.0,0.498,0.267,0.633,31.5,0.5365079365079366,10.2,2.1,5.0,1.2,0.2,2.2,0.429,0.422,0.736,30.6,0.5392156862745097,4.0,4.0,0.0,0.0,0.0,1.0,0.667,0.0,0.0,18.8,0.3723404255319149,7.5,2.2,0.6,0.5,0.2,1.1,0.474,0.167,0.798,16.4,0.6036585365853658
2009-10,MIA,1610612748,1,First Round Exit,0.491,96.6,41.0,19.0,7.3,5.6,12.9,0.457,0.343,0.749,0.8,26.0,27.0,104.4,102.1,2.3,92.9,0.4762666666666666,0.75,26.5,4.6,6.5,1.9,1.1,3.2,0.465,0.297,0.753,36.4,1.0274725274725274,15.5,6.7,1.3,1.0,0.5,1.6,0.459,0.278,0.801,30.9,0.7572815533980582,13.0,7.3,1.4,0.4,1.4,1.7,0.54,0.0,0.705,28.6,0.7622377622377621,8.6,2.6,3.4,1.0,0.2,1.9,0.348,0.338,0.725,28.1,0.49466192170818496,10.0,7.4,0.7,0.4,0.2,0.9,0.481,0.0,0.789,27.7,0.6425992779783393,8.0,4.4,1.1,0.8,0.2,0.8,0.409,0.385,0.762,27.3,0.5018315018315018,7.2,1.8,3.5,1.3,0.2,1.6,0.436,0.347,0.789,24.7,0.5020242914979758,6.2,3.1,1.4,0.7,0.4,0.7,0.471,0.385,0.931,19.7,0.5634517766497463
2009-10,MIL,1610612749,1,First Round Exit,0.471,98.0,43.1,21.2,6.9,4.5,13.4,0.434,0.363,0.739,0.3,24.0,27.0,101.2,101.6,-0.4,95.2,0.4762666666666666,0.5,16.9,3.5,6.2,1.3,0.3,2.6,0.376,0.382,0.803,33.9,0.7551622418879056,12.8,3.4,2.4,1.3,0.4,1.4,0.417,0.379,0.786,33.4,0.5658682634730539,16.0,10.2,1.9,0.6,2.2,2.0,0.522,0.0,0.634,32.3,0.8947368421052632,10.1,5.0,2.6,0.9,0.2,1.4,0.406,0.355,0.806,28.1,0.6192170818505337,11.9,3.0,2.2,1.1,0.1,0.8,0.352,0.3,0.712,27.3,0.6410256410256412,8.0,2.1,1.8,0.7,0.2,0.9,0.394,0.394,0.684,27.0,0.4407407407407407,6.4,5.3,1.1,0.8,0.6,1.1,0.491,0.375,0.659,26.8,0.4888059701492537,10.5,6.3,1.0,0.7,0.2,0.9,0.426,0.361,0.7,23.0,0.773913043478261
2009-10,MIN,1610612750,0,Missed Playoffs,0.245,98.1,43.5,19.7,7.6,3.4,16.0,0.447,0.334,0.743,-8.5,13.0,40.0,98.7,107.7,-9.0,98.3,0.5215333333333334,0.5,17.7,9.8,2.0,0.9,1.1,1.8,0.491,0.0,0.683,33.5,0.8865671641791044,13.2,3.8,2.1,1.5,0.5,2.0,0.436,0.352,0.682,30.9,0.6181229773462784,14.9,11.3,2.5,0.8,0.4,1.8,0.463,0.385,0.802,29.7,0.9461279461279462,13.9,2.5,4.3,1.1,0.0,2.8,0.418,0.345,0.821,29.3,0.6484641638225256,11.0,4.4,1.5,0.9,0.3,1.2,0.451,0.404,0.822,28.0,0.6035714285714285,8.0,2.7,3.2,0.7,0.1,1.6,0.472,0.111,0.667,21.4,0.6121495327102803,5.8,3.6,1.9,0.8,0.3,1.1,0.429,0.25,0.788,21.3,0.5305164319248827,6.4,2.2,0.9,0.3,0.0,0.9,0.43,0.364,0.811,17.9,0.49720670391061467
2009-10,BKN,1610612751,0,Missed Playoffs,0.077,89.8,38.8,18.1,7.4,4.7,14.9,0.424,0.3,0.778,-11.7,4.0,48.0,95.6,108.0,-12.4,94.0,0.4762666666666666,0.875,18.8,9.0,2.3,0.8,1.9,2.6,0.505,0.0,0.814,36.7,0.8228882833787466,16.1,3.2,6.4,1.4,0.3,2.8,0.388,0.235,0.792,34.1,0.7214076246334311,11.5,3.5,1.9,1.5,0.4,1.2,0.415,0.305,0.857,32.7,0.5382262996941894,13.2,6.9,0.8,0.7,0.9,1.7,0.407,0.375,0.795,32.3,0.6439628482972137,12.0,3.8,1.7,1.1,0.4,1.7,0.454,0.282,0.843,30.5,0.5672131147540984,7.8,2.5,0.8,0.7,0.1,1.0,0.44,0.284,0.714,22.8,0.4780701754385965,5.1,3.1,1.0,0.3,0.2,0.9,0.442,0.0,0.764,21.9,0.4018264840182648,7.3,1.2,2.7,0.7,0.0,1.3,0.402,0.366,0.68,19.9,0.5326633165829145
2009-10,NOP,1610612740,0,Missed Playoffs,0.528,100.0,40.6,22.1,7.5,3.7,12.9,0.456,0.363,0.787,-1.2,28.0,25.0,104.9,105.5,-0.6,94.5,0.5215333333333334,0.5,20.4,4.6,11.2,2.3,0.2,2.5,0.504,0.42,0.862,38.7,0.9354005167958657,18.1,7.5,2.4,0.8,0.7,2.1,0.489,0.316,0.859,35.9,0.7632311977715878,12.6,3.5,1.5,0.8,0.1,0.7,0.409,0.386,0.901,30.8,0.5779220779220781,11.0,9.4,0.7,0.6,1.7,1.3,0.526,0.0,0.592,29.9,0.7391304347826086,5.7,4.4,1.4,0.5,0.2,0.7,0.374,0.337,0.839,22.8,0.5043859649122807,10.7,2.2,1.0,0.6,0.1,0.8,0.432,0.378,0.784,21.0,0.657142857142857,8.5,2.0,3.9,0.8,0.0,2.0,0.437,0.34,0.854,20.2,0.6534653465346535,7.3,3.0,1.0,0.8,0.2,0.9,0.503,0.2,0.804,18.6,0.6129032258064516
2009-10,NYK,1610612752,0,Missed Playoffs,0.373,101.4,40.9,21.7,7.2,4.3,14.2,0.452,0.34,0.772,-2.3,19.0,32.0,104.3,106.7,-2.4,96.0,0.4762666666666666,0.625,20.0,11.4,3.5,1.0,0.4,2.5,0.557,0.0,0.798,37.0,0.9135135135135134,15.5,5.3,2.1,0.7,0.8,1.7,0.478,0.252,0.808,35.0,0.6485714285714287,7.9,2.7,6.3,1.0,0.0,1.8,0.348,0.327,0.711,32.9,0.4893617021276596,14.3,5.3,1.7,0.9,0.8,1.3,0.422,0.402,0.794,32.1,0.67601246105919,17.8,5.6,1.4,0.8,0.4,1.8,0.434,0.314,0.771,30.1,0.803986710963455,7.1,1.4,1.0,0.6,0.1,0.6,0.398,0.373,0.9,16.9,0.5680473372781065,6.2,1.3,3.2,0.8,0.1,1.5,0.466,0.366,0.694,13.5,0.7481481481481481,6.3,1.1,0.9,0.4,0.0,0.9,0.484,0.358,0.857,12.9,0.6046511627906977
2009-10,OKC,1610612760,1,First Round Exit,0.588,98.5,43.3,19.5,8.0,5.5,15.5,0.456,0.34,0.794,3.1,30.0,21.0,103.3,99.9,3.4,94.9,0.5215333333333334,0.75,29.7,7.4,2.9,1.4,0.8,3.8,0.485,0.381,0.88,39.8,0.9648241206030151,14.5,6.0,1.6,1.1,0.8,1.7,0.443,0.306,0.775,36.9,0.6043360433604338,16.0,5.0,7.5,1.2,0.4,3.2,0.405,0.25,0.771,35.0,0.7685714285714286,5.9,5.2,1.8,1.3,0.7,1.3,0.425,0.333,0.62,29.6,0.4594594594594595,9.7,3.2,2.0,1.0,0.2,1.3,0.386,0.378,0.808,22.7,0.6519823788546254,8.1,4.9,0.8,0.4,0.7,0.7,0.494,0.0,0.691,22.5,0.6311111111111112,5.4,5.1,0.6,0.5,0.7,0.8,0.594,0.0,0.692,21.1,0.5450236966824643,5.1,4.9,0.1,0.3,1.0,0.9,0.513,1.0,0.533,16.4,0.6402439024390244
2009-10,ORL,1610612753,3,Conference Finals,0.667,101.2,43.4,18.9,6.5,5.5,14.5,0.458,0.367,0.721,5.2,36.0,18.0,106.8,99.9,6.9,95.2,0.4762666666666666,0.625,18.0,13.3,1.6,1.1,2.7,3.6,0.601,0.0,0.603,35.0,0.9457142857142857,15.0,4.7,1.5,1.0,0.4,1.6,0.431,0.404,0.786,33.0,0.6363636363636362,16.5,4.4,2.8,0.7,0.4,1.6,0.397,0.333,0.843,30.6,0.7581699346405227,11.6,2.5,4.8,0.8,0.0,2.1,0.432,0.368,0.853,27.8,0.6330935251798561,8.6,5.5,1.7,0.7,0.4,1.5,0.466,0.295,0.77,25.3,0.608695652173913,8.6,3.0,0.7,0.7,0.4,0.9,0.42,0.36,0.622,23.6,0.5296610169491525,9.6,1.8,1.9,0.4,0.0,0.7,0.449,0.41,0.845,22.6,0.5752212389380531,7.1,1.7,4.0,0.7,0.1,1.1,0.466,0.408,0.737,22.6,0.5530973451327432
2009-10,PHI,1610612755,0,Missed Playoffs,0.385,97.9,41.7,20.4,8.5,5.8,14.5,0.455,0.347,0.775,-1.9,20.0,32.0,103.3,105.5,-2.2,94.0,0.4762666666666666,0.75,17.1,7.0,5.7,1.9,0.6,2.7,0.425,0.314,0.764,40.2,0.7363184079601989,14.0,5.3,1.5,1.2,0.2,1.9,0.462,0.339,0.681,32.4,0.6265432098765432,14.4,2.7,4.2,0.6,0.1,2.4,0.448,0.36,0.803,31.4,0.6242038216560511,14.4,6.5,1.3,1.2,1.3,1.9,0.487,0.0,0.753,31.1,0.7331189710610932,14.5,2.8,3.9,1.4,0.2,1.6,0.464,0.338,0.821,30.7,0.6905537459283386,7.3,9.7,1.0,0.6,2.2,1.6,0.523,0.0,0.838,25.9,0.7413127413127413,8.8,1.8,2.3,0.4,0.2,0.9,0.451,0.341,0.851,21.7,0.5806451612903226,5.4,2.0,2.7,0.8,0.2,1.4,0.382,0.361,0.795,18.1,0.5359116022099447
2009-10,PHX,1610612756,3,Conference Finals,0.585,109.9,42.1,23.0,5.8,5.1,15.0,0.486,0.407,0.775,2.4,31.0,22.0,111.4,108.4,2.9,98.5,0.5215333333333334,0.875,21.2,8.6,1.0,0.7,1.0,2.7,0.555,0.0,0.767,34.8,0.8563218390804599,18.3,3.3,11.1,0.5,0.2,3.8,0.519,0.437,0.939,33.7,0.8783382789317508,14.5,5.0,1.9,0.9,0.5,1.2,0.45,0.351,0.739,31.0,0.696774193548387,11.3,5.3,2.2,0.7,0.4,1.2,0.471,0.435,0.819,29.4,0.6360544217687075,11.9,5.5,1.5,0.8,0.9,1.0,0.452,0.433,0.779,29.2,0.6712328767123287,8.3,3.6,1.2,0.9,0.2,0.8,0.446,0.469,0.781,24.2,0.5537190082644627,10.6,1.6,1.7,0.6,0.2,1.1,0.422,0.33,0.857,19.7,0.6903553299492385,8.2,2.1,2.4,0.6,0.1,1.5,0.464,0.405,0.75,17.3,0.6878612716763005
2009-10,POR,1610612757,1,First Round Exit,0.564,97.5,40.2,20.4,5.9,3.9,13.1,0.464,0.351,0.788,2.2,31.0,24.0,107.4,104.8,2.6,90.0,0.5215333333333334,0.625,23.1,4.6,5.0,1.0,0.1,2.2,0.484,0.353,0.792,38.3,0.8250652741514363,17.2,8.3,2.0,0.8,0.5,1.3,0.495,0.333,0.761,37.3,0.7372654155495979,7.7,12.1,3.0,1.4,1.9,1.3,0.466,0.333,0.659,31.3,0.7923322683706069,13.5,3.1,5.3,0.9,0.1,2.2,0.447,0.214,0.812,30.3,0.6831683168316832,10.8,3.9,0.8,0.7,0.5,0.9,0.404,0.372,0.795,28.4,0.5563380281690142,11.1,8.5,0.9,0.4,2.3,1.9,0.605,0.0,0.766,23.9,0.891213389121339,8.9,4.0,1.1,0.5,0.4,0.9,0.556,0.44,0.8,23.0,0.6086956521739131,5.9,5.0,0.7,0.3,0.1,0.9,0.544,0.0,0.72,22.9,0.4847161572052402
2009-10,SAC,1610612758,0,Missed Playoffs,0.346,102.0,42.9,20.3,6.9,4.6,15.6,0.457,0.35,0.736,-3.8,18.0,34.0,103.5,107.6,-4.1,97.2,0.5215333333333334,0.625,20.3,4.8,5.1,1.6,0.5,2.9,0.46,0.261,0.789,36.9,0.796747967479675,12.8,8.7,1.9,0.5,1.0,2.1,0.463,0.0,0.731,32.3,0.7058823529411764,12.2,2.4,3.8,0.9,0.2,1.7,0.494,0.382,0.848,29.0,0.6137931034482758,12.1,5.0,1.4,0.7,0.3,1.4,0.471,0.385,0.669,27.9,0.6487455197132618,16.3,5.5,0.7,0.5,0.9,1.7,0.545,0.0,0.841,27.3,0.8131868131868132,10.5,6.0,2.1,0.5,1.0,1.8,0.478,0.313,0.725,26.4,0.6931818181818182,9.0,3.0,1.0,0.6,0.8,1.4,0.456,0.373,0.608,21.6,0.6018518518518519,9.0,3.0,1.1,0.4,0.5,0.9,0.408,0.371,0.704,20.4,0.6421568627450981
2009-10,SAS,1610612759,2,Second Round Exit,0.588,100.9,42.3,22.4,6.3,4.8,13.7,0.474,0.371,0.738,4.7,30.0,21.0,107.1,102.0,5.0,93.9,0.5215333333333334,0.625,16.9,2.4,6.0,0.6,0.2,2.7,0.488,0.292,0.768,32.2,0.7267080745341614,19.4,10.7,3.1,0.6,1.8,1.8,0.527,0.0,0.75,32.1,1.0529595015576323,12.2,3.6,2.1,0.7,0.4,1.4,0.451,0.354,0.696,31.2,0.5641025641025641,13.4,3.5,4.5,1.4,0.4,1.9,0.403,0.368,0.85,26.8,0.794776119402985,11.1,2.3,2.4,0.9,0.3,1.2,0.468,0.374,0.777,26.7,0.5917602996254682,6.2,5.7,0.9,0.6,0.4,0.9,0.511,0.0,0.592,20.8,0.6201923076923077,4.7,2.7,1.2,0.6,0.1,0.7,0.423,0.374,0.806,20.1,0.4278606965174129,7.3,2.2,1.9,0.4,0.2,0.9,0.428,0.386,0.727,19.6,0.5663265306122448
2009-10,TOR,1610612761,0,Missed Playoffs,0.558,104.6,40.9,21.6,5.7,5.0,13.5,0.477,0.375,0.767,-0.3,29.0,23.0,108.9,109.2,-0.2,95.9,0.4762666666666666,0.375,24.4,11.4,2.3,0.6,1.0,2.3,0.526,0.4,0.785,36.2,1.0331491712707181,17.6,6.2,1.1,0.4,1.4,1.5,0.477,0.376,0.788,34.5,0.7304347826086957,12.4,4.5,4.3,0.6,0.5,1.8,0.403,0.383,0.784,32.6,0.6288343558282208,10.5,2.7,4.9,0.8,0.1,2.0,0.478,0.398,0.827,28.6,0.5944055944055945,11.0,2.1,5.8,0.7,0.2,1.4,0.505,0.4,0.817,27.9,0.6594982078853047,8.3,3.0,0.7,0.6,0.3,0.9,0.471,0.286,0.769,21.2,0.5660377358490566,8.0,1.6,1.6,0.8,0.1,1.1,0.402,0.382,0.827,19.0,0.5789473684210527,5.6,2.7,1.1,0.3,0.1,0.9,0.413,0.359,0.698,18.5,0.4810810810810811
2009-10,UTA,1610612762,2,Second Round Exit,0.627,102.2,40.7,26.1,7.9,4.9,15.0,0.492,0.351,0.74,4.7,32.0,19.0,106.7,102.3,4.3,95.3,0.5215333333333334,0.875,18.6,4.1,9.8,1.1,0.3,3.2,0.482,0.362,0.779,37.2,0.825268817204301,19.4,10.8,3.2,1.2,0.5,2.8,0.546,0.0,0.755,35.0,0.9228571428571429,12.4,4.7,2.8,1.4,1.2,1.4,0.517,0.314,0.723,29.8,0.7080536912751678,12.3,6.6,1.8,0.5,1.0,1.8,0.431,0.382,0.828,29.0,0.7034482758620689,11.2,6.1,1.4,0.5,1.1,1.4,0.57,0.167,0.724,26.9,0.7026022304832713,8.3,2.0,1.2,0.5,0.2,0.9,0.472,0.363,0.779,21.9,0.5159817351598174,8.6,2.2,1.3,0.7,0.2,1.1,0.409,0.311,0.733,19.9,0.5979899497487438,4.4,1.4,2.1,0.8,0.3,1.1,0.43,0.355,0.7,13.6,0.5808823529411766
2009-10,WAS,1610612764,0,Missed Playoffs,0.34,97.5,42.2,18.1,6.3,4.9,14.4,0.444,0.345,0.769,-4.2,17.0,33.0,101.8,106.5,-4.7,94.8,0.4762666666666666,0.125,22.6,4.2,7.2,1.3,0.3,3.7,0.411,0.348,0.739,36.5,0.8739726027397259,10.5,6.1,3.2,0.9,0.2,2.2,0.577,0.538,0.828,31.2,0.5993589743589743,10.9,3.8,1.2,0.5,0.4,1.3,0.479,0.357,0.745,27.7,0.55956678700361,9.0,4.7,0.9,0.8,0.0,1.3,0.364,0.323,0.762,27.6,0.5108695652173912,12.5,3.6,1.4,0.7,0.3,1.4,0.401,0.267,0.79,26.7,0.6404494382022473,10.1,1.8,2.8,0.5,0.2,1.3,0.43,0.348,0.922,23.0,0.6130434782608695,8.9,5.0,1.1,0.8,0.9,1.5,0.469,0.357,0.788,21.9,0.6940639269406392,7.5,1.3,2.9,0.4,0.0,1.1,0.439,0.31,0.891,18.4,0.5978260869565218
2010-11,ATL,1610612737,2,Second Round Exit,0.618,96.8,40.3,22.8,5.9,4.1,13.6,0.464,0.356,0.785,1.3,34.0,21.0,104.5,103.4,1.1,92.1,0.47159999999999996,0.875,19.6,4.2,5.4,0.6,0.1,2.0,0.446,0.31,0.811,36.1,0.772853185595568,16.0,9.8,3.6,0.7,1.1,1.4,0.568,0.0,0.82,35.1,0.8490028490028491,16.7,8.8,3.4,1.4,1.7,2.7,0.476,0.348,0.735,35.0,0.8371428571428571,15.0,1.7,3.4,0.9,0.2,2.0,0.422,0.338,0.846,30.7,0.6254071661237783,11.1,2.7,4.4,1.2,0.2,1.8,0.452,0.384,0.876,30.6,0.5816993464052288,10.9,5.2,1.3,0.6,0.3,0.9,0.473,0.313,0.838,29.7,0.5858585858585861,3.9,3.7,0.6,0.3,0.3,0.9,0.424,0.0,0.741,14.1,0.5602836879432624,2.2,2.1,0.5,0.2,0.2,0.6,0.5,1.0,0.667,12.3,0.37398373983739847
2010-11,BOS,1610612738,2,Second Round Exit,0.741,97.9,38.5,24.3,8.4,4.4,14.6,0.493,0.374,0.752,6.7,40.0,14.0,105.1,97.5,7.6,92.8,0.47159999999999996,0.625,10.9,4.4,12.2,2.4,0.2,3.8,0.502,0.3,0.552,37.7,0.6976127320954906,15.1,5.6,1.9,0.8,0.4,1.5,0.437,0.306,0.808,37.3,0.5978552278820375,17.3,3.6,2.9,0.9,0.2,1.5,0.501,0.457,0.857,36.1,0.6481994459833794,18.8,5.0,3.2,1.0,0.6,1.9,0.498,0.385,0.845,34.8,0.767241379310345,14.9,9.0,2.4,1.5,0.8,1.6,0.518,0.0,0.841,31.3,0.8626198083067091,11.7,5.2,1.3,0.9,0.4,1.1,0.457,0.111,0.759,29.4,0.6258503401360542,7.7,4.5,0.4,0.4,0.4,0.7,0.5,0.0,0.794,21.8,0.5825688073394496,9.3,4.9,0.7,0.4,1.2,1.5,0.662,0.0,0.557,20.7,0.7246376811594203
2010-11,CHA,1610612766,0,Missed Playoffs,0.429,93.8,41.8,20.8,6.5,5.6,15.4,0.448,0.337,0.752,-2.8,24.0,32.0,101.0,103.6,-2.6,92.4,0.47159999999999996,0.625,19.0,4.6,3.8,1.3,0.4,3.1,0.41,0.338,0.822,37.0,0.7027027027027027,11.3,5.2,3.6,0.9,0.6,2.2,0.494,0.345,0.683,34.2,0.5672514619883041,14.1,2.8,6.1,0.6,0.1,1.8,0.423,0.363,0.902,33.4,0.6556886227544911,7.0,6.7,0.4,0.2,0.6,0.9,0.51,0.0,0.614,22.7,0.6167400881057268,11.1,5.8,0.7,0.8,1.6,1.7,0.475,0.0,0.814,21.6,0.8472222222222222,5.1,3.4,0.5,0.7,0.6,0.6,0.434,0.0,0.721,19.9,0.48743718592964824,6.7,2.7,1.0,0.4,0.4,0.7,0.458,0.133,0.723,18.8,0.5585106382978724,6.1,2.0,2.1,0.6,0.3,1.2,0.466,0.25,0.867,17.3,0.5722543352601156
2010-11,CHI,1610612741,3,Conference Finals,0.704,98.4,44.0,21.9,7.1,6.0,14.4,0.462,0.365,0.73,6.0,38.0,16.0,104.0,97.4,6.6,93.8,0.47159999999999996,0.5,17.6,6.1,2.6,0.8,0.6,1.9,0.455,0.344,0.733,39.1,0.6598465473145781,24.9,4.4,8.2,1.0,0.7,3.5,0.45,0.355,0.838,38.0,0.9394736842105263,14.0,11.7,2.7,1.2,1.6,2.1,0.514,0.0,0.725,36.8,0.7907608695652174,19.3,9.9,2.4,0.7,0.4,2.6,0.542,0.0,0.689,32.4,0.9290123456790125,4.7,6.0,1.3,0.7,0.9,0.9,0.525,0.0,0.643,24.2,0.5247933884297521,6.4,3.5,1.6,1.3,0.2,0.8,0.469,0.188,0.679,23.2,0.5258620689655172,7.3,5.8,0.8,0.5,1.6,0.9,0.443,0.125,0.663,22.8,0.6622807017543859,8.4,2.0,1.5,0.5,0.3,0.9,0.437,0.422,0.871,20.8,0.5673076923076923
2010-11,CLE,1610612739,0,Missed Playoffs,0.179,95.1,39.8,21.5,6.9,4.0,14.2,0.431,0.346,0.746,-10.7,10.0,46.0,98.6,110.0,-11.4,96.0,0.47159999999999996,0.625,17.7,6.7,1.7,0.9,0.5,1.4,0.425,0.355,0.72,32.8,0.7957317073170732,9.1,9.7,1.5,0.9,1.2,1.3,0.528,0.0,0.667,32.1,0.657320872274143,13.1,2.8,7.0,1.5,0.5,2.5,0.42,0.3,0.767,29.6,0.7567567567567567,8.9,2.9,2.9,1.0,0.1,1.1,0.4,0.398,0.769,29.2,0.5034246575342466,12.6,2.8,3.1,0.7,0.2,1.4,0.404,0.443,0.829,29.0,0.6206896551724138,12.4,7.7,1.0,0.6,0.7,2.2,0.445,0.0,0.642,26.4,0.7651515151515152,12.3,2.9,5.3,0.8,0.1,1.9,0.462,0.167,0.836,25.8,0.7558139534883722,8.6,3.3,1.1,1.1,1.0,1.4,0.444,0.217,0.688,25.7,0.5330739299610894
2010-11,DAL,1610612742,5,Champion,0.714,98.9,41.0,23.2,6.6,4.3,13.6,0.472,0.371,0.785,3.3,40.0,16.0,107.2,102.9,4.3,92.6,0.528,0.75,22.7,6.6,2.6,0.6,0.8,1.9,0.526,0.426,0.883,34.3,0.9154518950437318,8.5,4.7,8.2,1.6,0.4,2.3,0.365,0.359,0.857,33.7,0.6261127596439168,15.9,1.9,4.3,1.3,0.1,2.0,0.44,0.343,0.848,32.2,0.6677018633540374,15.0,4.1,1.6,1.0,0.3,1.7,0.45,0.431,0.773,29.9,0.6789297658862878,10.5,9.4,0.4,0.5,1.1,1.3,0.664,0.0,0.774,28.3,0.7279151943462897,11.6,6.6,1.2,0.7,0.6,1.6,0.503,0.143,0.794,27.7,0.6895306859205775,8.6,2.7,1.4,1.6,0.3,1.4,0.384,0.263,0.708,24.3,0.54320987654321,9.2,2.0,3.5,0.3,0.0,1.4,0.437,0.328,0.857,20.6,0.6601941747572815
2010-11,DEN,1610612743,1,First Round Exit,0.561,107.6,40.9,21.2,6.9,4.0,14.1,0.474,0.389,0.785,2.4,32.0,25.0,109.7,107.2,2.5,98.1,0.528,0.5,17.1,3.6,9.0,1.8,0.2,3.3,0.423,0.328,0.867,38.4,0.7395833333333334,12.8,3.8,2.4,0.6,0.5,1.1,0.502,0.438,0.86,35.1,0.5413105413105412,15.9,4.8,1.7,0.8,0.4,1.2,0.415,0.347,0.893,34.8,0.6436781609195402,16.4,5.9,1.7,0.7,1.4,1.3,0.461,0.351,0.807,34.5,0.7188405797101447,15.0,7.1,2.0,1.0,0.9,1.7,0.637,0.333,0.764,30.6,0.7941176470588235,11.3,5.2,1.5,0.6,0.2,1.6,0.414,0.368,0.733,25.0,0.688,11.2,3.9,2.1,1.2,0.2,1.2,0.425,0.342,0.75,24.5,0.710204081632653,10.4,2.3,3.7,0.8,0.0,1.5,0.501,0.39,0.724,23.9,0.6569037656903766
2010-11,DET,1610612765,0,Missed Playoffs,0.368,94.9,38.1,20.1,7.1,4.1,12.8,0.449,0.381,0.73,-4.0,21.0,36.0,102.8,107.9,-5.1,90.6,0.47159999999999996,0.75,14.6,4.7,2.8,0.4,0.6,1.1,0.48,0.391,0.687,33.5,0.6567164179104478,14.9,2.8,4.5,1.1,0.1,2.0,0.418,0.276,0.863,30.1,0.7109634551495017,12.6,2.6,2.2,0.7,0.2,1.8,0.44,0.383,0.863,27.6,0.5978260869565216,13.3,2.2,2.6,0.7,0.0,1.4,0.413,0.4,0.845,25.7,0.6770428015564204,7.4,6.4,0.9,0.9,0.5,1.0,0.529,0.0,0.564,25.3,0.5968379446640316,11.5,4.2,0.7,0.6,0.6,0.9,0.438,0.377,0.763,23.8,0.7016806722689076,8.3,3.3,3.3,0.8,0.5,1.3,0.446,0.356,0.729,23.3,0.6394849785407726,2.8,6.6,1.4,1.0,1.0,0.8,0.45,1.0,0.309,23.1,0.5194805194805193
2010-11,GSW,1610612744,0,Missed Playoffs,0.473,102.9,40.3,22.7,9.0,4.5,15.1,0.464,0.397,0.75,-2.5,26.0,29.0,105.6,108.2,-2.7,96.9,0.528,0.5,25.3,3.4,5.5,2.2,0.3,3.3,0.46,0.364,0.766,41.1,0.8126520681265208,16.5,5.7,3.2,1.4,0.8,1.9,0.43,0.401,0.77,39.2,0.6556122448979591,15.9,9.4,3.4,0.9,0.4,2.5,0.492,0.0,0.767,36.1,0.7617728531855954,18.4,3.4,6.0,1.7,0.3,2.9,0.483,0.415,0.941,33.5,0.8029850746268656,5.7,8.2,1.2,0.8,0.9,1.0,0.552,0.0,0.333,25.5,0.6196078431372548,8.1,3.3,1.1,0.6,0.2,0.9,0.475,0.16,0.757,22.1,0.5610859728506785,10.1,2.6,1.6,0.3,0.1,0.9,0.479,0.428,0.763,21.8,0.6330275229357798,5.3,3.1,1.3,0.7,0.5,0.8,0.43,0.41,0.833,16.8,0.6011904761904762
2010-11,HOU,1610612745,0,Missed Playoffs,0.456,105.1,42.1,23.3,7.2,4.8,13.6,0.452,0.36,0.791,0.2,26.0,31.0,106.9,107.4,-0.4,96.9,0.528,0.625,19.2,8.4,2.5,0.7,0.6,1.9,0.504,0.0,0.721,33.5,0.8805970149253732,12.1,3.9,6.4,1.5,0.3,2.1,0.422,0.364,0.725,33.2,0.6656626506024095,23.0,3.0,2.4,0.9,0.2,2.2,0.435,0.397,0.883,31.3,0.8722044728434504,7.3,6.8,2.1,1.0,0.7,1.0,0.563,0.0,0.696,25.4,0.6653543307086613,7.4,2.4,1.0,0.6,0.1,0.8,0.443,0.423,0.746,18.5,0.5783783783783784,7.8,3.4,1.3,0.5,0.2,0.8,0.416,0.308,0.803,18.1,0.6850828729281767,10.2,5.4,0.8,0.0,1.6,1.4,0.486,0.0,0.938,18.1,0.9171270718232044,7.5,1.8,3.1,0.7,0.1,2.0,0.424,0.283,0.608,17.9,0.6256983240223464
2010-11,IND,1610612754,1,First Round Exit,0.444,99.5,43.9,20.4,6.8,5.7,15.2,0.443,0.366,0.78,-0.3,24.0,30.0,102.2,102.8,-0.6,96.9,0.47159999999999996,0.75,21.1,5.5,2.7,1.1,0.9,2.7,0.434,0.39,0.833,36.3,0.787878787878788,13.6,3.0,5.1,1.2,0.1,2.5,0.446,0.344,0.86,30.5,0.6721311475409837,11.2,4.8,1.8,0.7,0.5,1.2,0.458,0.406,0.79,28.8,0.6180555555555556,10.6,3.5,1.0,0.6,0.5,1.3,0.438,0.426,0.767,28.2,0.5283687943262411,13.2,7.8,2.2,0.3,1.8,2.2,0.451,0.0,0.731,27.7,0.8339350180505416,7.3,5.6,2.2,0.7,0.8,1.3,0.534,0.382,0.676,22.7,0.6740088105726871,5.7,1.9,3.5,0.8,0.2,1.6,0.393,0.194,0.729,19.3,0.544041450777202,8.0,3.2,1.0,0.9,0.3,0.8,0.459,0.306,0.762,18.5,0.681081081081081
2010-11,LAC,1610612746,0,Missed Playoffs,0.375,98.8,42.5,21.9,7.0,4.7,16.1,0.456,0.332,0.699,-2.9,21.0,35.0,102.6,107.1,-4.4,94.9,0.528,0.375,22.8,12.6,3.5,0.7,0.5,2.8,0.51,0.467,0.617,37.9,0.9841688654353563,24.1,3.1,4.5,1.2,0.3,2.6,0.468,0.359,0.818,37.8,0.8095238095238096,8.6,3.8,1.7,0.8,0.1,0.8,0.426,0.357,0.735,30.2,0.47019867549668865,13.3,2.7,7.1,0.9,0.3,2.9,0.385,0.265,0.833,29.6,0.722972972972973,6.9,7.1,0.5,0.5,1.7,1.3,0.682,0.0,0.451,26.0,0.5923076923076922,9.9,7.0,1.5,0.5,1.4,1.5,0.387,0.0,0.765,25.0,0.7519999999999999,6.6,3.0,3.8,1.1,0.4,2.4,0.403,0.241,0.778,24.1,0.5186721991701244,8.4,1.2,2.1,0.6,0.3,1.4,0.363,0.293,0.881,21.1,0.5308056872037914
2010-11,LAL,1610612747,2,Second Round Exit,0.667,102.3,43.8,22.1,7.4,5.2,13.4,0.468,0.355,0.778,5.9,38.0,19.0,108.6,102.2,6.4,94.1,0.528,0.75,18.8,10.4,3.6,0.6,1.8,1.8,0.528,0.0,0.822,37.3,0.89544235924933,25.1,5.4,4.8,1.2,0.1,3.1,0.46,0.315,0.826,33.9,0.9882005899705015,14.9,9.2,2.9,0.6,0.9,1.7,0.544,0.37,0.675,33.1,0.8096676737160121,7.9,3.0,2.0,1.4,0.4,1.0,0.397,0.351,0.622,28.1,0.48754448398576516,6.6,1.9,2.7,1.4,0.1,0.9,0.39,0.404,0.857,27.3,0.4322344322344322,11.4,7.4,1.2,0.2,1.7,1.3,0.556,0.0,0.661,25.5,0.8078431372549019,7.4,4.8,1.7,0.7,0.5,1.3,0.474,0.341,0.815,20.8,0.6634615384615383,4.3,2.2,2.1,0.5,0.0,1.0,0.372,0.377,0.905,20.2,0.400990099009901
2010-11,MEM,1610612763,2,Second Round Exit,0.544,99.6,41.0,19.9,9.3,5.2,14.2,0.463,0.336,0.753,1.6,31.0,26.0,103.0,102.4,0.6,94.8,0.528,0.875,19.8,6.2,2.8,1.7,1.1,2.5,0.471,0.396,0.805,39.8,0.7311557788944725,20.1,13.2,1.7,0.7,0.4,2.0,0.485,0.167,0.756,37.1,0.9191374663072777,13.7,3.1,6.6,1.8,0.2,2.3,0.448,0.373,0.729,35.9,0.6434540389972144,11.8,7.0,2.7,0.8,1.7,2.0,0.517,0.5,0.749,33.3,0.6606606606606608,8.6,4.8,2.6,0.9,1.2,1.1,0.453,0.385,0.649,30.8,0.5519480519480519,12.0,2.6,1.8,0.9,0.4,1.4,0.407,0.362,0.755,28.3,0.5759717314487631,8.6,4.1,0.5,0.7,0.6,1.0,0.508,0.0,0.779,20.2,0.6683168316831682,6.4,1.7,0.7,0.8,0.3,0.6,0.465,0.27,0.855,17.6,0.5284090909090909
2010-11,MIA,1610612748,4,Finals Loss,0.732,101.9,43.1,19.8,6.6,5.5,13.8,0.474,0.374,0.765,7.8,41.0,15.0,108.7,99.6,9.1,93.4,0.47159999999999996,0.625,26.1,7.4,7.3,1.6,0.6,3.7,0.485,0.345,0.761,38.3,1.0261096605744124,25.4,6.9,4.3,1.3,1.0,3.2,0.497,0.314,0.737,37.1,0.9622641509433959,18.5,8.1,1.9,0.8,0.7,1.7,0.497,0.3,0.798,35.8,0.7905027932960895,9.6,2.6,3.7,0.7,0.1,1.2,0.438,0.447,0.63,30.1,0.5149501661129567,8.0,8.2,0.5,0.5,0.2,1.1,0.512,0.0,0.8,26.5,0.6150943396226414,6.3,2.1,2.2,1.1,0.1,1.2,0.393,0.349,0.927,22.0,0.48181818181818187,1.8,3.5,0.3,0.2,1.5,0.5,0.484,0.0,0.648,20.2,0.33663366336633666,6.4,2.2,0.6,0.4,0.3,0.3,0.421,0.423,0.885,20.1,0.4776119402985075
2010-11,MIL,1610612749,0,Missed Playoffs,0.382,91.3,41.6,18.4,7.1,5.1,13.3,0.424,0.336,0.743,-1.4,21.0,34.0,98.4,100.1,-1.8,92.2,0.47159999999999996,0.75,12.9,11.5,2.0,0.7,2.8,1.8,0.487,0.0,0.405,36.0,0.7805555555555554,13.7,3.5,3.1,1.0,0.3,1.9,0.391,0.394,0.804,34.5,0.5710144927536233,12.3,3.7,2.5,1.5,0.1,1.3,0.384,0.326,0.75,32.9,0.5714285714285715,15.4,3.6,4.9,1.3,0.3,2.2,0.375,0.333,0.769,32.8,0.7103658536585367,9.4,6.2,1.0,0.9,0.4,1.1,0.431,0.303,0.89,25.4,0.6614173228346456,5.6,5.3,0.8,0.7,0.3,1.0,0.467,0.0,0.679,25.1,0.4661354581673306,10.8,6.5,0.7,0.7,0.4,1.2,0.442,0.231,0.776,23.6,0.7584745762711863,7.5,1.5,3.7,0.8,0.1,1.2,0.384,0.325,0.87,23.3,0.5321888412017167
2010-11,MIN,1610612750,0,Missed Playoffs,0.232,102.0,44.8,20.0,7.2,5.6,17.1,0.439,0.375,0.773,-5.9,13.0,43.0,101.6,108.2,-6.6,99.5,0.528,0.375,21.1,15.5,2.4,0.6,0.3,2.2,0.47,0.425,0.876,36.7,1.0272479564032695,19.9,5.6,2.2,0.7,0.8,2.5,0.462,0.381,0.742,32.7,0.8165137614678898,11.6,2.6,5.6,1.2,0.1,2.0,0.462,0.437,0.914,29.8,0.6409395973154361,8.8,2.8,1.9,0.7,0.6,1.3,0.413,0.358,0.672,25.9,0.5212355212355213,9.4,5.4,1.7,0.7,2.3,2.3,0.469,0.0,0.543,25.0,0.688,10.7,3.2,1.0,0.7,0.3,1.5,0.431,0.384,0.802,24.5,0.5877551020408163,7.6,1.4,3.1,0.6,0.1,1.9,0.423,0.378,0.709,19.9,0.5477386934673366,5.8,1.5,3.3,0.6,0.1,2.4,0.373,0.295,0.818,19.7,0.45177664974619286
2010-11,BKN,1610612751,0,Missed Playoffs,0.298,92.4,40.8,19.7,5.2,4.6,14.4,0.438,0.348,0.764,-6.2,17.0,40.0,99.4,106.0,-6.6,91.8,0.47159999999999996,0.25,21.3,3.9,9.7,1.2,0.2,3.5,0.458,0.345,0.853,37.9,0.8654353562005278,19.4,5.8,1.4,0.6,1.5,2.4,0.475,0.0,0.798,34.4,0.7645348837209303,12.5,3.1,1.2,0.3,0.1,1.0,0.463,0.438,0.905,31.8,0.509433962264151,9.5,4.4,1.0,0.4,0.4,0.9,0.376,0.312,0.775,30.4,0.48684210526315796,8.8,9.3,1.1,0.4,0.9,1.1,0.526,0.0,0.679,25.5,0.7607843137254902,9.4,2.2,4.4,0.8,0.0,1.9,0.385,0.365,0.789,23.9,0.6234309623430963,8.6,2.5,1.7,0.8,0.1,1.0,0.404,0.373,0.833,21.0,0.6047619047619047,3.5,2.4,0.5,0.2,0.0,0.6,0.4,0.0,0.806,16.8,0.3571428571428572
2010-11,NOP,1610612740,1,First Round Exit,0.569,94.8,41.3,20.7,7.5,4.3,13.4,0.457,0.355,0.764,1.9,33.0,25.0,103.5,100.9,2.6,91.0,0.528,0.375,16.2,3.9,9.6,2.5,0.1,2.4,0.476,0.436,0.896,35.7,0.8375350140056022,19.0,7.6,2.3,0.9,0.9,2.0,0.512,0.333,0.805,35.2,0.815340909090909,11.1,5.5,2.1,1.6,0.4,1.6,0.391,0.291,0.702,35.0,0.5457142857142857,11.1,10.1,0.5,0.3,1.8,1.6,0.593,0.0,0.549,32.4,0.6851851851851852,11.9,4.8,0.9,0.6,0.4,1.5,0.492,0.0,0.721,26.5,0.6452830188679245,9.8,1.9,1.3,0.4,0.1,0.9,0.413,0.386,0.776,24.7,0.5101214574898786,8.2,2.2,0.8,0.4,0.2,0.8,0.452,0.326,0.797,21.1,0.5213270142180093,7.6,2.2,2.8,0.6,0.1,1.5,0.387,0.254,0.824,19.3,0.61139896373057
2010-11,NYK,1610612752,1,First Round Exit,0.519,106.2,41.1,21.5,7.7,6.3,14.1,0.46,0.365,0.803,0.4,28.0,26.0,107.6,106.1,1.5,98.6,0.47159999999999996,0.125,26.1,8.6,2.7,1.0,2.2,3.5,0.507,0.5,0.789,36.8,1.0081521739130437,25.2,7.6,2.8,0.9,0.6,2.8,0.452,0.333,0.823,35.5,0.9661971830985915,10.1,7.1,2.0,1.1,0.3,1.4,0.519,0.399,0.761,32.6,0.588957055214724,16.5,2.5,5.3,1.0,0.2,2.5,0.438,0.441,0.923,32.3,0.7120743034055729,9.1,2.9,2.2,1.2,0.0,1.0,0.403,0.349,0.773,22.4,0.6428571428571428,4.7,3.4,1.6,0.6,1.1,0.7,0.621,0.0,0.649,18.5,0.5783783783783784,6.4,3.4,0.6,0.4,0.6,0.7,0.44,0.475,0.789,17.9,0.5977653631284917,4.7,5.3,0.5,0.4,0.5,0.9,0.453,0.0,0.739,17.0,0.6176470588235294
2010-11,OKC,1610612760,3,Conference Finals,0.648,104.7,42.4,20.1,7.8,5.6,14.0,0.461,0.336,0.827,2.3,35.0,19.0,108.1,104.9,3.1,95.6,0.528,0.75,28.9,7.0,2.8,1.1,1.0,3.1,0.47,0.338,0.88,39.6,0.9520202020202019,22.2,5.0,8.6,1.8,0.4,3.9,0.44,0.302,0.847,35.6,0.9578651685393257,7.5,8.2,0.9,0.2,0.8,2.2,0.556,0.0,0.579,27.3,0.564102564102564,5.2,4.8,1.4,1.3,0.5,0.8,0.469,0.295,0.75,27.2,0.4558823529411765,9.4,6.9,0.3,0.4,2.1,0.8,0.561,0.0,0.754,25.8,0.7093023255813954,10.3,3.3,2.0,1.1,0.3,1.2,0.413,0.361,0.829,25.7,0.614785992217899,4.2,4.4,0.8,0.5,0.5,0.8,0.552,0.0,0.75,20.7,0.46376811594202905,7.1,1.6,1.9,0.5,0.1,1.2,0.404,0.33,0.825,17.9,0.558659217877095
2010-11,ORL,1610612753,1,First Round Exit,0.632,99.8,43.5,20.1,6.3,4.3,14.5,0.461,0.36,0.695,5.8,36.0,21.0,106.0,99.3,6.7,94.0,0.47159999999999996,0.625,22.8,13.8,1.2,1.2,2.1,3.4,0.592,0.0,0.584,36.7,1.02724795640327,16.2,4.3,1.6,0.9,0.1,1.1,0.45,0.387,0.789,33.0,0.6666666666666666,10.1,4.4,3.9,0.9,0.4,1.6,0.438,0.393,0.714,29.8,0.6073825503355703,12.2,2.9,6.3,0.8,0.0,2.3,0.431,0.395,0.796,29.6,0.6722972972972973,11.8,2.9,4.6,1.2,0.4,2.7,0.373,0.293,0.771,27.0,0.674074074074074,10.2,2.0,1.7,0.5,0.1,1.0,0.448,0.401,0.886,25.9,0.5212355212355212,11.1,5.8,0.8,0.3,0.5,1.1,0.505,0.0,0.826,25.1,0.6932270916334661,10.9,5.2,0.6,0.4,0.6,0.9,0.439,0.401,0.789,20.8,0.8076923076923078
2010-11,PHI,1610612755,1,First Round Exit,0.482,98.2,42.1,22.1,7.3,4.1,13.2,0.461,0.347,0.769,1.3,27.0,29.0,104.0,102.5,1.4,93.6,0.47159999999999996,0.75,14.2,5.8,6.1,1.6,0.6,1.8,0.445,0.313,0.703,37.1,0.7142857142857143,13.8,3.9,6.2,1.5,0.4,2.7,0.442,0.368,0.81,34.9,0.66189111747851,15.2,8.7,1.4,1.2,1.1,1.4,0.522,0.0,0.789,34.7,0.755043227665706,12.1,5.0,1.1,1.0,0.3,1.2,0.542,0.222,0.726,25.8,0.7093023255813955,7.2,4.4,2.1,0.6,0.2,1.0,0.409,0.27,0.8,24.6,0.548780487804878,9.5,1.8,1.0,0.6,0.1,0.8,0.407,0.402,0.887,24.5,0.49795918367346936,13.8,1.9,3.4,0.6,0.2,1.4,0.406,0.342,0.828,23.7,0.7805907172995782,6.9,5.7,1.3,0.3,0.8,1.2,0.478,0.292,0.467,20.1,0.6865671641791047
2010-11,PHX,1610612756,0,Missed Playoffs,0.5,105.1,40.0,23.2,6.4,4.2,14.4,0.472,0.377,0.766,-0.4,27.0,27.0,107.7,107.4,0.3,96.8,0.528,0.5,16.8,3.6,11.3,0.7,0.0,3.6,0.523,0.408,0.917,33.3,0.864864864864865,12.2,6.5,1.1,0.7,1.1,1.0,0.43,0.39,0.809,32.6,0.6319018404907976,13.9,4.5,2.4,0.8,0.5,1.6,0.495,0.358,0.84,30.4,0.6743421052631579,14.7,4.3,2.3,0.8,0.3,1.4,0.445,0.367,0.74,30.0,0.7000000000000001,9.4,3.4,1.1,0.8,0.1,0.9,0.46,0.379,0.767,24.3,0.5720164609053497,11.9,1.3,3.8,0.6,0.1,1.6,0.355,0.286,0.937,23.8,0.6764705882352942,7.5,6.4,0.8,0.4,1.0,0.9,0.557,1.0,0.744,21.0,0.7238095238095239,6.8,2.4,0.7,0.5,0.4,0.7,0.389,0.356,0.731,20.6,0.4902912621359223
2010-11,POR,1610612757,1,First Round Exit,0.571,96.2,39.6,21.3,8.1,4.7,13.4,0.445,0.342,0.804,0.8,32.0,24.0,104.8,104.3,0.6,91.2,0.528,0.75,22.3,8.9,2.1,1.1,1.3,2.1,0.497,0.188,0.792,39.4,0.852791878172589,15.5,8.3,2.4,1.2,1.0,2.1,0.432,0.333,0.729,39.1,0.6726342710997442,16.6,3.0,3.3,1.1,0.4,1.6,0.399,0.347,0.873,35.3,0.6458923512747876,16.5,3.3,2.0,1.3,0.1,1.8,0.444,0.396,0.833,34.2,0.6257309941520468,13.2,3.8,7.4,1.6,0.1,2.6,0.461,0.107,0.854,32.8,0.7164634146341464,11.8,4.7,1.6,0.8,0.6,1.0,0.444,0.336,0.835,31.9,0.5799373040752352,5.9,11.3,2.3,0.9,1.8,1.3,0.425,0.0,0.655,28.7,0.7282229965156796,9.1,2.3,2.3,1.1,0.2,1.1,0.383,0.346,0.851,23.0,0.6043478260869565
2010-11,SAC,1610612758,0,Missed Playoffs,0.245,97.6,43.3,19.5,7.2,5.0,15.8,0.443,0.331,0.729,-5.2,13.0,40.0,100.0,105.6,-5.5,96.8,0.528,0.625,18.3,4.9,5.5,1.7,0.5,3.3,0.411,0.291,0.763,37.8,0.7301587301587302,13.5,3.4,4.3,1.2,0.1,1.7,0.485,0.354,0.855,34.3,0.6064139941690962,14.0,8.3,1.8,0.9,0.8,2.9,0.434,0.273,0.676,27.2,0.8419117647058825,9.4,4.8,1.0,0.8,0.2,1.0,0.403,0.377,0.703,25.4,0.5984251968503937,9.3,2.5,1.2,0.7,0.9,0.7,0.449,0.379,0.837,23.3,0.5965665236051502,8.1,5.6,1.0,0.4,0.4,1.2,0.485,0.0,0.643,21.1,0.6777251184834123,6.2,6.6,0.8,0.4,1.5,1.3,0.468,0.0,0.732,21.0,0.6761904761904762,6.0,2.7,0.8,0.6,0.4,0.9,0.402,0.273,0.642,17.0,0.5647058823529412
2010-11,SAS,1610612759,1,First Round Exit,0.821,103.5,42.6,23.0,7.7,4.8,13.7,0.473,0.397,0.769,7.1,46.0,10.0,109.0,100.8,8.3,94.7,0.528,0.875,17.4,3.1,6.7,1.3,0.0,2.5,0.524,0.341,0.787,32.6,0.7975460122699386,12.0,4.1,1.4,0.5,0.4,1.2,0.484,0.428,0.73,31.3,0.5495207667731629,17.9,3.8,4.9,1.6,0.4,2.3,0.427,0.353,0.869,31.0,0.8483870967741935,13.4,9.2,2.9,0.7,2.0,1.7,0.486,0.0,0.708,28.7,0.9233449477351917,11.1,2.9,2.3,0.9,0.3,1.2,0.447,0.392,0.873,27.9,0.5842293906810037,8.5,7.4,1.1,1.2,0.5,1.5,0.495,0.0,0.663,22.2,0.7747747747747747,7.3,3.4,0.9,0.3,0.4,0.4,0.484,0.5,0.731,22.0,0.5409090909090909,8.8,2.4,0.9,0.3,0.1,0.9,0.436,0.41,0.803,19.7,0.5888324873096448
2010-11,TOR,1610612761,0,Missed Playoffs,0.268,98.6,40.3,21.8,7.3,4.1,14.7,0.463,0.311,0.75,-5.8,15.0,41.0,102.7,109.3,-6.6,95.6,0.47159999999999996,0.75,21.9,5.5,1.7,0.6,0.8,2.5,0.451,0.347,0.827,35.9,0.7799442896935933,15.9,3.7,1.8,1.0,0.4,1.7,0.468,0.071,0.781,34.4,0.6133720930232559,9.9,3.0,9.0,1.2,0.1,2.1,0.436,0.383,0.8,31.0,0.6806451612903225,10.4,3.0,2.1,0.8,0.0,1.7,0.434,0.231,0.797,27.4,0.5328467153284673,4.0,12.1,1.4,1.3,0.3,1.2,0.36,0.0,0.533,27.3,0.6556776556776558,11.2,4.5,1.0,0.5,0.2,1.7,0.438,0.298,0.631,26.5,0.5924528301886792,10.1,6.9,1.3,0.8,1.2,1.0,0.575,0.0,0.803,26.0,0.7423076923076923,13.0,1.7,2.3,1.0,0.1,1.4,0.441,0.315,0.781,24.8,0.6733870967741936
2010-11,UTA,1610612762,0,Missed Playoffs,0.544,99.4,39.2,23.9,8.0,5.8,13.7,0.463,0.342,0.78,-0.3,31.0,26.0,105.2,105.9,-0.7,93.6,0.528,0.375,17.4,9.1,1.5,0.6,1.9,1.2,0.484,0.0,0.769,35.2,0.8323863636363635,17.1,7.8,2.3,1.4,0.8,1.8,0.532,0.364,0.762,34.1,0.809384164222874,11.6,5.6,2.9,1.3,1.3,1.8,0.457,0.37,0.785,32.2,0.6490683229813664,15.0,2.4,7.6,1.1,0.1,2.9,0.425,0.3,0.84,31.9,0.7304075235109719,8.4,2.5,1.6,0.8,0.2,0.8,0.431,0.361,0.873,30.7,0.4136807817589576,12.4,3.2,1.6,1.0,0.5,1.0,0.41,0.333,0.791,24.1,0.7344398340248963,6.3,5.3,0.4,0.3,0.7,1.0,0.511,0.0,0.612,19.5,0.6153846153846154,3.6,2.1,3.0,0.7,0.2,1.1,0.41,0.327,0.667,16.6,0.5120481927710842
2010-11,WAS,1610612764,0,Missed Playoffs,0.278,96.6,40.4,20.3,8.1,6.1,15.5,0.445,0.343,0.76,-6.4,15.0,39.0,99.7,106.7,-7.0,95.7,0.47159999999999996,0.5,15.0,4.2,8.9,1.7,0.4,3.7,0.409,0.31,0.746,36.9,0.7181571815718157,15.8,8.1,2.2,1.5,0.8,2.7,0.429,0.235,0.802,34.9,0.7363896848137536,12.7,5.5,1.7,1.0,0.6,1.6,0.442,0.351,0.8,34.0,0.5852941176470587,17.6,2.8,1.2,0.7,0.3,1.3,0.45,0.393,0.816,31.6,0.6740506329113924,9.1,7.5,0.4,0.5,2.4,1.2,0.547,0.0,0.612,26.7,0.700374531835206,8.2,3.8,0.9,1.3,0.3,1.1,0.333,0.286,0.621,21.4,0.6261682242990656,4.4,1.8,0.7,0.3,0.1,0.3,0.396,0.318,0.885,17.7,0.3954802259887006,5.7,3.5,0.4,0.4,0.6,0.9,0.43,0.231,0.755,16.4,0.5914634146341463
2011-12,ATL,1610612737,1,First Round Exit,0.588,93.4,41.5,21.8,8.2,5.1,14.1,0.441,0.378,0.72,1.7,20.0,14.0,99.6,97.2,2.4,92.3,0.46759999999999996,0.875,17.6,3.5,3.8,0.8,0.2,1.7,0.425,0.343,0.875,35.8,0.675977653631285,16.1,9.6,3.6,1.6,2.1,2.6,0.452,0.286,0.554,35.4,0.8587570621468928,12.4,7.0,2.2,0.9,1.3,1.5,0.553,0.0,0.733,31.6,0.7056962025316454,12.2,1.9,4.4,1.7,0.5,1.9,0.469,0.444,0.721,31.6,0.5949367088607594,6.8,6.4,1.3,0.9,0.5,1.4,0.509,0.0,0.725,24.7,0.5870445344129555,9.0,5.3,1.2,0.6,0.2,0.7,0.409,0.432,0.761,24.2,0.6446280991735538,4.9,1.7,2.6,0.9,0.1,1.4,0.337,0.243,0.571,19.8,0.4444444444444445,4.7,3.0,1.2,0.6,0.4,0.7,0.35,0.365,0.778,17.4,0.5287356321839082
2011-12,BOS,1610612738,3,Conference Finals,0.469,89.4,38.8,21.9,6.4,5.7,15.5,0.455,0.38,0.761,0.9,15.0,17.0,98.1,96.0,2.1,91.4,0.46759999999999996,0.75,14.8,4.9,9.5,1.6,0.0,3.7,0.485,0.25,0.615,36.9,0.7344173441734418,17.6,5.0,5.3,1.2,0.5,2.9,0.417,0.366,0.824,34.6,0.7716763005780347,14.5,3.1,2.8,0.8,0.1,2.0,0.469,0.485,0.922,33.9,0.569321533923304,14.4,7.9,2.6,0.8,1.1,2.0,0.503,0.75,0.851,30.8,0.8051948051948054,11.6,6.1,1.0,0.4,0.7,0.9,0.48,0.0,0.772,29.0,0.6517241379310345,7.1,3.3,0.6,0.5,0.2,0.8,0.388,0.364,0.625,22.9,0.4759825327510916,5.0,5.4,0.4,0.3,1.7,0.8,0.433,0.0,0.677,22.8,0.5263157894736842,4.3,1.7,1.3,0.5,0.3,1.1,0.445,0.083,0.682,17.4,0.40229885057471265
2011-12,CHA,1610612766,0,Missed Playoffs,0.125,86.5,40.1,19.4,5.6,5.9,14.8,0.415,0.307,0.728,-14.3,4.0,28.0,91.7,107.5,-15.8,93.8,0.46759999999999996,0.5,15.0,4.4,1.8,0.9,0.4,2.0,0.463,0.3,0.712,33.8,0.606508875739645,13.1,3.1,6.3,0.7,0.0,2.6,0.397,0.351,0.836,32.1,0.6417445482866043,13.3,3.8,3.8,1.1,0.3,1.8,0.37,0.345,0.8,29.2,0.7020547945205481,10.5,3.8,2.0,0.5,0.1,1.3,0.391,0.304,0.75,28.0,0.5571428571428572,13.5,4.5,1.1,0.5,0.1,2.3,0.346,0.24,0.819,27.8,0.6258992805755397,6.0,4.5,0.6,0.7,1.7,1.0,0.349,0.0,0.723,23.0,0.5434782608695652,9.7,4.3,0.6,0.3,0.6,0.8,0.44,0.25,0.841,21.0,0.7,7.4,4.1,0.8,0.2,0.5,0.7,0.509,1.0,0.731,20.5,0.6000000000000001
2011-12,CHI,1610612741,1,First Round Exit,0.771,97.3,45.5,23.3,7.3,5.7,14.0,0.46,0.383,0.729,9.5,27.0,8.0,105.4,94.9,10.5,92.5,0.46759999999999996,0.875,15.9,6.9,3.3,1.1,0.8,1.9,0.42,0.406,0.761,38.2,0.6832460732984293,21.8,3.4,7.7,0.8,0.7,2.9,0.461,0.321,0.821,35.3,0.8923512747875355,14.2,2.9,3.6,0.7,0.0,2.1,0.453,0.316,0.875,31.0,0.6225806451612902,15.8,8.2,1.8,1.0,0.5,1.7,0.538,0.0,0.716,30.1,0.8504983388704319,9.5,9.9,2.4,0.6,1.3,1.6,0.498,0.0,0.768,29.9,0.7391304347826086,7.6,3.1,2.1,1.1,0.3,0.9,0.425,0.302,0.618,26.5,0.5018867924528302,7.7,2.4,1.5,0.6,0.2,0.8,0.429,0.41,0.838,22.9,0.5065502183406113,10.4,2.0,4.0,1.1,0.1,1.7,0.388,0.443,0.808,22.7,0.7004405286343613
2011-12,CLE,1610612739,0,Missed Playoffs,0.419,93.7,43.7,20.4,7.5,4.7,15.8,0.424,0.357,0.697,-3.6,13.0,18.0,98.5,102.1,-3.6,94.6,0.46759999999999996,0.625,17.4,6.5,1.9,1.1,0.8,1.1,0.421,0.354,0.603,32.6,0.8159509202453987,10.8,11.5,1.7,1.4,0.7,1.8,0.514,0.0,0.672,31.4,0.7738853503184713,18.1,3.5,5.1,0.8,0.6,3.1,0.476,0.415,0.857,31.0,0.8064516129032259,10.1,4.2,1.5,1.4,0.2,1.8,0.442,0.347,0.771,27.6,0.5652173913043477,8.0,3.0,2.1,0.8,0.5,1.5,0.357,0.406,0.852,27.5,0.4690909090909091,6.0,2.4,2.2,0.7,0.2,0.9,0.368,0.321,0.6,23.3,0.45493562231759654,7.6,3.4,1.4,0.7,0.4,1.3,0.411,0.292,0.608,22.8,0.5350877192982456,3.6,1.0,1.4,0.4,0.2,1.0,0.292,0.364,0.0,18.9,0.29629629629629634
2011-12,DAL,1610612742,1,First Round Exit,0.618,94.4,43.7,21.9,9.1,5.2,14.6,0.438,0.325,0.741,3.5,21.0,13.0,99.5,96.0,3.5,93.9,0.5286666666666667,0.625,19.6,6.8,2.3,0.8,0.6,1.6,0.454,0.278,0.876,32.7,0.8715596330275229,14.8,2.1,3.8,1.2,0.1,2.1,0.431,0.376,0.875,30.6,0.6503267973856209,11.9,6.4,2.1,1.0,0.5,1.4,0.454,0.317,0.778,30.4,0.6743421052631581,5.1,4.6,5.5,1.8,0.2,2.2,0.325,0.299,0.889,28.3,0.5300353356890459,10.9,3.2,2.6,1.1,0.4,1.6,0.442,0.44,0.797,24.5,0.6775510204081633,8.3,2.5,3.4,1.6,0.2,1.7,0.428,0.327,0.909,22.7,0.6299559471365639,5.3,6.8,0.4,0.5,1.0,0.9,0.541,0.0,0.441,22.3,0.5874439461883407,7.7,4.5,1.7,0.4,0.3,1.2,0.357,0.259,0.577,21.4,0.6261682242990655
2011-12,DEN,1610612743,1,First Round Exit,0.514,103.4,43.0,22.9,8.8,5.2,16.1,0.469,0.323,0.736,2.1,18.0,17.0,104.5,102.0,2.4,97.4,0.5286666666666667,0.5,15.4,3.3,6.1,1.4,0.0,2.3,0.473,0.305,0.802,34.0,0.7029411764705881,17.0,5.2,2.6,1.2,0.6,1.6,0.447,0.313,0.89,33.0,0.7575757575757576,12.7,2.8,1.8,0.6,0.3,1.3,0.43,0.366,0.762,31.1,0.5434083601286174,10.5,3.6,6.9,1.1,0.2,2.5,0.443,0.286,0.783,29.3,0.6757679180887373,11.9,8.8,0.6,0.7,2.7,1.7,0.532,0.0,0.479,28.3,0.8127208480565372,14.3,6.1,1.5,1.0,0.2,2.1,0.455,0.308,0.664,27.3,0.769230769230769,9.3,2.2,2.4,1.1,0.1,1.4,0.449,0.324,0.698,24.0,0.5708333333333333,10.0,3.2,1.0,1.2,0.4,1.1,0.455,0.345,0.679,21.2,0.6933962264150944
2011-12,DET,1610612765,0,Missed Playoffs,0.314,89.3,39.8,18.7,7.1,3.9,15.7,0.428,0.338,0.768,-6.6,11.0,24.0,96.4,105.6,-9.3,91.4,0.46759999999999996,0.625,12.4,4.4,2.4,0.5,0.4,1.0,0.405,0.333,0.772,33.5,0.5701492537313432,16.7,9.8,2.5,1.4,0.6,2.6,0.513,0.0,0.774,32.8,0.8658536585365854,12.8,3.5,3.5,0.7,0.1,2.6,0.413,0.382,0.817,31.8,0.5660377358490566,14.3,2.8,3.9,0.8,0.2,1.8,0.419,0.333,0.844,30.1,0.6710963455149501,13.4,2.4,2.5,0.8,0.2,2.6,0.433,0.424,0.828,29.0,0.5758620689655172,9.5,5.2,0.7,0.7,0.4,1.1,0.469,0.29,0.784,24.6,0.6260162601626015,5.6,4.8,0.6,0.6,0.7,1.1,0.443,0.0,0.583,20.6,0.5436893203883494,3.3,1.1,2.6,0.8,0.1,1.2,0.316,0.273,0.6,16.5,0.406060606060606
2011-12,GSW,1610612744,0,Missed Playoffs,0.433,99.2,39.6,22.4,8.6,5.6,14.5,0.459,0.396,0.75,-1.5,13.0,17.0,104.5,104.9,-0.4,94.8,0.5286666666666667,0.5,19.3,9.8,2.5,0.9,0.4,2.5,0.516,0.0,0.731,37.3,0.8150134048257373,16.5,3.7,6.2,1.8,0.4,2.8,0.481,0.45,0.809,32.0,0.8062499999999999,10.7,4.7,1.8,0.9,0.3,0.8,0.419,0.359,0.788,29.0,0.6068965517241378,9.6,3.4,1.3,0.6,0.3,0.8,0.431,0.438,0.629,29.0,0.496551724137931,8.4,3.1,1.1,0.6,0.8,0.9,0.486,0.524,0.773,24.0,0.5458333333333333,10.0,2.0,3.7,1.0,0.1,1.5,0.406,0.342,0.817,21.1,0.7251184834123222,6.3,6.3,0.4,0.9,0.0,1.6,0.525,0.0,0.441,20.8,0.5913461538461539,2.3,4.5,0.2,0.6,1.1,0.3,0.652,0.0,0.2,17.4,0.48275862068965514
2011-12,HOU,1610612745,0,Missed Playoffs,0.588,97.5,42.5,20.7,7.8,4.8,15.0,0.452,0.354,0.786,1.6,20.0,14.0,102.3,100.1,2.2,94.7,0.5286666666666667,0.625,15.6,5.3,7.6,2.0,0.3,3.1,0.417,0.375,0.872,35.5,0.780281690140845,18.0,2.8,2.7,0.8,0.1,1.8,0.432,0.363,0.886,32.6,0.6932515337423313,15.1,5.9,1.6,0.4,0.3,2.7,0.488,0.0,0.788,30.1,0.6843853820598007,7.7,4.8,1.8,1.2,0.5,1.0,0.428,0.304,0.346,25.9,0.5791505791505792,9.7,2.3,1.3,1.2,0.3,0.9,0.447,0.4,0.838,25.1,0.5537848605577689,3.8,9.5,2.1,0.8,1.5,1.2,0.402,0.0,0.515,23.9,0.690376569037657,7.2,7.6,0.6,0.7,1.9,1.4,0.5,0.0,0.82,23.2,0.7155172413793104,7.3,4.2,0.6,0.4,0.4,0.5,0.479,0.0,0.563,22.2,0.5585585585585586
2011-12,IND,1610612754,2,Second Round Exit,0.636,95.5,44.1,17.8,8.2,5.5,14.8,0.429,0.364,0.784,3.0,21.0,12.0,101.0,97.6,3.3,94.1,0.46759999999999996,0.625,18.0,4.5,1.8,1.3,0.7,1.8,0.382,0.351,0.844,33.7,0.7270029673590503,11.5,3.5,5.2,0.8,0.3,1.8,0.441,0.407,0.83,33.4,0.5838323353293413,12.1,5.5,2.2,1.4,0.7,1.9,0.436,0.401,0.788,31.0,0.6451612903225806,13.8,9.6,1.6,0.4,1.7,2.2,0.512,0.0,0.689,30.2,0.8245033112582781,12.4,6.8,2.2,0.8,0.8,1.5,0.465,0.25,0.791,29.7,0.7239057239057239,9.0,2.9,1.7,1.2,0.3,1.0,0.448,0.373,0.816,24.4,0.5778688524590164,9.4,4.8,0.6,0.8,0.2,1.1,0.39,0.0,0.796,22.5,0.6533333333333333,12.0,1.8,1.4,0.9,0.2,1.7,0.421,0.312,0.838,22.0,0.6636363636363637
2011-12,LAC,1610612746,2,Second Round Exit,0.645,97.9,42.9,21.4,7.8,5.1,14.2,0.452,0.352,0.687,2.6,20.0,11.0,104.5,102.3,2.2,92.5,0.5286666666666667,0.5,21.4,11.4,3.0,0.8,0.8,2.5,0.539,0.25,0.539,36.8,0.9483695652173911,19.2,3.6,8.6,2.3,0.0,2.3,0.489,0.44,0.865,36.2,0.8674033149171269,14.3,4.0,1.5,1.1,0.2,1.6,0.431,0.357,0.781,32.9,0.5927051671732523,17.2,2.5,1.2,0.7,0.2,1.5,0.403,0.375,0.885,31.3,0.6485623003194887,15.0,2.5,4.0,0.5,0.2,1.9,0.364,0.384,0.895,30.3,0.66996699669967,8.0,9.0,0.4,0.5,2.6,1.3,0.638,0.0,0.481,29.1,0.6597938144329897,13.5,2.4,3.3,1.0,0.2,1.9,0.433,0.387,0.849,28.6,0.6468531468531469,8.4,1.8,2.4,0.8,0.4,1.1,0.373,0.336,0.805,23.2,0.5474137931034484
2011-12,LAL,1610612747,2,Second Round Exit,0.588,93.1,45.7,20.8,6.0,5.0,15.1,0.449,0.305,0.742,1.8,20.0,14.0,100.6,98.1,2.5,92.3,0.5286666666666667,0.75,28.4,5.8,4.9,1.3,0.3,3.9,0.435,0.285,0.828,38.2,0.9633507853403138,17.0,10.6,3.1,0.6,1.2,1.9,0.502,0.214,0.779,37.2,0.8225806451612905,16.3,12.8,1.3,0.5,2.0,2.4,0.544,0.0,0.627,34.6,0.8815028901734105,10.4,3.3,5.5,0.5,0.0,2.1,0.383,0.435,0.843,25.3,0.6956521739130433,6.8,1.9,3.0,0.6,0.0,1.3,0.393,0.346,0.692,25.1,0.4382470119521911,4.9,2.8,1.9,0.8,0.3,1.1,0.335,0.239,0.511,22.8,0.4210526315789474,7.0,4.8,1.7,0.7,0.7,1.2,0.443,0.255,0.792,21.6,0.6342592592592592,3.9,3.5,1.1,0.4,0.3,0.5,0.44,0.431,0.571,19.0,0.4578947368421053
2011-12,MEM,1610612763,1,First Round Exit,0.559,93.4,42.3,18.8,9.9,5.2,15.2,0.444,0.326,0.754,1.3,19.0,15.0,98.7,98.1,0.6,94.1,0.5286666666666667,0.75,15.0,10.1,3.1,1.0,2.2,2.1,0.493,0.143,0.751,38.1,0.7690288713910761,18.9,6.6,2.3,1.6,0.8,2.7,0.452,0.394,0.719,37.9,0.7255936675461743,13.2,2.7,6.7,2.5,0.1,2.4,0.428,0.333,0.886,35.7,0.6386554621848739,14.8,7.5,1.0,1.3,0.5,1.8,0.468,0.333,0.609,28.3,0.823321554770318,10.9,3.9,1.0,1.9,0.6,1.6,0.469,0.4,0.803,26.3,0.6349809885931559,11.9,3.1,2.0,1.0,0.4,1.6,0.417,0.371,0.708,26.2,0.6412213740458015,8.6,6.5,0.8,0.4,0.5,0.9,0.441,0.0,0.816,23.0,0.691304347826087,5.0,4.3,0.6,0.6,0.4,0.6,0.484,0.0,0.688,19.0,0.5421052631578948
2011-12,MIA,1610612748,5,Champion,0.794,103.7,43.0,21.1,8.5,5.1,15.4,0.488,0.398,0.784,9.4,27.0,7.0,107.9,96.9,11.1,95.3,0.46759999999999996,0.75,27.4,8.1,6.8,1.8,0.7,3.7,0.547,0.413,0.773,36.7,1.1198910081743867,18.4,8.3,2.0,0.9,0.8,2.1,0.494,0.269,0.817,35.2,0.8039772727272726,22.4,4.4,4.8,1.7,1.4,2.6,0.502,0.077,0.804,32.2,0.9968944099378879,11.1,2.5,3.6,1.3,0.2,2.2,0.512,0.456,0.809,27.9,0.5913978494623656,6.3,8.1,0.7,0.5,0.3,1.1,0.418,0.0,0.824,26.1,0.5670498084291187,4.5,2.1,1.1,0.9,0.6,0.5,0.389,0.36,0.474,22.3,0.390134529147982,3.0,4.3,0.1,0.4,1.2,0.6,0.521,0.0,0.707,22.1,0.38009049773755654,8.7,1.7,2.5,0.8,0.0,1.7,0.423,0.28,0.818,21.4,0.5607476635514019
2011-12,MIL,1610612749,0,Missed Playoffs,0.394,94.5,41.4,21.1,8.0,5.2,14.2,0.424,0.33,0.792,-2.2,13.0,20.0,99.4,102.0,-2.6,94.7,0.46759999999999996,0.625,22.4,3.4,5.8,1.5,0.3,3.2,0.433,0.313,0.816,37.5,0.8053333333333331,18.4,3.5,5.2,1.5,0.3,2.2,0.405,0.327,0.8,35.3,0.7563739376770539,11.3,8.3,2.6,1.0,2.0,2.0,0.449,0.0,0.609,30.3,0.7656765676567657,9.6,3.5,2.4,1.5,0.3,1.3,0.407,0.392,0.767,27.9,0.5734767025089607,10.4,8.6,0.9,0.6,0.7,1.2,0.429,0.388,0.765,25.1,0.796812749003984,10.3,3.1,1.8,0.5,0.2,1.0,0.446,0.361,0.786,24.7,0.6032388663967612,12.7,6.1,1.7,0.6,0.6,1.9,0.433,0.31,0.856,24.3,0.8148148148148148,7.6,2.3,2.3,0.7,0.4,1.2,0.474,0.667,0.867,23.2,0.521551724137931
2011-12,MIN,1610612750,0,Missed Playoffs,0.5,96.8,45.1,18.7,7.6,4.4,16.2,0.43,0.322,0.777,1.2,17.0,17.0,100.2,99.2,1.0,96.2,0.5286666666666667,0.625,25.0,14.0,1.9,1.0,0.5,2.7,0.446,0.348,0.833,39.9,0.9949874686716791,11.3,4.3,8.4,2.4,0.2,3.4,0.375,0.354,0.812,34.9,0.664756446991404,11.3,2.5,3.7,0.9,0.3,1.5,0.451,0.33,0.852,31.5,0.546031746031746,12.2,5.3,1.0,0.6,0.4,1.8,0.423,0.426,0.654,25.6,0.6914062499999999,12.5,7.2,0.4,0.7,0.8,2.2,0.583,0.0,0.779,24.4,0.7950819672131147,5.7,2.8,0.8,0.5,0.5,1.2,0.38,0.217,0.632,22.0,0.4136363636363637,10.8,2.4,2.9,0.4,0.0,1.9,0.388,0.362,0.86,20.6,0.7087378640776698,7.3,4.2,0.5,0.5,0.4,1.0,0.438,0.25,0.646,18.4,0.6467391304347827
2011-12,BKN,1610612751,0,Missed Playoffs,0.286,92.5,39.4,19.8,7.0,4.2,15.5,0.422,0.357,0.771,-6.7,10.0,25.0,100.5,108.9,-8.3,91.3,0.46759999999999996,0.625,22.2,3.5,8.2,1.1,0.4,4.2,0.413,0.371,0.853,37.4,0.8342245989304813,13.7,6.5,2.7,1.5,0.6,2.0,0.488,0.286,0.758,35.9,0.6406685236768802,13.6,10.5,1.3,0.7,1.2,1.8,0.505,0.0,0.725,34.6,0.7369942196531791,14.6,4.3,2.0,1.1,0.4,1.9,0.439,0.356,0.77,30.4,0.674342105263158,13.0,2.6,0.9,0.7,0.2,1.4,0.426,0.402,0.949,28.9,0.5536332179930795,7.6,4.8,1.8,0.5,0.3,1.5,0.374,0.319,0.6,26.7,0.5056179775280899,12.0,3.0,1.0,0.0,1.5,0.5,0.391,0.0,0.462,24.7,0.688259109311741,4.9,4.7,0.4,1.0,1.0,1.7,0.371,0.0,0.667,24.4,0.42213114754098374
2011-12,NOP,1610612740,0,Missed Playoffs,0.242,88.2,41.7,19.8,7.5,4.8,15.5,0.439,0.319,0.741,-5.1,8.0,25.0,96.6,102.1,-5.5,90.7,0.5286666666666667,0.625,21.0,5.0,2.0,2.0,1.5,2.0,0.425,0.083,0.778,39.2,0.7525510204081632,11.8,5.7,3.4,1.6,0.7,1.8,0.409,0.323,0.766,34.9,0.6131805157593123,15.1,3.9,6.4,0.8,0.2,2.2,0.432,0.333,0.837,34.6,0.699421965317919,10.8,2.6,1.2,0.8,0.0,1.3,0.417,0.378,0.785,30.0,0.47,9.9,7.9,0.9,0.6,1.0,1.4,0.533,0.0,0.514,28.9,0.6539792387543254,11.6,7.5,1.7,0.4,1.3,2.7,0.414,0.0,0.784,26.3,0.752851711026616,8.5,2.4,4.8,1.2,0.2,2.1,0.418,0.328,0.828,24.0,0.6249999999999999,11.5,4.4,1.0,0.4,0.3,1.5,0.467,0.0,0.796,23.9,0.6736401673640167
2011-12,NYK,1610612752,1,First Round Exit,0.486,95.2,41.7,19.1,9.6,4.1,16.9,0.432,0.305,0.757,1.2,17.0,18.0,97.9,97.2,0.7,96.4,0.46759999999999996,0.5,21.4,5.8,4.1,1.1,0.4,3.0,0.397,0.309,0.82,34.1,0.8739002932551319,17.5,8.0,1.3,1.0,0.8,2.7,0.449,0.25,0.815,33.7,0.7685459940652819,11.7,9.5,0.9,0.9,1.3,1.5,0.703,0.0,0.722,33.5,0.6805970149253731,10.2,4.5,2.9,1.4,0.3,1.7,0.48,0.265,0.609,32.1,0.5482866043613707,10.3,3.4,3.2,2.0,0.3,2.5,0.375,0.268,0.854,30.1,0.5548172757475084,11.3,3.8,2.3,2.5,0.0,0.8,0.395,0.261,0.5,27.1,0.7047970479704797,14.4,2.8,5.8,1.5,0.1,3.6,0.471,0.333,0.766,24.1,0.871369294605809,4.8,4.5,0.8,0.9,0.8,0.7,0.389,0.2,0.647,22.2,0.5000000000000001
2011-12,OKC,1610612760,4,Finals Loss,0.794,102.7,43.6,18.3,7.9,7.9,16.9,0.475,0.347,0.796,6.4,27.0,7.0,106.4,99.1,7.3,96.2,0.5286666666666667,0.875,27.9,8.1,3.4,1.4,1.2,3.6,0.513,0.365,0.836,38.0,1.0105263157894737,23.5,4.8,5.5,1.9,0.3,4.2,0.47,0.307,0.814,35.1,0.9059829059829058,16.8,4.1,3.6,1.0,0.3,2.1,0.472,0.373,0.859,31.7,0.7476340694006309,8.2,7.7,0.5,0.5,3.2,1.1,0.511,1.0,0.641,27.6,0.6884057971014491,4.4,6.1,0.9,0.3,1.2,2.1,0.453,0.0,0.725,26.8,0.40298507462686567,5.5,2.0,3.4,0.9,0.1,1.2,0.371,0.283,0.8,25.5,0.41960784313725497,5.2,2.7,0.9,0.9,0.4,0.7,0.453,0.481,0.885,20.9,0.44976076555023936,4.5,4.1,1.3,0.5,0.3,0.9,0.667,0.0,0.694,20.5,0.4780487804878049
2011-12,ORL,1610612753,1,First Round Exit,0.629,93.1,43.3,20.2,6.5,4.2,15.1,0.435,0.386,0.651,2.3,22.0,13.0,101.1,98.5,2.6,91.3,0.46759999999999996,0.875,20.1,15.3,2.1,1.5,2.2,3.3,0.554,0.0,0.492,38.3,0.9895561357702354,16.1,7.3,0.9,0.9,0.3,0.6,0.441,0.434,0.837,31.1,0.8006430868167201,11.5,3.7,4.5,0.8,0.3,2.9,0.407,0.36,0.687,30.9,0.5792880258899678,9.3,2.8,5.3,0.6,0.1,2.2,0.398,0.301,0.826,29.8,0.533557046979866,12.0,3.3,2.1,1.1,0.4,1.1,0.429,0.403,0.532,28.5,0.624561403508772,11.3,2.2,2.2,0.3,0.1,0.9,0.428,0.447,0.948,25.7,0.5914396887159533,7.3,4.6,0.7,0.5,0.3,1.2,0.378,0.143,0.763,21.9,0.5570776255707762,3.7,1.8,2.8,0.6,0.1,1.2,0.402,0.387,0.75,20.8,0.375
2011-12,PHI,1610612755,2,Second Round Exit,0.588,94.0,42.7,21.7,8.5,4.8,10.5,0.449,0.372,0.73,6.5,20.0,14.0,102.1,94.3,7.8,91.9,0.46759999999999996,1.0,12.4,6.4,5.3,1.9,0.5,2.0,0.433,0.37,0.616,35.2,0.6960227272727272,13.6,3.3,4.5,1.6,0.2,2.2,0.42,0.383,0.821,34.8,0.6034482758620691,12.6,4.6,1.2,1.2,0.6,0.7,0.504,0.0,0.757,27.8,0.7014388489208633,10.1,6.7,1.3,0.9,1.5,1.0,0.455,0.0,0.705,27.7,0.703971119133574,10.5,8.3,2.8,0.5,1.5,1.4,0.568,0.25,0.611,27.6,0.8043478260869565,15.7,2.3,3.6,0.8,0.2,1.1,0.404,0.382,0.812,26.5,0.8113207547169812,8.8,2.6,0.8,0.7,0.1,0.4,0.423,0.399,0.879,25.9,0.4864864864864865,8.2,5.6,2.6,0.5,0.2,1.3,0.433,0.25,0.633,23.9,0.6610878661087866
2011-12,PHX,1610612756,0,Missed Playoffs,0.412,94.6,41.3,22.2,7.3,5.2,14.7,0.447,0.34,0.773,-2.5,14.0,20.0,100.2,102.7,-2.5,94.5,0.5286666666666667,0.625,15.9,10.4,1.0,0.8,1.6,1.5,0.561,0.0,0.672,33.6,0.8392857142857143,13.9,2.8,10.9,0.7,0.1,3.7,0.542,0.4,0.861,32.1,0.7694704049844238,11.7,4.0,1.8,1.0,0.2,1.2,0.477,0.365,0.808,30.0,0.5833333333333334,9.7,3.5,2.1,0.7,0.7,1.4,0.416,0.283,0.833,27.8,0.5503597122302157,9.7,5.8,1.0,0.7,1.0,0.8,0.405,0.338,0.886,24.3,0.7160493827160493,8.7,2.0,0.8,0.9,0.2,1.1,0.39,0.333,0.791,20.6,0.558252427184466,7.9,5.0,1.0,0.8,0.7,0.9,0.395,0.403,0.698,20.5,0.7073170731707317,3.8,1.5,2.1,1.0,0.1,1.5,0.371,0.324,0.85,15.5,0.45161290322580644
2011-12,POR,1610612757,0,Missed Playoffs,0.529,98.4,42.0,22.0,8.9,5.2,14.3,0.447,0.338,0.783,5.4,18.0,16.0,102.4,97.1,5.3,94.8,0.5286666666666667,0.375,22.3,8.3,2.7,1.1,0.8,2.0,0.506,0.167,0.798,35.9,0.9247910863509751,12.5,3.2,1.9,1.3,0.2,1.0,0.415,0.353,0.844,32.4,0.5586419753086419,10.2,2.2,6.2,1.2,0.1,2.8,0.376,0.248,0.788,32.0,0.5343749999999999,13.9,4.3,1.2,1.0,1.1,1.4,0.465,0.423,0.832,27.8,0.723021582733813,14.2,2.0,4.0,0.9,0.2,2.1,0.393,0.354,0.942,26.3,0.730038022813688,5.0,5.2,0.6,0.5,0.5,1.2,0.374,0.0,0.638,19.2,0.5520833333333334,3.4,3.7,0.9,0.4,0.7,0.6,0.509,0.0,0.583,16.3,0.5214723926380368,3.1,1.1,2.4,0.4,0.0,1.0,0.261,0.167,0.75,11.5,0.5217391304347826
2011-12,SAC,1610612758,0,Missed Playoffs,0.333,94.2,43.7,17.3,8.2,4.3,15.2,0.41,0.311,0.748,-7.9,11.0,22.0,97.4,105.8,-8.4,96.3,0.5286666666666667,0.5,17.3,5.2,5.3,1.5,0.5,2.9,0.421,0.243,0.798,36.4,0.739010989010989,18.2,3.6,2.0,1.5,0.3,2.1,0.415,0.352,0.871,36.1,0.6509695290858726,16.4,11.3,1.0,1.2,1.2,2.8,0.436,0.25,0.729,29.5,0.959322033898305,7.0,3.1,1.8,0.9,0.2,0.9,0.361,0.272,0.654,28.2,0.42907801418439717,8.0,6.2,0.9,0.4,0.5,1.0,0.512,0.0,0.554,23.8,0.6302521008403361,8.0,1.2,1.9,0.6,0.0,1.3,0.375,0.375,0.889,20.7,0.502415458937198,3.5,5.0,1.1,0.7,0.4,0.8,0.4,0.0,0.667,20.4,0.48529411764705876,8.8,2.2,2.9,0.6,0.1,1.3,0.413,0.354,0.836,19.6,0.6785714285714285
2011-12,SAS,1610612759,3,Conference Finals,0.706,99.3,41.3,22.3,7.0,4.4,13.4,0.459,0.394,0.732,3.7,24.0,10.0,104.4,101.1,3.3,93.7,0.5286666666666667,0.625,19.4,2.9,8.1,1.1,0.1,2.6,0.456,0.242,0.81,34.3,0.8454810495626823,7.8,5.5,4.4,0.5,0.6,2.4,0.417,0.263,0.64,28.2,0.5815602836879434,14.1,8.6,2.8,0.7,1.4,1.8,0.468,0.0,0.729,28.1,0.9181494661921706,10.5,3.2,3.0,1.0,0.2,2.5,0.357,0.278,0.833,27.4,0.5620437956204379,7.0,4.9,0.9,1.3,0.4,0.7,0.464,0.348,0.659,23.3,0.5922746781115881,7.8,3.7,1.5,0.9,0.7,1.3,0.401,0.37,0.786,23.2,0.5732758620689655,9.7,5.6,1.1,0.9,0.2,1.5,0.52,0.0,0.586,22.1,0.7239819004524884,9.3,2.3,1.8,0.4,0.1,1.1,0.406,0.404,0.741,22.0,0.5818181818181819
2011-12,TOR,1610612761,0,Missed Playoffs,0.303,89.2,41.8,21.0,7.0,5.0,15.3,0.431,0.327,0.748,-5.1,10.0,23.0,96.2,101.1,-4.9,92.2,0.46759999999999996,1.0,23.5,6.4,2.1,0.4,0.7,2.2,0.476,0.34,0.843,36.1,0.8559556786703602,15.7,3.5,1.8,1.0,0.3,2.3,0.41,0.305,0.791,34.4,0.5813953488372093,11.0,3.5,8.9,0.8,0.1,1.9,0.467,0.375,0.891,34.1,0.6568914956011731,8.0,4.5,1.8,1.3,1.5,1.3,0.431,0.321,0.553,25.3,0.624505928853755,7.0,6.6,1.2,0.5,1.0,1.5,0.563,0.333,0.66,24.4,0.6065573770491802,6.0,6.3,0.6,0.9,0.9,0.9,0.488,0.0,0.679,22.8,0.6052631578947368,10.4,1.7,2.9,0.5,0.2,1.6,0.382,0.39,0.824,22.5,0.6266666666666667,10.7,4.6,1.2,0.6,0.0,1.5,0.423,0.348,0.782,21.9,0.7123287671232877
2011-12,UTA,1610612762,1,First Round Exit,0.469,96.2,42.3,20.7,8.1,5.9,14.1,0.451,0.297,0.747,-1.5,15.0,17.0,101.8,103.5,-1.7,93.5,0.5286666666666667,0.875,19.1,9.4,2.0,0.9,1.6,1.2,0.481,0.0,0.761,32.9,0.966565349544073,16.1,9.3,2.0,1.5,0.8,1.6,0.499,0.25,0.828,31.2,0.9006410256410257,9.4,2.8,3.2,0.8,0.7,1.5,0.421,0.246,0.785,28.0,0.5499999999999999,9.1,1.4,4.5,1.1,0.3,2.0,0.456,0.32,0.709,25.7,0.5603112840466927,7.4,1.5,1.1,0.4,0.0,0.6,0.493,0.434,0.87,24.4,0.40163934426229514,3.4,2.0,4.5,1.2,0.5,1.8,0.373,0.179,0.708,21.9,0.4474885844748858,8.0,3.4,1.1,0.7,0.2,1.1,0.378,0.24,0.831,21.7,0.5668202764976958,8.0,5.1,0.4,0.4,0.9,1.5,0.487,0.0,0.64,19.4,0.6855670103092785
2011-12,WAS,1610612764,0,Missed Playoffs,0.212,91.9,41.5,17.7,8.2,7.3,15.8,0.429,0.303,0.722,-8.9,7.0,26.0,94.7,104.8,-10.1,96.3,0.46759999999999996,0.625,16.8,5.1,7.6,1.3,1.0,4.2,0.426,0.105,0.801,36.7,0.7520435967302452,13.4,7.8,2.0,1.2,0.8,2.6,0.52,0.0,0.636,30.6,0.7385620915032679,10.3,7.1,1.2,1.1,0.7,1.8,0.38,0.286,0.692,28.5,0.6526315789473683,7.8,3.9,1.0,0.8,0.4,1.1,0.385,0.239,0.838,26.0,0.49230769230769234,12.4,2.4,2.9,0.7,0.1,2.1,0.394,0.284,0.768,24.0,0.6833333333333332,7.3,5.4,0.6,1.1,0.9,1.0,0.561,0.0,0.569,22.1,0.6470588235294117,3.8,2.8,0.6,1.1,0.4,0.5,0.374,0.32,0.667,18.8,0.4361702127659574,2.9,3.1,0.7,0.7,0.5,1.0,0.5,0.0,0.368,15.5,0.44516129032258067
2012-13,ATL,1610612737,1,First Round Exit,0.569,97.0,40.8,24.0,8.0,4.8,15.1,0.46,0.381,0.701,0.8,29.0,22.0,102.2,101.1,1.1,93.9,0.4715999999999999,0.5,16.2,9.8,3.2,0.9,1.0,1.8,0.541,0.0,0.599,36.9,0.7940379403794038,17.4,8.6,4.1,1.2,2.1,3.0,0.46,0.354,0.5,35.7,0.8515406162464985,14.2,2.3,6.9,1.5,0.3,3.0,0.459,0.389,0.869,33.3,0.6666666666666667,11.5,4.1,2.0,1.0,0.5,0.9,0.461,0.46,0.855,31.3,0.5814696485623004,14.1,2.1,3.6,1.1,0.3,1.9,0.422,0.367,0.868,28.7,0.672473867595819,8.5,1.9,2.7,1.1,0.3,1.5,0.428,0.317,0.703,24.0,0.5416666666666667,6.2,6.5,1.5,0.7,0.2,1.4,0.486,0.0,0.742,22.1,0.6199095022624432,5.5,2.4,0.9,0.4,0.1,0.4,0.386,0.381,0.385,20.7,0.42995169082125606
2012-13,BOS,1610612738,1,First Round Exit,0.538,95.8,40.0,23.3,8.7,4.3,14.5,0.457,0.34,0.785,0.0,28.0,24.0,100.1,99.2,0.9,93.5,0.4715999999999999,0.625,13.7,5.6,11.1,1.8,0.2,3.9,0.484,0.24,0.645,37.4,0.7620320855614974,18.5,6.4,4.4,1.3,0.3,2.6,0.415,0.359,0.792,34.0,0.8323529411764705,15.1,7.7,2.3,1.1,1.0,1.6,0.503,0.0,0.792,30.3,0.8448844884488449,10.4,1.9,2.4,0.9,0.1,1.2,0.442,0.369,0.867,28.2,0.5141843971631206,8.5,2.1,1.5,1.3,0.5,1.1,0.395,0.298,0.75,26.8,0.47761194029850745,7.6,5.0,0.9,0.6,0.6,0.9,0.451,0.0,0.833,26.4,0.5227272727272727,13.2,3.1,3.7,0.6,0.1,2.3,0.415,0.345,0.821,26.2,0.7022900763358779,10.3,3.3,1.0,0.6,0.7,1.4,0.443,0.34,0.815,24.6,0.589430894308943
2012-13,BKN,1610612751,1,First Round Exit,0.585,95.2,42.2,19.8,7.0,4.8,14.6,0.441,0.352,0.74,0.5,31.0,22.0,103.7,103.6,0.1,90.5,0.4715999999999999,0.5,17.0,3.0,3.5,0.6,0.2,1.7,0.424,0.384,0.826,37.9,0.5963060686015832,16.7,3.3,7.6,0.9,0.5,2.8,0.413,0.347,0.855,36.5,0.7178082191780821,8.9,5.2,2.7,1.3,0.7,1.7,0.432,0.351,0.65,31.3,0.5463258785942492,19.0,7.4,0.9,0.5,2.2,1.9,0.52,0.0,0.754,30.3,0.9273927392739273,3.7,9.2,0.5,0.8,0.2,1.3,0.485,0.0,0.504,22.9,0.5720524017467248,6.0,6.2,0.4,0.2,0.5,0.8,0.435,0.0,0.781,19.3,0.6476683937823833,10.0,5.3,1.0,1.1,0.6,1.4,0.486,0.143,0.73,19.0,0.8736842105263161,6.2,1.5,1.7,0.8,0.1,0.7,0.385,0.359,0.789,17.9,0.5363128491620113
2012-13,CHA,1610612766,0,Missed Playoffs,0.231,93.8,41.0,18.9,7.3,6.3,14.1,0.421,0.347,0.751,-8.9,12.0,40.0,98.0,108.2,-10.2,94.4,0.4715999999999999,0.5,17.2,3.4,5.6,1.9,0.4,2.2,0.425,0.34,0.792,34.5,0.76231884057971,12.8,8.0,1.5,0.8,0.8,1.7,0.391,0.32,0.7,31.5,0.7047619047619048,12.8,3.4,2.0,1.0,0.4,1.4,0.431,0.392,0.8,27.8,0.6546762589928057,15.0,2.9,3.9,0.8,0.1,1.7,0.411,0.315,0.855,27.6,0.7608695652173912,4.4,7.2,0.4,0.4,1.8,1.1,0.439,0.0,0.505,26.0,0.5038461538461539,9.1,5.7,1.5,0.8,1.0,1.4,0.455,0.222,0.764,25.9,0.6447876447876449,12.6,1.9,2.2,0.5,0.3,1.8,0.428,0.409,0.849,22.0,0.7136363636363636,6.4,2.1,0.9,0.7,0.2,0.6,0.427,0.363,0.787,21.3,0.4553990610328638
2012-13,CHI,1610612741,2,Second Round Exit,0.577,93.1,43.7,22.6,7.2,5.3,14.7,0.438,0.344,0.779,1.6,30.0,22.0,100.3,98.8,1.5,92.0,0.4715999999999999,0.625,16.7,6.8,3.0,1.0,0.4,2.1,0.425,0.308,0.82,39.6,0.6515151515151514,11.8,11.4,4.1,1.3,2.0,2.8,0.456,0.0,0.757,38.3,0.7258485639686686,15.7,9.3,1.9,0.7,0.4,2.0,0.471,0.0,0.713,30.9,0.8414239482200646,7.0,2.6,5.2,0.9,0.5,1.6,0.381,0.389,0.691,28.3,0.5159010600706715,9.6,1.7,1.6,0.6,0.1,1.1,0.404,0.357,0.83,24.3,0.5144032921810698,12.0,2.3,4.2,1.1,0.1,1.5,0.439,0.403,0.83,23.8,0.7647058823529412,10.7,1.8,2.4,0.6,0.1,1.8,0.435,0.341,0.886,22.7,0.6079295154185022,7.6,5.5,0.9,0.5,1.5,1.1,0.495,0.0,0.663,22.3,0.6681614349775785
2012-13,CLE,1610612739,0,Missed Playoffs,0.302,97.0,41.1,20.4,8.2,3.8,14.4,0.429,0.352,0.761,-4.3,16.0,37.0,100.6,106.8,-6.2,95.2,0.4715999999999999,0.625,14.1,14.4,3.4,1.5,0.6,1.8,0.478,0.0,0.755,36.0,0.8944444444444445,23.5,3.7,5.5,1.7,0.4,3.3,0.466,0.425,0.848,35.3,0.8923512747875356,10.4,3.9,1.9,1.4,0.4,1.9,0.411,0.303,0.785,31.7,0.5078864353312302,11.4,9.1,1.3,0.8,0.8,1.5,0.499,0.0,0.656,31.5,0.6952380952380953,14.2,2.5,3.2,1.1,0.2,2.1,0.396,0.309,0.768,29.5,0.647457627118644,8.0,6.2,1.4,0.5,1.0,1.4,0.419,0.0,0.767,27.6,0.5688405797101449,10.9,2.6,0.9,0.6,0.2,1.1,0.404,0.37,0.925,21.6,0.6527777777777777,6.6,1.4,1.8,0.8,0.1,0.7,0.361,0.386,0.714,21.4,0.46728971962616833
2012-13,DAL,1610612742,0,Missed Playoffs,0.442,101.3,42.4,22.7,7.9,5.3,14.2,0.453,0.367,0.797,-1.4,23.0,29.0,102.5,104.1,-1.6,96.8,0.5277333333333333,0.375,17.9,3.8,4.3,1.3,0.3,2.8,0.463,0.413,0.856,35.8,0.6927374301675978,12.9,2.9,5.5,1.4,0.1,2.2,0.485,0.393,0.9,31.1,0.662379421221865,15.2,5.7,2.5,0.5,0.7,1.1,0.423,0.388,0.798,30.1,0.7807308970099667,11.5,8.3,2.4,0.9,0.6,1.5,0.497,0.34,0.836,29.8,0.7449664429530201,13.0,3.9,2.0,0.9,0.6,1.2,0.429,0.404,0.809,25.1,0.7649402390438246,12.4,6.2,0.8,0.3,0.9,1.7,0.506,0.0,0.803,23.7,0.7974683544303799,7.3,6.5,1.0,0.6,1.3,0.8,0.459,0.0,0.763,21.8,0.7293577981651376,4.6,3.5,0.5,0.7,0.4,0.5,0.361,0.314,0.909,18.3,0.5027322404371584
2012-13,DEN,1610612743,1,First Round Exit,0.611,105.1,45.5,23.9,8.7,6.6,15.5,0.472,0.344,0.688,3.6,33.0,21.0,106.5,102.6,3.9,97.5,0.5277333333333333,0.75,15.8,2.6,7.1,1.6,0.1,2.8,0.445,0.382,0.744,34.9,0.6991404011461319,13.4,5.3,4.7,1.5,0.6,2.6,0.446,0.311,0.601,34.3,0.6676384839650146,17.2,5.5,2.4,0.8,0.6,1.6,0.424,0.372,0.811,33.3,0.7477477477477478,12.3,9.7,1.0,1.1,0.9,1.5,0.557,0.0,0.62,29.4,0.7993197278911565,8.9,3.0,5.8,0.8,0.1,2.1,0.473,0.233,0.851,25.6,0.64453125,11.3,3.0,1.4,1.2,0.3,1.1,0.423,0.311,0.645,23.7,0.679324894514768,8.0,6.6,0.5,0.6,1.4,0.7,0.596,0.0,0.559,22.9,0.7161572052401747,9.5,5.2,0.6,0.9,0.4,1.2,0.384,0.381,0.784,20.6,0.7475728155339805
2012-13,DET,1610612765,0,Missed Playoffs,0.389,95.3,43.8,20.6,6.9,5.6,15.1,0.446,0.365,0.697,-1.7,21.0,33.0,101.1,103.6,-2.5,93.0,0.4715999999999999,0.625,16.1,9.7,3.2,1.3,0.7,3.0,0.491,0.0,0.674,33.0,0.8484848484848485,13.5,3.4,4.3,0.7,0.1,2.8,0.404,0.354,0.75,31.5,0.6095238095238095,11.6,2.4,7.4,0.7,0.1,1.7,0.484,0.446,0.904,28.8,0.7118055555555556,9.0,4.0,1.1,0.7,0.5,1.1,0.443,0.381,0.805,28.4,0.5,11.3,2.8,3.6,0.6,0.3,1.7,0.386,0.285,0.791,28.2,0.5992907801418442,7.1,5.6,0.6,0.5,1.4,1.2,0.442,0.0,0.65,25.1,0.5577689243027888,7.3,7.5,0.5,0.9,1.7,0.8,0.592,0.5,0.365,19.7,0.8680203045685279,9.3,1.4,3.8,0.6,0.1,1.7,0.457,0.313,0.805,18.4,0.7336956521739131
2012-13,GSW,1610612744,2,Second Round Exit,0.577,101.0,44.7,22.9,6.7,4.0,15.2,0.456,0.393,0.798,-0.2,30.0,22.0,104.1,103.4,0.7,96.7,0.5277333333333333,0.375,21.0,4.0,6.6,1.6,0.2,2.9,0.434,0.447,0.905,37.5,0.8133333333333336,19.0,10.8,3.8,0.8,0.2,2.7,0.514,0.0,0.804,37.2,0.8575268817204301,16.4,3.9,2.3,0.9,0.5,2.0,0.417,0.389,0.874,35.1,0.6267806267806266,13.0,3.2,5.8,0.8,0.1,2.0,0.472,0.412,0.86,28.9,0.7231833910034603,9.3,4.2,1.5,0.6,0.2,1.2,0.449,0.366,0.726,25.8,0.5658914728682171,11.5,6.5,0.8,0.4,0.5,1.5,0.521,0.0,0.826,24.9,0.7309236947791165,7.8,6.2,2.2,0.2,1.6,1.0,0.554,0.0,0.5,22.5,0.7555555555555555,2.6,3.8,0.3,0.4,1.0,1.0,0.432,0.0,0.5,15.3,0.4640522875816994
2012-13,HOU,1610612745,1,First Round Exit,0.527,106.1,43.1,23.2,8.4,4.1,16.3,0.462,0.362,0.758,2.8,29.0,26.0,106.5,104.4,2.1,98.7,0.5277333333333333,0.125,26.1,4.8,5.7,1.9,0.5,3.8,0.448,0.347,0.855,38.2,0.9214659685863874,14.5,5.6,3.7,1.1,0.4,2.0,0.471,0.36,0.724,36.0,0.6472222222222223,12.6,3.4,6.2,1.9,0.4,2.9,0.434,0.317,0.787,32.7,0.6605504587155963,10.5,11.5,0.9,0.5,1.1,2.3,0.545,0.0,0.556,30.0,0.74,10.3,3.0,2.1,0.9,0.1,1.2,0.414,0.39,0.8,25.0,0.6080000000000001,8.1,1.7,2.4,0.6,0.1,1.4,0.465,0.384,0.769,21.1,0.5450236966824643,5.3,1.7,1.1,0.8,0.8,0.5,0.383,0.374,0.857,17.9,0.5139664804469275,4.9,4.6,0.7,0.5,0.4,1.3,0.427,0.0,0.577,16.0,0.6124999999999999
2012-13,IND,1610612754,3,Conference Finals,0.604,92.8,45.8,20.2,6.8,6.7,14.9,0.429,0.348,0.742,2.9,32.0,21.0,100.0,95.9,4.1,92.2,0.4715999999999999,0.625,17.6,7.8,4.0,1.8,0.7,2.8,0.422,0.386,0.818,37.8,0.7698412698412699,14.7,4.1,4.9,0.9,0.4,1.8,0.441,0.361,0.827,35.4,0.6553672316384179,17.2,7.6,2.9,0.9,1.1,2.0,0.483,0.2,0.744,33.6,0.8244047619047618,8.4,3.7,2.8,1.0,0.2,1.3,0.468,0.352,0.635,28.9,0.5121107266435987,10.0,8.3,1.5,0.5,2.6,2.0,0.414,0.0,0.687,28.6,0.7307692307692308,6.6,2.5,0.7,0.3,0.4,1.0,0.345,0.282,0.792,19.7,0.48223350253807107,5.5,3.9,0.3,0.5,0.9,1.2,0.47,0.0,0.669,16.7,0.5928143712574852,4.7,1.1,2.3,0.5,0.0,0.8,0.337,0.336,0.806,16.2,0.4814814814814816
2012-13,LAC,1610612746,1,First Round Exit,0.696,100.4,41.9,23.3,10.0,6.0,14.8,0.474,0.357,0.704,6.8,39.0,17.0,106.5,99.5,7.0,94.1,0.5277333333333333,0.625,16.6,3.4,9.6,2.6,0.0,2.1,0.482,0.353,0.884,32.8,0.9176829268292684,18.5,8.7,3.6,1.5,0.6,2.4,0.541,0.188,0.657,32.5,0.9384615384615385,16.8,1.7,2.5,1.0,0.2,2.1,0.429,0.37,0.854,29.5,0.6813559322033897,10.4,4.7,1.5,1.1,0.8,1.2,0.456,0.35,0.732,25.8,0.6705426356589149,9.0,7.3,0.4,0.7,1.4,1.3,0.599,0.0,0.429,24.6,0.711382113821138,10.1,2.9,1.0,0.6,0.2,0.9,0.421,0.389,0.806,24.4,0.569672131147541,9.6,3.1,3.3,1.6,0.9,2.0,0.453,0.429,0.798,21.8,0.7568807339449541,3.7,5.9,1.9,0.8,0.8,1.1,0.387,0.123,0.44,20.3,0.5911330049261085
2012-13,LAL,1610612747,1,First Round Exit,0.463,101.6,44.6,22.2,7.2,5.4,15.3,0.457,0.351,0.693,0.7,25.0,29.0,104.9,103.4,1.4,97.1,0.5277333333333333,0.5,26.8,5.3,5.6,1.4,0.3,3.6,0.464,0.326,0.846,38.4,0.9322916666666666,16.3,11.8,1.5,1.1,2.3,3.0,0.578,0.25,0.495,34.9,0.8595988538681949,12.9,5.6,1.5,1.7,0.6,1.4,0.397,0.346,0.74,34.4,0.6075581395348838,13.4,8.0,3.6,0.5,1.3,2.0,0.453,0.308,0.706,33.4,0.7425149700598803,11.8,2.8,7.4,0.6,0.1,2.6,0.512,0.405,0.919,32.9,0.6109422492401216,8.1,6.3,1.1,0.6,0.7,1.1,0.471,0.405,0.676,23.0,0.6826086956521739,8.4,4.5,0.8,0.5,0.4,0.7,0.461,0.322,0.689,20.9,0.6650717703349284,5.0,1.8,3.3,0.7,0.1,1.2,0.419,0.415,0.545,20.8,0.4663461538461538
2012-13,MEM,1610612763,3,Conference Finals,0.647,93.7,42.6,20.9,8.9,5.1,14.8,0.44,0.345,0.792,3.5,33.0,18.0,100.6,97.7,2.9,92.0,0.5277333333333333,0.625,15.6,11.5,1.4,0.9,0.5,2.0,0.474,0.111,0.753,35.2,0.7926136363636362,13.8,7.8,3.6,1.0,1.7,2.0,0.48,0.1,0.874,34.6,0.7485549132947977,13.3,2.4,5.9,2.2,0.3,2.4,0.426,0.365,0.852,33.7,0.6439169139465876,11.5,4.5,2.5,0.5,0.3,1.2,0.449,0.431,0.768,32.3,0.5603715170278639,8.6,4.3,1.2,1.6,0.5,1.3,0.446,0.176,0.737,27.4,0.543795620437956,6.4,2.2,1.3,0.6,0.1,0.9,0.415,0.418,0.758,22.4,0.43303571428571436,8.9,6.0,1.1,0.5,0.8,0.9,0.547,0.0,0.651,22.3,0.73542600896861,7.1,2.1,3.4,0.7,0.2,1.6,0.422,0.337,0.812,20.2,0.5891089108910891
2012-13,MIA,1610612748,5,Champion,0.72,103.2,38.9,22.3,8.4,5.0,13.4,0.493,0.386,0.761,6.4,36.0,14.0,110.4,101.8,8.6,93.1,0.4715999999999999,0.875,27.3,8.2,6.9,1.7,0.9,3.0,0.565,0.424,0.745,38.5,1.0909090909090908,21.0,4.9,4.8,1.6,0.8,2.7,0.505,0.283,0.753,34.1,0.8914956011730203,17.7,7.4,1.5,0.9,1.3,1.8,0.555,0.257,0.815,33.8,0.7988165680473374,7.7,2.2,3.3,1.6,0.2,1.4,0.413,0.401,0.698,26.1,0.5210727969348657,10.7,3.0,1.7,0.8,0.2,1.1,0.447,0.411,0.881,25.5,0.6,6.0,2.2,0.8,0.4,0.8,0.5,0.388,0.402,0.778,24.7,0.3927125506072875,3.7,5.4,0.5,0.5,0.2,0.7,0.51,0.0,0.654,19.1,0.5026178010471205,4.8,1.4,1.7,0.5,0.1,1.1,0.405,0.264,0.667,18.5,0.3999999999999999
2012-13,MIL,1610612749,1,First Round Exit,0.51,97.5,43.5,22.1,8.6,7.5,14.4,0.432,0.347,0.736,-1.0,26.0,25.0,99.7,101.0,-1.3,97.2,0.4715999999999999,0.875,18.5,3.3,6.1,1.9,0.1,2.7,0.395,0.364,0.804,37.1,0.7331536388140161,18.4,3.8,5.5,1.9,0.5,3.0,0.401,0.232,0.796,36.8,0.7364130434782609,15.3,2.4,4.4,0.6,0.1,2.1,0.459,0.403,0.887,31.7,0.6529968454258677,11.2,4.0,2.1,0.6,0.5,1.2,0.457,0.438,0.821,26.5,0.649056603773585,8.5,8.5,0.9,0.7,3.2,1.2,0.525,0.0,0.577,25.4,0.8110236220472441,11.2,6.2,1.6,0.9,0.5,0.9,0.444,0.44,0.762,25.3,0.7707509881422925,7.8,5.0,1.2,0.7,0.4,1.4,0.417,0.292,0.588,24.5,0.5591836734693877,4.0,3.4,0.7,0.5,1.2,0.7,0.398,0.0,0.803,18.2,0.5
2012-13,MIN,1610612750,0,Missed Playoffs,0.38,95.1,43.3,21.9,7.9,4.9,15.3,0.437,0.301,0.732,-2.1,19.0,31.0,100.2,102.7,-2.5,94.6,0.5277333333333333,0.5,18.3,14.0,2.3,0.7,0.5,2.2,0.352,0.217,0.704,34.3,0.9795918367346937,13.3,6.3,3.0,1.5,1.1,2.1,0.51,0.294,0.762,34.1,0.6774193548387097,15.9,8.9,0.9,0.6,0.8,1.8,0.506,0.0,0.741,31.9,0.7931034482758621,12.3,2.9,3.9,1.1,0.2,1.7,0.463,0.324,0.818,31.1,0.6012861736334406,10.5,2.5,4.4,0.8,0.4,2.3,0.377,0.304,0.726,27.8,0.5863309352517985,7.8,2.5,6.5,1.8,0.0,2.7,0.343,0.13,0.77,26.3,0.6045627376425856,8.2,5.2,0.9,1.0,0.5,0.6,0.464,0.0,0.603,25.4,0.5984251968503937,5.8,2.8,4.6,0.6,0.0,1.4,0.314,0.0,0.7,24.4,0.5081967213114754
2012-13,NOP,1610612740,0,Missed Playoffs,0.358,94.1,41.3,21.3,6.4,5.5,14.6,0.453,0.376,0.764,-3.0,19.0,34.0,102.4,105.7,-3.3,91.1,0.5277333333333333,0.375,13.9,4.6,9.4,0.8,0.1,3.3,0.436,0.362,0.77,34.1,0.7478005865102639,17.1,6.4,1.2,0.5,0.4,1.1,0.442,0.402,0.879,31.2,0.7852564102564101,16.4,1.4,2.8,1.1,0.3,2.9,0.403,0.357,0.839,29.5,0.6474576271186441,12.5,7.5,0.9,1.2,1.9,1.5,0.514,0.0,0.702,27.8,0.8093525179856114,7.6,7.5,1.4,1.2,0.5,1.7,0.485,0.286,0.727,26.4,0.625,11.7,5.5,0.8,0.5,1.6,1.2,0.563,0.0,0.758,25.9,0.7297297297297298,6.0,1.8,2.2,0.5,0.2,1.3,0.35,0.316,0.557,23.3,0.4034334763948497,5.5,2.1,1.1,0.4,0.2,0.8,0.439,0.421,0.968,18.6,0.45698924731182783
2012-13,NYK,1610612752,2,Second Round Exit,0.64,100.3,41.1,19.7,8.0,3.7,11.6,0.445,0.381,0.753,4.6,32.0,18.0,108.8,103.0,5.8,92.4,0.4715999999999999,0.75,28.6,6.5,2.7,0.8,0.5,2.7,0.447,0.405,0.825,38.1,0.9553805774278215,14.9,2.9,6.3,1.3,0.1,2.4,0.404,0.358,0.787,34.2,0.6754385964912282,16.2,5.0,2.8,1.3,0.4,1.4,0.4,0.34,0.777,33.4,0.7275449101796407,11.4,11.1,1.0,0.6,1.0,1.3,0.673,0.0,0.67,33.0,0.7212121212121212,7.2,4.0,3.6,1.7,0.4,1.1,0.393,0.38,0.886,27.9,0.5663082437275986,13.6,4.8,0.5,0.4,0.8,1.5,0.559,0.0,0.813,22.8,0.8157894736842104,6.9,1.9,0.5,0.3,0.1,0.1,0.423,0.447,0.941,21.6,0.4444444444444445,5.3,3.4,1.5,0.7,0.1,0.7,0.338,0.414,0.583,19.3,0.5336787564766838
2012-13,OKC,1610612760,2,Second Round Exit,0.736,106.0,42.7,21.9,8.5,7.5,15.6,0.482,0.389,0.828,8.8,39.0,14.0,110.0,99.7,10.3,96.0,0.5277333333333333,0.875,29.2,7.4,4.4,1.6,1.2,3.2,0.519,0.427,0.907,38.9,1.0437017994858613,22.6,5.1,8.1,1.9,0.3,3.6,0.426,0.328,0.795,35.7,0.9635854341736694,13.4,7.9,0.6,0.3,2.9,1.6,0.553,0.344,0.772,32.1,0.7320872274143302,15.0,2.3,1.3,1.0,0.1,1.4,0.454,0.436,0.904,29.2,0.6267123287671235,7.3,3.9,1.6,1.3,0.6,0.8,0.472,0.401,0.811,28.3,0.49116607773851584,8.6,1.7,3.4,0.6,0.2,2.0,0.354,0.435,0.913,25.4,0.49212598425196846,4.6,5.9,1.5,0.6,1.2,1.4,0.486,0.0,0.654,25.1,0.49402390438247,5.4,4.3,1.4,0.6,0.3,0.8,0.614,0.0,0.784,19.7,0.5685279187817259
2012-13,ORL,1610612753,0,Missed Playoffs,0.288,94.0,42.8,23.3,6.0,4.2,14.7,0.451,0.342,0.773,-5.3,15.0,37.0,99.6,105.3,-5.7,93.8,0.4715999999999999,0.375,16.6,3.8,3.0,0.7,0.1,2.2,0.443,0.345,0.853,36.4,0.6043956043956045,14.8,3.9,7.4,1.2,0.1,2.7,0.398,0.348,0.911,35.2,0.7017045454545455,12.4,11.5,1.7,0.7,1.1,1.5,0.522,0.0,0.679,32.5,0.7969230769230768,15.1,7.2,2.1,0.9,0.6,1.9,0.448,0.0,0.718,31.3,0.7667731629392972,8.7,2.3,2.6,0.6,0.3,1.7,0.413,0.346,0.857,22.8,0.5614035087719298,4.8,3.8,0.6,0.8,0.8,0.6,0.457,0.171,0.571,19.6,0.5204081632653061,7.0,2.1,3.7,0.4,0.1,1.4,0.476,0.271,0.727,18.8,0.6329787234042553,2.9,2.4,2.1,0.6,0.1,1.1,0.264,0.042,0.5,17.2,0.4069767441860465
2012-13,PHI,1610612755,0,Missed Playoffs,0.431,92.3,41.5,22.3,7.2,5.0,13.0,0.443,0.35,0.721,-3.1,22.0,29.0,98.9,101.9,-3.0,92.9,0.4715999999999999,0.625,19.0,4.2,8.9,1.5,0.4,4.0,0.451,0.353,0.775,38.3,0.783289817232376,13.8,6.6,4.4,0.9,0.3,2.4,0.428,0.379,0.76,36.2,0.6519337016574585,14.9,7.4,1.7,1.6,0.9,1.1,0.522,0.2,0.57,35.5,0.7154929577464788,10.5,3.8,1.5,1.2,0.5,0.8,0.402,0.341,0.606,28.4,0.5880281690140845,11.5,2.4,1.5,0.7,0.3,1.0,0.418,0.366,0.835,25.6,0.6015625,10.2,6.4,1.8,0.3,1.3,1.5,0.46,0.306,0.728,25.5,0.7254901960784315,6.6,5.5,1.0,0.3,0.9,0.8,0.477,0.0,0.682,23.3,0.5793991416309012,7.3,4.0,1.7,0.8,0.4,0.8,0.377,0.35,0.836,21.3,0.6291079812206573
2012-13,PHX,1610612756,0,Missed Playoffs,0.321,94.7,41.0,21.9,7.7,5.4,14.7,0.443,0.325,0.754,-5.3,17.0,36.0,98.7,105.0,-6.3,95.0,0.5277333333333333,0.375,14.0,2.8,6.3,1.4,0.3,2.4,0.44,0.314,0.743,32.3,0.693498452012384,11.3,8.7,1.3,0.7,1.7,1.7,0.525,0.0,0.689,31.4,0.7006369426751593,11.5,3.6,2.5,0.9,0.1,1.4,0.475,0.387,0.811,29.3,0.5870307167235496,12.8,6.4,2.4,0.9,0.5,1.5,0.463,0.083,0.761,27.4,0.7846715328467153,11.2,2.7,2.0,1.1,0.3,1.3,0.418,0.273,0.784,25.2,0.6349206349206349,5.5,4.0,1.3,0.7,0.3,0.6,0.458,0.316,0.691,22.5,0.4977777777777778,10.8,4.1,1.8,0.4,0.5,2.2,0.4,0.33,0.779,22.5,0.6844444444444444,8.6,4.1,0.9,0.5,0.3,1.0,0.428,0.381,0.653,21.4,0.6261682242990655
2012-13,POR,1610612757,0,Missed Playoffs,0.472,96.7,41.5,21.2,7.0,4.8,15.1,0.442,0.338,0.779,-3.0,25.0,28.0,101.9,105.5,-3.6,93.4,0.5277333333333333,0.5,15.3,5.9,4.9,1.3,1.2,2.9,0.424,0.364,0.859,38.7,0.6640826873385013,18.3,3.2,6.5,1.0,0.3,3.0,0.418,0.35,0.856,38.4,0.6848958333333334,20.9,8.8,2.5,0.8,1.3,1.9,0.482,0.1,0.79,38.0,0.8526315789473684,14.8,2.9,2.7,1.4,0.3,1.7,0.432,0.38,0.806,34.8,0.5862068965517242,12.7,10.3,1.0,0.5,0.8,1.8,0.566,0.0,0.693,29.2,0.8047945205479452,4.2,3.1,0.2,0.2,0.6,0.6,0.541,0.0,0.848,14.8,0.5202702702702703,2.5,2.1,0.6,0.4,0.1,0.8,0.341,0.231,0.385,13.2,0.3712121212121212,2.7,1.1,1.9,0.7,0.1,0.9,0.325,0.256,0.708,13.1,0.42748091603053434
2012-13,SAC,1610612758,0,Missed Playoffs,0.352,96.8,40.3,19.7,8.4,4.4,15.0,0.439,0.35,0.757,-6.9,19.0,35.0,100.7,108.5,-7.8,95.2,0.5277333333333333,0.75,17.3,10.0,2.9,1.6,0.6,3.1,0.453,0.182,0.755,31.4,0.9331210191082802,15.3,4.8,3.2,1.4,0.4,2.2,0.48,0.327,0.757,31.1,0.7363344051446945,8.9,2.7,3.0,0.8,0.4,1.1,0.411,0.37,0.753,29.1,0.5051546391752578,10.9,6.7,1.1,0.5,0.8,1.2,0.512,0.0,0.664,28.3,0.6643109540636044,11.6,4.7,1.1,0.4,0.6,0.9,0.519,0.365,0.755,25.9,0.6756756756756759,12.1,1.8,3.3,0.8,0.0,1.7,0.432,0.315,0.87,24.8,0.657258064516129,11.5,2.4,1.1,1.0,0.0,0.9,0.4,0.347,0.857,23.8,0.634453781512605,8.1,1.8,1.9,0.8,0.0,1.1,0.395,0.377,0.882,18.6,0.6182795698924731
2012-13,SAS,1610612759,4,Finals Loss,0.778,104.2,40.9,25.0,8.7,5.1,14.6,0.487,0.384,0.792,8.4,42.0,12.0,107.4,98.4,9.0,96.2,0.5277333333333333,1.0,20.8,3.0,7.6,0.9,0.1,2.5,0.536,0.393,0.83,32.9,0.9088145896656535,17.2,9.6,2.8,0.8,2.8,1.9,0.502,0.4,0.824,29.7,1.0538720538720538,10.5,5.5,1.2,1.8,0.5,1.0,0.498,0.402,0.833,29.3,0.6313993174061433,10.2,3.3,1.5,1.2,0.6,1.1,0.443,0.424,0.854,27.4,0.572992700729927,10.6,5.9,1.4,0.8,0.8,1.1,0.59,0.0,0.751,23.8,0.7731092436974789,5.9,3.7,2.5,0.7,0.3,1.1,0.559,0.424,0.652,23.5,0.5106382978723405,12.3,3.6,4.5,1.4,0.2,2.0,0.443,0.376,0.829,23.3,0.8583690987124462,9.9,2.2,1.7,0.5,0.0,1.2,0.417,0.366,0.852,22.7,0.5770925110132159
2012-13,TOR,1610612761,0,Missed Playoffs,0.396,97.7,40.1,22.3,7.4,4.6,13.0,0.444,0.352,0.777,-1.3,21.0,32.0,104.0,104.9,-0.9,92.4,0.4715999999999999,0.375,17.6,4.2,2.3,1.0,0.3,1.8,0.435,0.277,0.838,36.9,0.6395663956639567,17.7,6.0,2.6,1.5,0.8,2.4,0.404,0.288,0.792,36.9,0.7100271002710028,14.8,3.9,1.3,0.6,0.6,1.8,0.408,0.294,0.836,30.8,0.6298701298701299,12.9,4.5,5.9,1.4,0.4,2.2,0.416,0.401,0.833,28.4,0.8063380281690139,9.7,7.1,1.6,1.1,1.2,1.3,0.555,0.286,0.682,27.0,0.7185185185185184,11.9,2.3,2.0,1.0,0.1,1.3,0.376,0.348,0.851,25.1,0.6374501992031872,5.0,5.0,1.4,0.7,0.2,1.1,0.445,0.111,0.688,23.0,0.4869565217391304,7.3,5.3,0.9,0.3,1.1,1.3,0.529,0.0,0.73,21.5,0.6325581395348837
2012-13,UTA,1610612762,0,Missed Playoffs,0.556,98.3,42.0,22.8,8.4,6.4,14.9,0.452,0.363,0.766,-0.4,30.0,24.0,103.5,104.3,-0.8,93.8,0.5277333333333333,0.625,17.5,9.5,2.1,1.0,1.2,1.2,0.485,0.154,0.813,32.9,0.9148936170212767,12.9,2.0,6.7,0.9,0.3,2.7,0.441,0.376,0.93,31.4,0.6401273885350319,15.1,7.4,2.6,1.3,1.1,1.7,0.486,0.353,0.741,30.4,0.8486842105263159,11.8,1.5,2.2,0.8,0.4,1.3,0.407,0.422,0.809,27.9,0.5519713261648745,13.5,2.9,2.5,0.7,0.6,1.8,0.428,0.392,0.822,26.6,0.6917293233082706,8.0,3.6,1.0,0.5,0.6,1.0,0.423,0.339,0.789,25.7,0.4941634241245136,9.3,6.3,0.9,0.9,1.4,1.5,0.476,0.0,0.684,22.0,0.7863636363636363,4.0,2.1,5.0,1.0,0.2,1.9,0.365,0.304,0.722,21.1,0.49289099526066343
2012-13,WAS,1610612764,0,Missed Playoffs,0.294,91.3,43.2,21.7,7.5,4.7,15.4,0.428,0.345,0.733,-3.9,15.0,36.0,95.4,99.6,-4.2,94.3,0.4715999999999999,0.375,13.2,3.3,2.5,0.9,0.5,1.5,0.393,0.365,0.793,30.9,0.6116504854368932,14.7,3.2,7.3,1.0,0.7,3.4,0.428,0.077,0.788,28.8,0.8159722222222222,10.6,3.8,1.8,0.7,0.3,1.3,0.453,0.441,0.86,27.7,0.5740072202166064,12.9,6.8,2.9,1.0,0.5,2.2,0.496,0.0,0.731,26.5,0.8264150943396226,9.1,8.7,1.2,0.6,1.1,1.3,0.488,0.0,0.558,25.1,0.7729083665338644,8.0,4.5,1.7,1.4,0.5,1.3,0.395,0.311,0.83,24.6,0.6016260162601625,9.9,4.8,0.8,0.3,0.8,1.8,0.444,0.0,0.672,23.5,0.6297872340425532,7.3,2.4,4.2,0.7,0.0,1.2,0.378,0.322,0.794,23.3,0.575107296137339
2013-14,ATL,1610612737,1,First Round Exit,0.49,101.4,40.7,25.6,8.9,4.4,15.4,0.459,0.371,0.779,0.5,25.0,26.0,103.4,102.7,0.7,97.2,0.4474,0.75,11.8,4.0,2.9,1.1,0.3,1.3,0.475,0.464,0.923,34.2,0.5497076023391813,17.6,8.2,3.0,1.8,1.1,2.5,0.463,0.368,0.744,33.1,0.8821752265861028,18.6,8.4,2.6,0.9,1.5,2.2,0.567,0.364,0.682,33.0,0.9030303030303031,15.6,2.6,7.2,1.2,0.2,3.1,0.412,0.256,0.832,32.2,0.7360248447204967,10.5,5.5,1.9,1.5,0.3,0.9,0.474,0.368,0.762,31.1,0.6045016077170418,9.4,1.9,3.6,0.9,0.1,1.6,0.378,0.356,0.829,23.7,0.6033755274261604,7.2,2.0,3.6,0.8,0.0,1.1,0.431,0.368,0.846,18.7,0.6684491978609626,9.1,3.5,1.0,0.3,0.1,0.8,0.477,0.339,0.819,17.0,0.776470588235294
2013-14,BOS,1610612738,0,Missed Playoffs,0.352,95.1,43.1,20.4,7.1,4.7,15.5,0.437,0.331,0.766,-3.5,19.0,35.0,98.7,103.2,-4.5,95.7,0.4474,0.625,16.4,4.8,1.7,0.7,0.6,2.0,0.416,0.36,0.77,33.7,0.6587537091988129,14.3,3.9,1.4,1.0,0.2,1.6,0.434,0.356,0.756,30.6,0.6274509803921567,10.8,5.8,1.1,0.5,1.0,1.2,0.478,0.667,0.854,27.3,0.6593406593406594,13.2,8.2,1.6,0.5,0.7,1.7,0.437,0.258,0.772,27.3,0.8241758241758241,9.8,4.8,7.1,1.4,0.0,2.7,0.424,0.379,0.5,27.2,0.7500000000000001,4.8,3.5,2.5,1.2,0.2,1.7,0.505,0.305,0.43,23.7,0.44303797468354433,8.1,1.9,2.8,0.8,0.2,0.9,0.383,0.297,0.776,21.4,0.602803738317757,7.1,2.5,1.0,0.8,0.1,0.5,0.439,0.45,1.0,20.5,0.5365853658536586
2013-14,BKN,1610612751,2,Second Round Exit,0.471,97.2,39.1,20.7,7.9,4.2,14.5,0.45,0.366,0.762,-2.3,24.0,27.0,102.9,104.5,-1.6,93.9,0.4474,0.5,15.0,3.2,2.6,0.5,0.2,1.5,0.438,0.39,0.806,33.1,0.6042296072507553,20.7,6.0,0.9,0.5,1.8,1.6,0.563,0.0,0.817,31.4,0.9012738853503184,13.3,2.5,6.6,1.1,0.2,2.6,0.451,0.384,0.78,30.9,0.6828478964401294,13.5,4.7,2.8,1.1,0.5,2.1,0.429,0.36,0.833,28.9,0.7093425605536332,8.3,2.4,1.2,0.8,0.2,0.8,0.401,0.347,0.821,25.1,0.4820717131474103,7.7,3.1,3.1,1.1,0.5,1.3,0.463,0.2,0.847,24.7,0.5748987854251012,8.3,2.7,1.0,0.7,0.2,0.8,0.381,0.318,0.808,24.4,0.49590163934426224,11.6,5.6,1.4,1.0,0.5,1.5,0.474,0.243,0.75,21.8,0.8532110091743118
2013-14,CHA,1610612766,1,First Round Exit,0.434,94.7,42.0,20.8,6.2,5.0,12.7,0.437,0.353,0.726,-2.4,23.0,30.0,98.8,101.2,-2.4,95.1,0.4474,0.625,18.1,4.3,5.2,1.3,0.5,2.4,0.413,0.345,0.803,35.7,0.7563025210084034,20.1,10.5,2.1,1.0,1.2,1.4,0.49,0.333,0.673,33.8,0.9911242603550299,15.1,4.2,2.7,0.8,0.4,1.6,0.423,0.318,0.776,33.1,0.6525679758308156,8.2,5.1,4.1,0.9,0.6,1.1,0.438,0.381,0.688,30.1,0.591362126245847,7.9,4.9,0.9,0.7,0.7,1.3,0.463,0.111,0.602,25.9,0.5328185328185328,8.0,2.3,0.8,0.5,0.2,1.0,0.376,0.269,0.553,24.2,0.44628099173553726,5.7,1.7,3.4,0.6,0.1,1.3,0.384,0.368,0.684,21.2,0.4811320754716981,5.9,2.8,0.7,0.3,0.2,0.4,0.431,0.442,0.833,21.1,0.4502369668246444
2013-14,CHI,1610612741,1,First Round Exit,0.519,92.3,44.8,22.2,7.3,5.3,15.7,0.425,0.335,0.77,-0.1,27.0,25.0,97.7,97.8,-0.1,93.0,0.4474,0.625,12.4,5.0,2.2,2.0,0.6,1.6,0.379,0.274,0.787,37.0,0.5567567567567567,11.9,11.5,4.4,1.1,1.4,2.2,0.468,0.0,0.718,34.0,0.8264705882352941,15.9,3.2,4.3,0.5,0.1,3.4,0.354,0.34,0.844,31.1,0.6623794212218651,14.8,8.7,1.6,0.8,0.3,2.3,0.454,0.0,0.77,29.9,0.7993311036789299,12.9,6.6,1.2,0.5,1.5,1.9,0.484,0.0,0.725,29.4,0.7074829931972789,11.1,3.9,2.0,0.8,0.5,1.3,0.437,0.38,0.813,29.4,0.5782312925170068,8.3,2.7,4.5,1.1,0.4,1.8,0.364,0.288,0.805,29.2,0.5205479452054794,10.9,1.6,4.5,0.9,0.0,1.9,0.407,0.401,0.89,25.5,0.6274509803921567
2013-14,CLE,1610612739,0,Missed Playoffs,0.377,96.7,44.1,20.1,7.4,3.9,14.5,0.425,0.358,0.739,-5.3,20.0,33.0,99.2,105.0,-5.9,95.6,0.4474,0.625,17.2,6.1,3.1,1.1,0.2,2.2,0.439,0.313,0.791,35.6,0.7162921348314606,21.5,3.2,6.2,1.3,0.3,2.7,0.427,0.369,0.855,35.2,0.8465909090909088,12.1,9.5,0.9,0.5,0.4,1.5,0.464,0.0,0.656,32.9,0.6656534954407295,13.2,8.6,3.3,0.6,1.3,2.3,0.453,0.403,0.782,31.5,0.7841269841269841,8.8,10.3,2.6,1.1,0.8,1.1,0.482,0.0,0.696,30.2,0.7450331125827816,14.3,2.9,2.7,0.9,0.2,2.2,0.417,0.361,0.671,28.4,0.6619718309859154,8.5,2.6,3.7,0.6,0.3,1.5,0.397,0.373,0.821,25.8,0.5503875968992248,10.2,2.1,1.1,0.9,0.3,0.9,0.437,0.394,0.859,19.9,0.6884422110552764
2013-14,DAL,1610612742,1,First Round Exit,0.593,103.9,40.1,23.3,8.8,4.2,13.4,0.472,0.376,0.799,2.1,32.0,22.0,107.9,105.2,2.7,96.3,0.5522666666666667,0.375,19.3,3.5,5.7,1.8,0.3,3.3,0.461,0.306,0.803,36.4,0.75,21.7,6.1,2.8,0.9,0.6,1.4,0.492,0.412,0.91,32.2,0.9534161490683227,10.6,6.8,1.7,1.2,0.5,1.3,0.465,0.368,0.808,31.5,0.619047619047619,11.6,2.3,4.8,1.0,0.1,1.2,0.448,0.445,0.814,31.3,0.5942492012779553,11.3,3.3,2.8,0.7,0.4,1.4,0.408,0.361,0.822,24.1,0.7095435684647303,6.3,6.3,0.4,0.6,1.1,1.1,0.576,0.0,0.733,20.0,0.6799999999999999,8.9,1.4,3.8,0.2,0.0,0.8,0.425,0.346,0.833,18.7,0.7219251336898396,7.5,5.7,1.1,0.9,0.3,1.1,0.552,0.0,0.613,18.6,0.7741935483870968
2013-14,DEN,1610612743,0,Missed Playoffs,0.471,103.0,45.3,22.1,7.1,5.7,15.5,0.448,0.361,0.727,-1.5,24.0,27.0,103.7,104.7,-1.1,99.6,0.5522666666666667,0.5,18.0,3.5,8.8,1.5,0.2,3.1,0.434,0.34,0.804,35.6,0.8117977528089887,14.4,4.9,1.8,0.8,0.6,1.1,0.42,0.361,0.735,31.2,0.685897435897436,11.7,9.4,1.4,0.7,0.7,1.8,0.508,0.0,0.551,27.8,0.7949640287769784,11.7,2.6,3.0,0.7,0.5,1.6,0.402,0.365,0.864,27.8,0.607913669064748,10.4,7.6,1.0,0.7,1.0,1.2,0.544,0.0,0.588,24.7,0.7894736842105263,8.5,5.6,0.7,0.3,1.2,1.4,0.549,0.0,0.737,20.4,0.7303921568627452,10.4,1.8,2.5,0.8,0.1,1.3,0.428,0.377,0.835,19.7,0.7258883248730965,5.0,3.2,1.0,0.4,0.6,0.8,0.39,0.3,0.893,17.2,0.5465116279069767
2013-14,DET,1610612765,0,Missed Playoffs,0.423,100.6,45.2,20.5,8.9,5.2,15.5,0.449,0.309,0.667,-2.0,22.0,30.0,102.4,104.7,-2.3,97.5,0.4474,0.625,17.6,3.3,8.1,1.5,0.1,3.1,0.38,0.344,0.783,36.2,0.7596685082872927,16.0,7.0,3.5,1.7,1.4,2.6,0.42,0.231,0.564,35.5,0.76056338028169,13.1,13.0,0.5,1.3,1.9,1.4,0.611,0.0,0.413,32.4,0.8765432098765433,14.3,8.7,2.1,1.0,0.4,2.2,0.519,0.0,0.64,31.8,0.7641509433962265,8.8,3.7,0.6,0.6,0.4,1.0,0.442,0.353,0.785,25.7,0.5097276264591439,14.0,2.4,2.0,0.8,0.2,1.8,0.451,0.32,0.816,25.7,0.6848249027237353,6.7,2.1,0.9,1.0,0.1,0.4,0.393,0.314,0.75,23.7,0.4388185654008439,7.8,1.7,2.8,0.8,0.2,1.7,0.44,0.333,0.79,17.7,0.6553672316384181
2013-14,GSW,1610612744,1,First Round Exit,0.585,103.6,46.0,22.7,7.8,5.2,16.1,0.459,0.384,0.741,4.6,31.0,22.0,104.2,99.5,4.7,98.9,0.5522666666666667,0.625,24.6,4.4,9.0,1.7,0.2,4.1,0.463,0.415,0.868,37.7,0.9496021220159152,18.3,3.0,2.4,1.0,0.5,1.8,0.432,0.41,0.787,37.6,0.6223404255319148,18.8,9.8,2.3,0.6,0.4,2.3,0.516,0.0,0.798,34.1,0.8680351906158358,9.6,4.7,4.4,1.6,0.3,1.8,0.484,0.381,0.591,33.6,0.5595238095238096,9.5,3.8,7.6,1.3,0.1,2.6,0.378,0.397,0.8,33.0,0.5969696969696969,10.4,4.1,1.3,0.9,0.2,1.2,0.416,0.409,0.737,29.2,0.5376712328767124,8.2,10.7,1.6,0.8,1.9,1.7,0.636,0.0,0.346,27.5,0.7818181818181819,11.9,2.8,4.8,0.8,0.1,2.0,0.409,0.313,0.877,27.2,0.6764705882352943
2013-14,HOU,1610612745,1,First Round Exit,0.679,105.5,44.9,20.4,7.4,5.8,16.3,0.474,0.35,0.693,4.1,36.0,17.0,107.7,102.1,5.6,98.0,0.5522666666666667,0.75,23.9,4.7,5.3,1.4,0.5,3.7,0.445,0.329,0.86,38.4,0.8359374999999999,17.0,5.6,3.7,1.1,0.4,1.9,0.502,0.399,0.723,37.7,0.6870026525198939,18.8,12.5,1.8,0.9,1.8,3.3,0.582,0.4,0.546,34.4,0.9447674418604651,9.6,4.0,2.7,1.4,0.5,1.1,0.397,0.35,0.804,31.8,0.5377358490566037,13.3,2.6,4.5,1.0,0.5,2.7,0.466,0.343,0.803,31.1,0.6173633440514469,11.7,7.3,1.2,0.6,1.4,1.0,0.524,0.29,0.577,28.2,0.75177304964539,5.7,2.3,1.1,0.6,0.7,0.6,0.388,0.344,0.588,20.1,0.48756218905472626,7.6,3.8,1.3,0.7,0.2,1.1,0.436,0.355,0.67,19.3,0.6476683937823833
2013-14,IND,1610612754,3,Conference Finals,0.769,98.5,45.6,20.5,7.0,5.7,15.4,0.453,0.351,0.781,8.2,40.0,12.0,102.2,93.6,8.6,95.9,0.4474,0.625,22.2,6.4,3.4,1.8,0.3,2.8,0.438,0.37,0.856,36.2,0.8646408839779003,14.1,7.3,5.1,0.8,0.1,2.8,0.502,0.338,0.7,35.4,0.6949152542372882,17.5,5.9,3.6,1.0,0.1,2.9,0.432,0.285,0.83,35.0,0.7200000000000001,11.1,3.8,3.6,1.0,0.3,1.3,0.451,0.372,0.833,31.3,0.5910543130990416,11.8,7.7,1.3,0.4,2.5,1.9,0.464,0.4,0.753,30.6,0.7124183006535948,13.7,6.5,2.9,0.8,0.9,1.7,0.493,0.273,0.774,30.2,0.7649006622516555,8.4,5.3,1.1,0.3,1.2,1.3,0.419,0.0,0.762,20.0,0.75,6.2,1.6,1.7,0.9,0.2,0.9,0.411,0.331,0.781,18.7,0.5187165775401069
2013-14,LAC,1610612746,2,Second Round Exit,0.673,107.0,43.0,24.1,8.4,4.5,14.0,0.473,0.344,0.73,6.4,37.0,18.0,108.8,102.0,6.8,97.9,0.5522666666666667,0.625,24.2,9.8,3.5,1.1,0.6,2.7,0.539,0.281,0.705,36.1,1.0110803324099722,10.1,14.0,0.9,1.0,2.3,1.5,0.659,0.0,0.446,35.9,0.7465181058495822,19.2,4.6,11.1,2.5,0.1,2.6,0.471,0.356,0.857,34.4,1.0145348837209303,12.6,6.5,1.6,1.0,0.5,1.3,0.458,0.4,0.675,31.1,0.6720257234726689,18.6,2.3,3.3,0.9,0.2,1.9,0.417,0.361,0.864,30.5,0.7672131147540985,15.7,2.1,2.2,0.8,0.1,1.2,0.459,0.396,0.914,28.8,0.6840277777777779,7.7,2.2,1.5,0.6,0.1,0.9,0.446,0.358,0.65,26.2,0.42748091603053434,7.3,4.1,1.7,0.8,0.3,1.2,0.385,0.311,0.706,24.2,0.5371900826446281
2013-14,LAL,1610612747,0,Missed Playoffs,0.34,100.5,42.4,23.2,6.6,5.5,15.2,0.442,0.371,0.755,-5.2,18.0,35.0,100.8,105.7,-4.9,99.6,0.5522666666666667,0.5,14.4,2.8,1.7,1.4,0.0,1.5,0.449,0.403,0.841,32.6,0.5766871165644171,10.3,3.1,9.5,0.6,0.0,2.7,0.451,0.465,0.643,32.4,0.6419753086419754,17.0,10.2,3.4,0.4,1.5,2.4,0.469,0.308,0.751,31.9,0.9435736677115988,13.8,4.3,6.3,1.2,0.2,5.7,0.425,0.188,0.857,29.5,0.6813559322033899,16.9,2.7,1.5,0.6,0.2,1.6,0.419,0.349,0.833,28.8,0.704861111111111,9.1,3.9,1.4,1.0,1.1,1.2,0.43,0.369,0.796,28.2,0.5425531914893618,7.6,1.7,4.7,0.3,0.1,1.9,0.36,0.316,0.889,22.5,0.5555555555555556,10.1,2.8,1.2,1.1,0.2,1.4,0.425,0.339,0.622,21.8,0.6422018348623851
2013-14,MEM,1610612763,1,First Round Exit,0.558,94.7,42.5,21.4,7.6,4.6,13.5,0.455,0.342,0.75,0.2,29.0,23.0,102.0,102.1,-0.2,91.9,0.5522666666666667,0.625,17.5,10.4,2.6,0.5,0.3,2.5,0.454,0.0,0.751,34.5,0.8347826086956522,18.0,2.7,6.3,1.6,0.2,1.9,0.458,0.369,0.841,34.5,0.7797101449275363,13.2,6.4,3.5,1.0,1.1,1.9,0.452,0.0,0.82,33.0,0.7060606060606062,10.2,3.9,2.0,2.0,0.4,1.8,0.493,0.185,0.682,26.6,0.6278195488721804,6.1,3.1,1.7,0.6,0.2,0.6,0.392,0.313,0.585,26.5,0.4188679245283018,9.9,2.2,1.4,0.9,0.4,0.9,0.499,0.389,0.889,23.0,0.6043478260869566,8.5,4.2,2.6,1.2,1.6,1.6,0.453,0.254,0.83,22.1,0.7466063348416289,6.3,2.7,1.6,0.3,0.0,0.8,0.446,0.408,0.865,21.0,0.4809523809523809
2013-14,MIA,1610612748,4,Finals Loss,0.725,104.1,36.7,23.4,9.2,4.3,15.1,0.508,0.37,0.757,5.1,37.0,14.0,109.5,103.2,6.3,94.5,0.4474,1.0,26.5,7.0,6.6,1.5,0.3,3.5,0.571,0.365,0.751,37.4,1.0267379679144386,18.7,4.8,4.7,1.6,0.6,3.0,0.547,0.391,0.724,33.3,0.8228228228228229,16.6,6.8,1.2,0.8,1.0,1.5,0.53,0.355,0.812,31.7,0.7854889589905364,9.7,2.6,5.0,1.7,0.2,2.3,0.463,0.394,0.764,29.0,0.582758620689655,9.3,3.0,2.1,0.9,0.1,1.4,0.436,0.355,0.9,26.5,0.5283018867924528,7.6,2.3,3.2,1.1,0.1,1.7,0.447,0.383,0.824,25.7,0.49027237354085595,4.9,2.0,0.8,0.6,0.6,0.2,0.418,0.372,0.722,20.8,0.4182692307692308,6.5,4.6,0.4,0.5,1.1,0.7,0.677,0.167,0.673,18.9,0.6560846560846562
2013-14,MIL,1610612749,0,Missed Playoffs,0.173,92.3,41.1,21.0,6.9,5.4,15.6,0.423,0.352,0.753,-9.5,9.0,43.0,96.5,106.6,-10.1,94.3,0.4474,0.375,16.7,3.5,4.9,0.9,0.1,2.8,0.414,0.347,0.821,32.1,0.7258566978193146,11.5,4.1,2.0,1.1,0.3,1.5,0.447,0.43,0.821,29.3,0.597269624573379,11.9,8.0,1.6,0.6,2.2,1.6,0.531,0.0,0.573,27.9,0.8136200716845878,12.2,2.6,2.4,0.6,0.3,2.1,0.396,0.363,0.873,27.5,0.5818181818181818,10.2,5.9,1.4,0.9,0.1,1.3,0.375,0.293,0.805,27.1,0.6346863468634686,7.7,7.2,0.8,0.8,1.7,1.1,0.469,0.0,0.473,25.4,0.6732283464566928,7.7,6.4,2.0,1.0,0.2,1.7,0.39,0.0,0.94,25.2,0.6190476190476191,6.9,4.5,1.7,0.7,0.7,1.7,0.427,0.314,0.678,24.1,0.5311203319502074
2013-14,MIN,1610612750,0,Missed Playoffs,0.472,105.5,45.7,23.3,8.8,3.6,13.8,0.436,0.343,0.784,3.7,25.0,28.0,104.6,102.5,2.1,99.6,0.5522666666666667,0.625,25.8,13.2,4.0,0.8,0.4,2.3,0.457,0.37,0.822,36.3,1.1542699724517906,18.1,9.1,1.1,0.5,0.5,1.5,0.533,0.0,0.751,32.5,0.8553846153846155,19.0,3.3,2.0,1.0,0.1,1.6,0.426,0.399,0.879,32.3,0.736842105263158,11.6,2.4,1.6,1.7,0.4,1.5,0.466,0.3,0.721,31.9,0.5078369905956113,8.9,4.5,8.3,2.6,0.2,2.7,0.361,0.344,0.833,31.6,0.6898734177215191,3.8,5.8,1.0,0.2,1.7,0.8,0.536,0.0,0.385,20.5,0.570731707317073,5.5,4.2,1.0,0.8,0.6,0.4,0.447,0.0,0.583,19.2,0.609375,8.7,1.9,3.5,0.3,0.0,1.5,0.406,0.335,0.781,18.2,0.7087912087912088
2013-14,NOP,1610612740,0,Missed Playoffs,0.442,99.6,42.5,21.4,8.3,6.4,13.8,0.456,0.384,0.765,-1.6,23.0,29.0,104.7,106.0,-1.4,94.5,0.5522666666666667,0.625,19.8,6.5,0.8,0.5,0.3,0.9,0.438,0.409,0.952,36.1,0.7479224376731303,20.5,10.1,1.4,1.6,3.1,1.8,0.522,0.25,0.76,35.7,0.9775910364145659,14.3,4.2,7.9,1.6,0.4,3.1,0.447,0.39,0.81,33.6,0.7529761904761904,15.8,2.7,3.3,1.3,0.2,2.1,0.431,0.382,0.778,32.5,0.6523076923076923,9.7,5.8,0.9,0.4,0.9,0.9,0.465,0.0,0.78,26.8,0.626865671641791,7.4,6.7,1.5,1.1,0.6,1.2,0.471,0.241,0.625,26.6,0.605263157894737,12.6,4.3,4.3,1.2,0.3,2.1,0.411,0.149,0.797,24.7,0.8340080971659919,7.5,4.5,1.0,0.3,1.3,0.5,0.407,0.4,0.0,21.4,0.6588785046728973
2013-14,NYK,1610612752,0,Missed Playoffs,0.385,97.3,40.7,20.5,7.8,4.6,13.1,0.444,0.367,0.748,-1.8,20.0,32.0,103.8,105.8,-2.0,92.8,0.4474,0.75,27.3,8.6,3.0,1.1,0.7,2.4,0.448,0.416,0.847,38.8,0.9871134020618558,10.4,2.8,5.9,1.0,0.5,2.2,0.407,0.304,0.672,32.5,0.5661538461538462,13.0,4.0,3.0,0.9,0.2,1.5,0.389,0.374,0.609,32.3,0.6068111455108359,13.3,5.3,1.1,0.3,1.2,1.4,0.442,0.278,0.824,29.9,0.662207357859532,8.6,8.8,1.1,0.8,1.4,1.1,0.615,0.0,0.605,28.8,0.6805555555555555,7.0,4.6,1.8,1.2,0.2,1.2,0.382,0.358,0.778,27.1,0.5018450184501845,9.2,1.5,0.9,0.5,0.1,0.6,0.451,0.385,0.8,20.9,0.5550239234449761,3.6,2.3,3.4,1.3,0.0,0.8,0.43,0.418,1.0,20.2,0.4851485148514852
2013-14,OKC,1610612760,3,Conference Finals,0.782,105.0,45.4,21.6,8.2,6.2,15.7,0.475,0.358,0.804,7.4,43.0,12.0,107.6,99.3,8.3,97.6,0.5522666666666667,0.875,31.5,7.8,5.5,1.5,0.8,3.6,0.51,0.41,0.882,38.2,1.1387434554973819,21.3,6.0,7.0,1.8,0.1,4.0,0.424,0.309,0.793,32.9,0.978723404255319,15.0,8.8,0.9,0.5,2.6,1.6,0.542,0.375,0.782,32.6,0.8036809815950919,13.6,3.7,4.2,1.1,0.1,2.3,0.44,0.314,0.875,28.4,0.7183098591549297,6.8,3.8,1.5,1.4,0.3,0.9,0.423,0.336,0.769,26.9,0.47955390334572495,10.5,4.6,1.7,0.7,0.3,1.5,0.382,0.346,0.849,23.8,0.6848739495798319,10.0,2.7,1.7,0.7,0.4,0.8,0.45,0.366,0.84,22.1,0.6651583710407238,3.5,5.0,1.2,0.5,0.5,1.6,0.444,0.0,0.559,20.0,0.45499999999999996
2013-14,ORL,1610612753,0,Missed Playoffs,0.296,96.0,42.1,20.5,7.6,4.1,14.9,0.441,0.349,0.764,-5.4,16.0,38.0,98.7,104.1,-5.4,96.0,0.4474,0.875,19.4,4.1,3.7,0.6,0.0,2.1,0.463,0.425,0.82,36.5,0.7041095890410959,13.0,3.5,6.6,0.8,0.1,2.4,0.405,0.377,0.885,32.9,0.656534954407295,13.7,7.5,1.4,0.4,0.4,1.3,0.426,0.19,0.795,32.1,0.6884735202492209,13.9,4.4,4.0,1.6,0.6,3.2,0.41,0.303,0.777,31.9,0.6677115987460817,13.3,10.8,1.8,1.1,0.9,2.2,0.498,0.0,0.812,31.8,0.8081761006289309,6.5,3.1,0.8,1.1,0.5,0.8,0.455,0.367,0.602,21.3,0.5258215962441314,5.8,1.6,1.4,0.8,0.2,0.7,0.427,0.337,0.757,18.3,0.4972677595628416,6.2,3.8,0.3,0.2,0.4,0.8,0.439,0.3,0.8,15.8,0.6392405063291139
2013-14,PHI,1610612755,0,Missed Playoffs,0.278,100.3,44.5,22.1,9.1,4.1,17.4,0.435,0.314,0.716,-10.1,15.0,39.0,96.3,106.5,-10.1,102.5,0.4474,0.25,17.1,5.4,6.5,2.1,0.7,3.5,0.396,0.291,0.704,34.6,0.8179190751445087,17.1,6.1,1.9,2.1,0.4,2.0,0.48,0.322,0.674,33.5,0.764179104477612,9.9,4.0,1.7,0.9,0.4,1.4,0.452,0.312,0.725,28.4,0.5457746478873239,12.7,3.2,3.0,1.0,0.2,2.8,0.416,0.235,0.623,23.9,0.7238493723849372,5.8,3.5,0.7,0.7,0.1,0.7,0.47,0.36,0.685,21.1,0.47867298578199047,4.9,1.6,0.6,0.3,0.0,0.9,0.374,0.333,0.706,14.7,0.44217687074829926,1.3,3.0,0.0,1.0,0.7,0.7,0.222,0.0,0.0,14.0,0.37857142857142856,4.5,2.0,0.5,0.3,0.3,1.0,0.333,0.3,0.75,13.6,0.4852941176470588
2013-14,PHX,1610612756,0,Missed Playoffs,0.588,104.9,43.3,19.1,8.3,4.9,15.1,0.459,0.37,0.764,3.1,30.0,21.0,106.7,103.3,3.4,98.1,0.5522666666666667,0.5,20.3,3.5,6.2,1.4,0.2,2.9,0.508,0.41,0.784,34.6,0.8294797687861271,18.0,4.3,5.8,1.5,0.3,3.3,0.486,0.35,0.789,33.5,0.7940298507462688,9.4,6.3,1.8,1.2,0.3,1.2,0.424,0.409,0.784,30.4,0.5855263157894738,12.3,5.2,1.2,0.8,0.8,1.1,0.449,0.399,0.794,28.7,0.6689895470383275,14.2,3.2,1.6,0.9,0.6,1.6,0.442,0.383,0.838,28.1,0.6725978647686832,9.3,8.5,0.5,0.7,1.4,1.4,0.509,0.0,0.528,27.0,0.7037037037037037,12.5,5.7,1.6,0.8,0.6,1.7,0.463,0.313,0.795,25.0,0.7800000000000001,9.9,4.2,1.0,0.9,0.2,1.2,0.437,0.371,0.802,21.9,0.6849315068493151
2013-14,POR,1610612757,2,Second Round Exit,0.679,107.9,46.2,23.9,5.5,4.7,13.8,0.452,0.381,0.82,4.2,36.0,17.0,108.7,105.7,3.1,97.9,0.5522666666666667,0.625,23.9,11.4,2.8,0.8,1.0,1.8,0.466,0.2,0.821,37.0,1.0297297297297296,20.7,3.6,5.7,0.7,0.4,2.4,0.424,0.404,0.884,36.0,0.7972222222222222,12.9,6.5,5.4,1.0,0.6,2.6,0.458,0.338,0.826,36.0,0.661111111111111,16.7,4.0,2.4,0.9,0.2,1.3,0.459,0.41,0.823,34.3,0.6676384839650145,10.7,8.4,0.8,0.3,1.5,1.1,0.537,0.0,0.799,31.3,0.65814696485623,9.0,2.0,4.6,0.8,0.2,2.0,0.394,0.374,0.86,24.3,0.6008230452674896,6.9,1.4,0.9,0.4,0.1,1.1,0.444,0.419,0.706,15.2,0.5657894736842106,3.3,3.9,0.7,0.2,0.4,0.6,0.477,0.0,0.69,13.9,0.5683453237410072
2013-14,SAC,1610612758,0,Missed Playoffs,0.34,101.2,43.7,19.5,7.3,4.0,14.9,0.446,0.343,0.776,-2.3,18.0,35.0,103.8,106.3,-2.5,96.5,0.5522666666666667,0.5,19.8,6.2,2.8,1.4,0.9,3.1,0.454,0.351,0.815,34.9,0.8022922636103151,20.2,2.7,6.3,1.3,0.1,2.7,0.444,0.367,0.859,34.2,0.8157894736842105,22.5,11.7,2.9,1.6,1.2,3.4,0.483,0.0,0.722,32.5,1.1230769230769233,7.6,6.5,0.7,0.3,0.7,1.2,0.509,0.0,0.659,25.7,0.5680933852140078,8.8,4.2,0.7,0.7,0.3,1.0,0.443,0.25,0.746,24.1,0.5684647302904564,7.6,2.8,1.0,0.5,0.2,1.0,0.366,0.331,0.794,23.3,0.47639484978540764,4.3,2.6,0.6,0.3,0.4,0.4,0.381,0.339,0.9,14.6,0.5342465753424657,3.1,3.6,0.5,0.4,0.5,0.4,0.511,0.444,0.697,14.1,0.546099290780142
2013-14,SAS,1610612759,5,Champion,0.717,103.8,42.3,24.7,7.4,5.0,14.7,0.49,0.393,0.775,6.3,38.0,15.0,107.4,100.4,7.0,96.3,0.5522666666666667,0.875,17.7,2.3,6.2,0.5,0.1,2.4,0.501,0.375,0.8,30.9,0.7896440129449839,15.6,10.0,2.9,0.5,2.1,2.2,0.495,0.0,0.707,29.5,0.9796610169491526,11.6,6.1,1.8,1.7,0.5,1.2,0.517,0.327,0.738,28.6,0.7167832167832168,11.3,3.0,2.2,0.7,0.0,1.3,0.503,0.448,0.791,25.2,0.6309523809523809,9.8,3.5,2.5,0.5,0.4,1.5,0.56,0.429,0.766,24.9,0.6104417670682731,7.7,3.3,1.5,1.1,0.9,1.1,0.406,0.381,0.853,23.7,0.5654008438818565,12.1,3.3,4.5,1.0,0.2,2.0,0.45,0.353,0.865,23.7,0.8059071729957805,8.1,6.3,1.1,0.4,0.5,1.3,0.544,0.0,0.691,21.5,0.7023255813953487
2013-14,TOR,1610612761,1,First Round Exit,0.538,99.7,43.4,20.9,6.9,4.3,14.0,0.437,0.364,0.773,2.8,28.0,24.0,104.5,101.0,3.5,94.7,0.4474,0.625,22.4,4.6,3.8,1.2,0.4,2.2,0.428,0.318,0.798,37.7,0.8010610079575596,16.7,4.5,7.6,1.6,0.2,2.3,0.431,0.388,0.799,36.3,0.7796143250688705,10.3,6.7,1.2,0.6,1.1,1.6,0.542,0.26,0.716,28.6,0.6398601398601399,10.6,8.8,0.7,0.3,0.9,1.8,0.501,0.0,0.737,27.9,0.6989247311827956,10.3,3.3,0.9,0.7,0.4,1.1,0.412,0.399,0.81,25.8,0.562015503875969,5.8,2.1,2.2,0.8,0.3,0.8,0.368,0.4,0.824,24.0,0.4333333333333334,9.1,5.3,1.1,0.8,0.4,1.0,0.475,0.354,0.721,23.4,0.6709401709401708,7.9,2.0,4.4,0.3,0.0,1.6,0.386,0.308,0.877,21.7,0.599078341013825
2013-14,UTA,1610612762,0,Missed Playoffs,0.365,94.3,41.8,20.0,7.0,4.7,14.7,0.439,0.35,0.749,-5.9,19.0,33.0,99.8,107.3,-7.5,93.6,0.5522666666666667,0.75,16.3,5.6,5.0,1.4,0.7,2.7,0.402,0.303,0.836,36.3,0.7245179063360881,12.5,3.1,5.5,0.6,0.1,1.9,0.368,0.337,0.908,30.8,0.6461038961038963,12.9,9.0,1.1,1.0,1.4,1.8,0.504,0.0,0.667,30.4,0.7763157894736842,13.4,3.2,2.6,0.8,0.2,1.8,0.446,0.348,0.752,27.3,0.673992673992674,10.0,2.9,1.8,0.7,0.2,1.3,0.439,0.419,0.773,26.8,0.5335820895522387,10.3,5.6,1.2,0.9,0.5,0.9,0.454,0.401,0.791,26.6,0.6616541353383458,11.6,6.2,0.8,0.4,0.6,1.8,0.498,0.0,0.718,25.0,0.7120000000000001,7.3,5.2,0.8,0.6,0.7,0.5,0.544,0.0,0.68,19.1,0.7382198952879581
2013-14,WAS,1610612764,2,Second Round Exit,0.481,99.3,42.4,23.1,8.8,4.8,14.9,0.449,0.38,0.73,-0.2,25.0,27.0,101.4,102.2,-0.9,95.9,0.4474,0.75,19.8,4.3,8.5,2.0,0.5,3.5,0.42,0.321,0.836,37.0,0.8540540540540541,14.4,6.2,2.7,1.9,0.3,1.7,0.442,0.399,0.772,35.7,0.6666666666666666,17.1,3.8,3.4,1.0,0.2,1.9,0.414,0.43,0.809,33.1,0.7129909365558913,11.9,8.7,1.5,0.5,1.5,1.5,0.528,1.0,0.701,32.4,0.697530864197531,14.0,5.8,3.0,1.2,0.9,2.1,0.491,0.2,0.602,30.2,0.7549668874172185,10.7,3.4,1.4,0.6,0.2,0.8,0.443,0.399,0.852,29.3,0.5290102389078498,6.3,5.9,0.9,0.4,0.4,0.7,0.542,0.0,0.529,20.3,0.6502463054187192,5.9,2.4,3.3,0.5,0.2,1.1,0.458,0.5,0.745,19.0,0.5894736842105264
2014-15,ATL,1610612737,3,Conference Finals,0.796,103.4,40.9,25.7,8.8,4.6,14.0,0.471,0.389,0.775,6.6,43.0,11.0,107.3,100.2,7.1,96.1,0.4680666666666667,0.875,16.8,7.9,3.0,1.8,0.9,2.3,0.478,0.346,0.755,33.3,0.8438438438438439,12.7,4.3,2.7,0.7,0.5,1.5,0.512,0.523,0.911,33.2,0.5843373493975903,12.0,5.1,1.5,1.3,0.2,0.8,0.464,0.397,0.717,31.6,0.6107594936708861,17.0,2.5,7.5,1.7,0.5,2.7,0.467,0.34,0.869,31.4,0.8439490445859873,15.6,7.4,3.3,0.7,1.3,1.3,0.544,0.296,0.774,30.7,0.8794788273615636,5.1,4.3,1.5,1.0,0.5,0.7,0.424,0.292,0.745,19.0,0.6157894736842104,8.5,1.9,3.5,0.8,0.0,1.7,0.443,0.292,0.786,18.0,0.7222222222222223,5.8,3.0,0.9,0.2,0.3,0.9,0.371,0.297,0.68,16.6,0.5602409638554217
2014-15,BOS,1610612738,1,First Round Exit,0.392,100.8,43.8,24.5,8.0,3.9,14.3,0.446,0.327,0.755,-1.5,20.0,31.0,101.0,103.2,-2.2,98.5,0.4680666666666667,0.5,13.4,2.7,1.5,0.9,0.2,1.3,0.429,0.352,0.818,30.8,0.5649350649350648,14.4,8.1,2.4,0.7,0.7,1.4,0.447,0.289,0.748,28.7,0.867595818815331,15.2,2.4,3.7,1.0,0.1,1.9,0.426,0.391,0.872,25.7,0.7976653696498055,8.8,4.7,4.6,0.9,0.3,2.4,0.425,0.297,0.767,25.6,0.66015625,11.1,5.4,1.7,1.0,0.7,1.8,0.506,0.353,0.682,24.5,0.7387755102040815,6.8,2.9,3.5,1.2,0.2,1.4,0.368,0.35,0.667,24.4,0.540983606557377,9.5,4.2,1.1,0.5,0.5,0.9,0.471,0.231,0.784,20.8,0.7163461538461537,9.6,5.5,1.3,0.3,0.7,1.0,0.557,0.0,0.823,20.1,0.8159203980099501
2014-15,BKN,1610612751,1,First Round Exit,0.404,95.5,41.8,20.6,7.0,4.3,14.5,0.447,0.321,0.742,-4.0,21.0,31.0,100.0,104.6,-4.7,94.2,0.4680666666666667,0.625,15.5,4.6,3.7,0.8,0.2,1.9,0.436,0.365,0.805,35.6,0.6432584269662922,14.3,5.1,2.8,1.8,0.4,1.6,0.451,0.292,0.682,33.4,0.6826347305389221,12.9,3.0,6.1,0.9,0.3,2.2,0.384,0.369,0.824,30.7,0.6840390879478827,12.6,3.3,5.0,1.1,0.2,2.6,0.451,0.25,0.862,30.5,0.642622950819672,15.3,6.2,0.7,0.5,1.7,1.6,0.502,0.143,0.811,27.1,0.8413284132841327,10.3,7.0,0.9,0.8,1.0,1.4,0.59,0.0,0.498,23.4,0.7948717948717949,6.6,2.7,1.0,0.8,0.1,0.9,0.425,0.329,0.791,23.2,0.44396551724137934,7.6,2.7,0.7,0.4,0.1,0.9,0.411,0.31,0.851,22.7,0.4669603524229075
2014-15,CHA,1610612766,0,Missed Playoffs,0.423,94.3,43.9,20.3,5.8,5.5,11.8,0.422,0.308,0.736,-2.6,22.0,30.0,97.7,100.4,-2.7,95.2,0.4680666666666667,0.625,18.8,3.8,5.2,1.4,0.6,1.7,0.399,0.32,0.823,35.6,0.7893258426966292,17.3,8.5,1.8,0.5,1.3,1.0,0.487,0.0,0.678,31.3,0.9073482428115016,9.0,5.7,4.9,0.7,0.2,2.4,0.371,0.152,0.592,29.9,0.6053511705685619,12.2,2.4,6.4,0.7,0.2,2.5,0.403,0.347,0.851,28.0,0.6928571428571428,11.2,3.0,2.5,0.5,0.3,1.2,0.435,0.304,0.875,27.4,0.5948905109489052,10.2,7.2,1.6,0.5,0.6,1.1,0.452,0.0,0.673,26.3,0.7224334600760456,6.6,4.6,1.2,0.9,0.4,0.9,0.424,0.333,0.667,24.6,0.5203252032520325,7.5,5.6,1.6,0.6,0.8,1.0,0.452,1.0,0.754,24.4,0.6188524590163934
2014-15,CHI,1610612741,2,Second Round Exit,0.63,102.2,45.6,21.6,6.4,6.3,14.0,0.444,0.359,0.784,3.1,34.0,20.0,105.6,101.9,3.7,95.7,0.4680666666666667,0.75,20.4,5.8,3.2,1.8,0.6,1.4,0.461,0.342,0.834,39.3,0.7735368956743004,18.4,12.1,3.0,0.4,2.1,2.1,0.493,0.462,0.81,35.1,0.9658119658119657,18.9,3.1,5.0,0.7,0.3,3.2,0.415,0.294,0.805,31.1,0.797427652733119,7.7,9.7,3.7,0.7,1.3,1.7,0.439,0.0,0.651,30.4,0.7039473684210527,9.3,3.7,1.7,0.5,0.4,0.8,0.442,0.411,0.766,29.3,0.5051194539249146,10.7,6.7,1.3,0.6,1.3,1.3,0.488,0.0,0.701,28.5,0.6771929824561403,6.5,1.9,2.5,0.9,0.2,1.2,0.364,0.336,0.733,27.0,0.4,10.8,1.8,2.7,0.6,0.2,1.9,0.441,0.442,0.865,20.0,0.7100000000000001
2014-15,CLE,1610612739,4,Finals Loss,0.6,102.2,42.7,21.8,7.3,4.1,13.9,0.456,0.353,0.753,2.9,33.0,22.0,107.2,105.1,2.1,94.7,0.4680666666666667,0.375,21.7,3.3,5.3,1.5,0.3,2.3,0.466,0.414,0.841,37.7,0.7904509283819628,25.9,5.6,7.3,1.5,0.7,4.2,0.489,0.333,0.736,36.7,1.002724795640327,17.0,10.4,2.3,0.7,0.5,1.7,0.429,0.345,0.811,34.7,0.8414985590778097,11.7,2.7,3.0,1.2,0.1,1.6,0.406,0.355,0.725,28.6,0.5979020979020978,9.1,8.4,0.5,0.4,0.9,1.0,0.534,0.0,0.629,28.4,0.6443661971830985,9.3,8.1,0.5,0.4,1.3,1.3,0.536,0.333,0.7,26.2,0.698473282442748,9.8,6.5,1.3,0.7,0.6,1.3,0.555,0.0,0.733,24.4,0.7213114754098362,8.6,3.0,2.4,1.3,0.2,1.7,0.432,0.385,0.667,24.2,0.5702479338842976
2014-15,DAL,1610612742,1,First Round Exit,0.655,106.3,42.3,23.0,8.1,4.9,12.3,0.465,0.358,0.757,5.4,36.0,19.0,109.4,102.9,6.4,96.6,0.5314000000000001,0.5,19.8,2.4,4.5,1.9,0.3,2.5,0.454,0.329,0.765,33.6,0.7857142857142856,15.6,4.8,2.4,1.0,0.3,1.3,0.454,0.375,0.728,33.1,0.688821752265861,10.7,11.8,1.3,0.6,1.3,1.3,0.684,0.0,0.737,30.7,0.7947882736156353,8.7,6.3,8.7,1.6,0.1,3.1,0.404,0.323,0.309,30.5,0.7311475409836066,18.3,6.0,2.0,0.5,0.5,1.2,0.467,0.36,0.889,29.8,0.8758389261744967,12.0,6.8,1.0,0.6,0.9,1.8,0.543,0.0,0.74,24.0,0.8125,8.5,1.9,3.3,0.9,0.2,1.0,0.397,0.355,0.8,22.6,0.6106194690265486,9.0,3.0,0.0,0.0,3.0,1.0,0.429,0.0,0.75,21.8,0.6422018348623852
2014-15,DEN,1610612743,0,Missed Playoffs,0.377,100.7,44.9,21.6,7.0,4.7,14.1,0.434,0.316,0.74,-3.4,20.0,33.0,101.4,105.1,-3.7,98.4,0.5314000000000001,0.625,16.9,3.2,10.1,1.3,0.1,2.6,0.447,0.36,0.731,37.0,0.7837837837837837,13.9,6.0,1.5,0.6,0.4,1.4,0.42,0.338,0.807,31.7,0.6624605678233438,11.7,8.7,1.2,0.7,0.7,1.5,0.504,0.25,0.682,27.4,0.7846715328467152,7.5,2.6,4.5,0.8,0.1,1.8,0.366,0.339,0.708,23.6,0.5805084745762711,8.1,6.3,0.9,0.4,0.5,1.4,0.503,0.0,0.613,19.8,0.7474747474747474,8.2,3.0,1.1,0.5,0.2,0.8,0.344,0.296,0.9,19.3,0.632124352331606,7.5,3.2,1.0,0.9,0.5,1.0,0.42,0.252,0.809,17.9,0.6759776536312849,7.0,6.3,0.9,0.8,1.3,1.3,0.445,0.0,0.682,17.2,0.872093023255814
2014-15,DET,1610612765,0,Missed Playoffs,0.389,98.3,45.2,21.3,7.7,4.5,13.7,0.428,0.344,0.712,-1.5,21.0,33.0,101.9,104.0,-2.1,95.6,0.4680666666666667,0.5,11.9,3.1,1.1,1.1,0.3,1.1,0.396,0.349,0.692,30.8,0.5324675324675325,15.4,10.4,2.0,0.9,0.4,2.1,0.492,0.0,0.753,30.2,0.8940397350993377,12.6,12.8,0.6,1.0,1.8,1.5,0.5,0.0,0.406,29.5,0.9254237288135594,15.4,2.5,6.6,1.1,0.1,2.2,0.401,0.36,0.839,28.6,0.8216783216783218,12.8,4.0,4.3,0.8,0.1,1.8,0.432,0.278,0.861,28.0,0.7214285714285715,11.7,1.7,1.6,1.0,0.1,1.0,0.405,0.306,0.944,24.9,0.606425702811245,7.6,3.2,1.6,0.4,0.2,0.5,0.446,0.488,0.833,23.6,0.5296610169491525,5.6,2.8,0.8,0.5,0.0,0.6,0.384,0.317,0.882,21.0,0.4333333333333333
2014-15,GSW,1610612744,5,Champion,0.824,110.6,45.1,27.2,9.4,6.1,14.9,0.481,0.384,0.774,10.9,42.0,9.0,109.6,97.3,12.3,101.2,0.5314000000000001,1.0,23.6,4.7,7.9,2.2,0.2,3.1,0.481,0.399,0.9,33.2,1.0692771084337351,22.1,3.4,2.9,1.2,0.9,2.2,0.471,0.44,0.861,32.5,0.8707692307692306,11.1,8.3,3.6,1.6,1.4,1.7,0.432,0.33,0.683,32.0,0.759375,10.3,5.7,1.5,0.6,0.2,0.9,0.503,0.432,0.724,29.2,0.5958904109589042,7.2,3.2,2.9,1.1,0.2,1.2,0.455,0.331,0.548,26.8,0.5,6.6,8.4,2.8,0.6,1.8,1.7,0.566,0.0,0.559,24.2,0.7644628099173555,8.5,5.7,2.2,0.8,0.7,1.0,0.489,0.0,0.767,19.3,0.8756476683937823,12.0,5.1,0.9,0.2,0.6,1.2,0.503,0.182,0.82,18.1,0.9723756906077348
2014-15,HOU,1610612745,3,Conference Finals,0.679,103.1,43.4,21.7,9.6,4.5,16.9,0.439,0.351,0.718,3.3,36.0,17.0,103.8,100.3,3.5,98.7,0.5314000000000001,0.5,27.4,5.7,6.8,2.0,0.8,4.0,0.455,0.383,0.87,36.6,1.0573770491803278,12.6,5.4,2.3,2.0,0.2,1.6,0.378,0.331,0.866,35.8,0.5837988826815642,16.3,11.0,1.4,0.7,1.4,3.1,0.575,0.5,0.527,32.2,0.8602484472049687,10.7,4.5,3.3,1.1,0.4,1.4,0.386,0.365,0.725,30.9,0.6019417475728156,12.4,6.7,3.7,1.2,1.4,2.5,0.414,0.321,0.469,28.8,0.7951388888888888,11.6,6.0,1.6,0.7,0.4,1.8,0.518,0.318,0.618,28.0,0.6607142857142857,11.1,3.3,2.5,1.7,0.2,1.6,0.421,0.294,0.761,26.2,0.6564885496183205,9.2,3.8,1.3,0.8,1.3,2.0,0.399,0.293,0.756,25.4,0.5669291338582678
2014-15,IND,1610612754,0,Missed Playoffs,0.389,95.8,44.7,21.3,6.1,4.4,14.4,0.435,0.333,0.764,-1.4,21.0,33.0,99.3,101.6,-2.3,95.4,0.4680666666666667,0.75,9.6,4.1,2.3,1.0,0.2,1.5,0.393,0.313,0.814,31.0,0.5064516129032258,13.1,7.3,3.5,0.9,0.7,1.9,0.48,0.235,0.805,29.6,0.7972972972972971,10.3,2.8,3.8,0.9,0.2,1.9,0.436,0.409,0.832,26.9,0.5985130111524164,11.6,3.5,3.0,0.8,0.1,1.6,0.44,0.343,0.824,26.0,0.6692307692307693,11.1,7.1,1.3,0.2,1.8,1.6,0.456,0.0,0.825,25.6,0.7773437499999999,12.4,2.8,1.2,0.9,0.3,1.1,0.371,0.311,0.798,25.1,0.6573705179282867,9.4,3.4,4.3,0.5,0.0,1.4,0.413,0.322,0.787,24.5,0.6612244897959185,14.1,3.3,3.8,0.7,0.3,1.3,0.466,0.4,0.755,23.9,0.8744769874476988
2014-15,LAC,1610612746,2,Second Round Exit,0.648,106.7,41.6,24.6,7.9,4.7,11.9,0.472,0.371,0.738,6.0,35.0,19.0,110.5,104.4,6.1,96.4,0.5314000000000001,0.75,22.5,7.5,5.1,0.9,0.4,2.2,0.501,0.381,0.718,35.3,0.9688385269121813,17.7,4.9,9.7,1.9,0.2,2.2,0.469,0.382,0.882,34.6,0.9306358381502888,10.7,13.8,0.6,0.9,2.4,1.2,0.725,0.0,0.414,33.8,0.8047337278106509,9.8,3.8,1.5,0.9,0.6,1.1,0.46,0.367,0.8,29.3,0.5290102389078499,14.6,1.8,1.6,0.4,0.1,1.2,0.468,0.436,0.867,29.2,0.5924657534246576,16.0,2.0,2.6,0.9,0.2,1.5,0.391,0.328,0.904,26.9,0.7509293680297398,6.7,1.9,2.3,0.6,0.2,0.8,0.394,0.273,0.698,21.2,0.5141509433962262,6.4,3.8,1.1,0.4,0.7,0.7,0.429,0.324,0.646,17.4,0.6724137931034483
2014-15,LAL,1610612747,0,Missed Playoffs,0.245,99.1,43.6,20.6,7.2,4.5,13.1,0.431,0.349,0.746,-7.1,13.0,40.0,101.2,108.4,-7.2,96.6,0.5314000000000001,0.5,22.3,5.7,5.6,1.3,0.2,3.7,0.373,0.293,0.813,34.5,0.910144927536232,9.3,3.7,1.7,0.8,0.6,0.9,0.407,0.363,0.813,29.0,0.5241379310344828,12.3,8.0,1.4,0.5,0.9,1.5,0.476,0.0,0.76,28.0,0.7714285714285714,10.2,2.4,4.6,1.1,0.4,2.4,0.426,0.374,0.777,25.5,0.6392156862745099,12.5,7.0,1.3,0.5,0.2,1.2,0.516,0.0,0.621,24.8,0.8185483870967742,8.0,7.3,1.2,0.6,1.2,0.7,0.582,0.0,0.543,24.0,0.7333333333333334,13.5,2.3,1.0,0.6,0.3,1.1,0.365,0.367,0.9,23.7,0.7004219409282701,9.3,3.1,1.3,0.5,0.0,0.6,0.446,0.389,0.81,22.9,0.5938864628820961
2014-15,MEM,1610612763,2,Second Round Exit,0.736,100.6,43.2,22.0,8.4,4.4,13.0,0.46,0.34,0.778,4.8,39.0,14.0,104.6,100.2,4.4,94.2,0.5314000000000001,0.75,18.3,8.1,3.7,0.9,1.7,2.2,0.491,0.167,0.819,33.9,0.8997050147492625,16.8,12.0,1.8,1.0,0.2,2.1,0.492,0.571,0.756,32.5,0.9138461538461539,15.9,4.1,1.7,0.7,0.4,1.4,0.423,0.306,0.838,31.9,0.670846394984326,16.9,3.2,5.3,1.2,0.1,2.3,0.455,0.401,0.859,31.7,0.7697160883280757,10.7,2.3,2.1,1.0,0.2,1.0,0.476,0.448,0.849,31.2,0.4903846153846154,8.0,3.9,1.5,1.9,0.5,1.3,0.477,0.286,0.678,25.2,0.5753968253968255,7.8,1.7,3.1,0.6,0.1,1.1,0.5,0.243,0.843,18.7,0.6524064171122994,6.0,1.9,1.3,0.7,0.2,0.7,0.334,0.273,0.769,16.6,0.5662650602409638
2014-15,MIA,1610612748,0,Missed Playoffs,0.423,92.8,37.8,20.1,8.0,4.2,14.6,0.455,0.345,0.742,-3.8,22.0,30.0,101.5,104.7,-3.2,91.9,0.4680666666666667,0.5,21.1,7.0,2.2,0.9,0.6,2.2,0.46,0.375,0.772,35.4,0.8361581920903955,16.2,3.6,4.1,1.0,0.2,2.2,0.501,0.355,0.746,33.4,0.6856287425149701,14.3,5.1,1.8,1.0,0.3,1.6,0.488,0.377,0.745,32.9,0.6352583586626139,21.4,3.8,5.4,1.1,0.4,3.3,0.487,0.306,0.736,32.3,0.8916408668730651,10.8,2.7,4.3,1.6,0.1,2.3,0.399,0.285,0.777,30.9,0.5566343042071199,5.1,2.3,2.6,0.9,0.1,1.6,0.368,0.343,0.761,20.9,0.4497607655502393,5.3,4.9,0.7,0.5,1.0,0.5,0.628,0.75,0.627,20.0,0.595,10.0,8.6,0.1,0.6,2.4,1.1,0.642,0.0,0.538,19.5,1.0564102564102564
2014-15,MIL,1610612749,1,First Round Exit,0.566,99.2,41.3,23.7,9.6,4.8,16.5,0.466,0.378,0.773,2.0,30.0,23.0,102.1,99.3,2.9,96.4,0.4680666666666667,0.625,15.0,6.2,7.4,1.5,0.4,4.2,0.38,0.256,0.643,33.9,0.7758112094395281,12.0,6.6,2.5,0.9,1.0,2.0,0.507,0.167,0.733,29.6,0.7094594594594594,12.3,5.5,1.7,1.2,0.2,1.9,0.49,0.25,0.697,29.5,0.6440677966101694,11.4,4.4,1.8,1.6,0.2,1.1,0.476,0.423,0.84,27.1,0.6752767527675276,11.8,2.6,2.9,0.7,0.3,1.7,0.422,0.355,0.839,24.6,0.6747967479674797,8.2,2.9,1.7,0.9,0.2,0.6,0.506,0.442,0.717,23.7,0.561181434599156,7.8,6.5,2.3,1.0,0.3,1.8,0.438,0.0,0.779,23.1,0.696969696969697,7.3,6.1,0.9,1.0,1.4,1.0,0.5,0.0,0.5,21.7,0.7235023041474654
2014-15,MIN,1610612750,0,Missed Playoffs,0.208,97.5,41.2,22.1,8.4,4.0,15.1,0.437,0.339,0.758,-8.6,11.0,42.0,99.3,109.1,-9.9,97.4,0.5314000000000001,0.625,15.2,4.4,1.9,1.1,0.6,2.0,0.431,0.358,0.737,34.5,0.6144927536231884,20.2,4.2,2.0,0.9,0.0,2.0,0.446,0.413,0.869,32.8,0.7713414634146342,9.5,8.4,2.2,0.9,1.7,1.6,0.489,0.2,0.791,28.7,0.7351916376306619,10.8,4.9,7.8,1.4,0.0,3.3,0.418,0.412,0.76,27.3,0.7912087912087911,13.5,7.2,1.0,0.5,0.4,1.3,0.451,0.0,0.85,27.1,0.7859778597785977,13.6,4.1,1.2,0.5,0.2,0.9,0.486,0.392,0.72,23.1,0.8095238095238094,7.6,2.1,3.2,0.8,0.1,2.1,0.414,0.284,0.808,21.7,0.5391705069124424,9.6,2.2,1.9,0.4,0.0,1.3,0.359,0.293,0.863,21.6,0.5925925925925926
2014-15,NOP,1610612740,1,First Round Exit,0.509,99.8,44.0,21.4,7.0,6.0,13.1,0.453,0.354,0.762,0.1,27.0,26.0,105.5,105.8,-0.2,94.1,0.5314000000000001,0.625,24.5,10.3,1.7,1.5,2.7,1.3,0.551,0.111,0.831,35.8,1.1005586592178773,16.8,5.4,6.1,1.2,0.4,3.0,0.436,0.301,0.687,34.5,0.7797101449275363,15.2,3.5,7.1,1.6,0.6,2.4,0.444,0.367,0.851,33.7,0.7596439169139466,12.6,2.8,3.8,0.9,0.2,2.0,0.421,0.449,0.825,32.5,0.563076923076923,14.9,5.2,1.0,0.6,0.3,1.1,0.408,0.347,0.864,29.1,0.718213058419244,7.0,9.9,0.9,0.3,0.8,1.3,0.496,0.0,0.578,26.0,0.6769230769230768,4.9,3.4,0.7,0.8,0.5,0.5,0.459,0.333,0.65,25.3,0.3873517786561265,6.3,2.3,3.5,0.9,0.2,1.2,0.386,0.265,0.696,24.4,0.49180327868852464
2014-15,NYK,1610612752,0,Missed Playoffs,0.189,92.5,39.8,21.5,7.2,4.0,14.3,0.436,0.359,0.769,-7.7,10.0,43.0,99.0,107.7,-8.7,92.7,0.4680666666666667,0.25,24.2,6.6,3.1,1.0,0.4,2.2,0.444,0.341,0.797,35.7,0.9271708683473388,9.3,3.1,4.6,0.7,0.0,1.7,0.424,0.436,0.963,30.2,0.5298013245033113,11.1,4.7,3.0,0.9,0.3,0.9,0.371,0.328,0.788,29.7,0.6430976430976432,11.1,2.0,1.7,0.3,0.2,1.0,0.385,0.336,0.821,23.2,0.6163793103448275,6.8,3.4,1.1,0.5,0.1,1.0,0.422,0.0,0.706,22.1,0.49321266968325783,5.4,2.0,2.5,1.3,0.1,1.0,0.414,0.342,0.811,22.1,0.4660633484162896,8.1,3.8,1.5,0.4,0.4,1.0,0.45,0.462,0.831,21.2,0.6226415094339622,5.6,4.7,1.0,0.4,0.3,0.9,0.498,0.375,0.719,19.7,0.5634517766497463
2014-15,OKC,1610612760,0,Missed Playoffs,0.528,100.7,46.5,20.3,7.2,6.1,14.8,0.444,0.325,0.754,1.9,28.0,25.0,102.6,101.0,1.6,97.2,0.5314000000000001,0.5,25.9,6.6,4.0,0.9,1.0,2.8,0.517,0.405,0.852,33.7,1.056379821958457,25.8,6.3,7.6,2.2,0.2,3.7,0.431,0.281,0.83,32.7,1.1743119266055047,13.8,7.5,0.8,0.5,2.3,1.5,0.459,0.389,0.835,32.7,0.7155963302752294,13.8,7.8,0.5,0.5,0.3,1.9,0.491,0.317,0.788,27.1,0.7749077490774908,10.6,2.0,2.0,1.3,0.3,1.5,0.396,0.261,0.74,24.9,0.5903614457831325,7.4,7.0,1.0,0.4,1.2,1.6,0.547,0.0,0.527,24.3,0.6337448559670782,9.4,2.5,0.9,0.7,0.1,0.4,0.434,0.371,0.875,24.0,0.5499999999999999,7.1,2.6,1.2,0.6,0.3,0.8,0.4,0.406,0.806,23.8,0.46218487394957974
2014-15,ORL,1610612753,0,Missed Playoffs,0.304,95.7,40.8,20.4,7.5,3.7,15.0,0.456,0.358,0.735,-6.0,17.0,39.0,99.5,105.4,-5.9,96.0,0.4680666666666667,0.5,17.4,6.6,2.0,1.0,0.5,1.8,0.465,0.375,0.785,34.6,0.7427745664739884,19.6,11.3,1.9,0.6,0.7,2.0,0.536,0.667,0.776,34.3,0.9358600583090382,16.6,4.1,3.8,1.6,0.2,2.8,0.443,0.341,0.815,34.1,0.6891495601173021,12.1,2.6,2.1,0.8,0.0,1.4,0.436,0.377,0.719,29.0,0.5586206896551725,7.9,3.7,5.7,1.6,0.2,2.4,0.423,0.19,0.546,28.0,0.5964285714285715,7.6,4.2,1.4,0.7,0.5,1.1,0.392,0.393,0.857,27.6,0.48188405797101447,6.4,4.2,1.4,0.7,1.0,1.2,0.493,0.282,0.765,17.9,0.6983240223463689,5.9,3.2,0.7,0.3,0.4,1.0,0.538,0.474,0.667,16.4,0.579268292682927
2014-15,PHI,1610612755,0,Missed Playoffs,0.226,89.8,42.2,20.3,9.8,6.0,18.6,0.41,0.31,0.683,-10.7,12.0,41.0,91.5,101.8,-10.3,98.1,0.4680666666666667,0.375,8.2,7.2,1.6,1.6,1.7,1.9,0.445,0.0,0.561,30.1,0.6112956810631229,16.9,2.9,5.2,1.6,0.3,3.8,0.403,0.261,0.667,29.8,0.7751677852348993,10.0,4.9,1.3,1.3,0.3,1.6,0.417,0.286,0.623,29.0,0.5586206896551724,13.2,4.7,1.5,1.4,0.5,1.7,0.395,0.389,0.835,28.3,0.6925795053003533,8.0,3.2,1.1,0.9,0.4,0.8,0.391,0.359,0.65,25.7,0.49805447470817116,8.9,5.3,1.1,0.5,0.3,1.4,0.492,0.222,0.777,20.5,0.7170731707317072,5.7,3.0,0.8,0.6,1.1,1.0,0.375,0.387,0.633,18.7,0.5454545454545454,3.8,1.3,3.8,0.5,0.0,2.1,0.345,0.154,0.667,18.3,0.39890710382513656
2014-15,PHX,1610612756,0,Missed Playoffs,0.537,105.9,42.5,20.6,8.8,4.9,14.9,0.461,0.359,0.785,1.2,29.0,25.0,105.9,104.1,1.8,99.2,0.5314000000000001,0.75,17.2,5.2,5.9,1.7,0.6,3.1,0.45,0.333,0.822,33.9,0.8112094395280235,17.8,4.3,5.4,1.6,0.2,3.2,0.435,0.409,0.881,32.5,0.8030769230769231,15.1,6.0,2.0,1.2,0.5,2.0,0.468,0.32,0.773,30.8,0.7402597402597403,7.9,5.9,1.6,1.3,0.3,1.0,0.442,0.365,0.766,28.7,0.5574912891986062,9.9,3.9,1.4,0.7,0.2,0.8,0.456,0.397,0.656,22.8,0.6710526315789473,12.5,2.9,1.2,0.7,0.2,1.5,0.414,0.357,0.867,20.5,0.7804878048780488,6.2,6.0,0.4,0.5,1.5,1.0,0.556,0.333,0.711,20.4,0.6666666666666667,6.3,2.7,0.6,0.4,0.2,0.8,0.401,0.357,0.757,20.4,0.46078431372549017
2014-15,POR,1610612757,1,First Round Exit,0.679,102.6,46.0,22.3,7.0,5.0,13.8,0.444,0.362,0.795,5.3,36.0,17.0,104.9,99.6,5.2,96.6,0.5314000000000001,0.625,21.5,4.6,6.3,1.5,0.3,2.6,0.433,0.339,0.861,36.3,0.8705234159779613,23.6,10.3,1.8,0.8,1.1,1.9,0.463,0.424,0.873,36.0,0.9916666666666667,5.0,4.7,8.7,1.0,0.0,4.3,0.222,0.2,0.286,35.7,0.4229691876750699,16.4,3.6,2.3,1.2,0.2,1.4,0.454,0.399,0.729,34.0,0.6558823529411765,8.9,5.5,4.7,1.1,0.6,1.8,0.374,0.271,0.833,33.7,0.5637982195845698,14.5,3.4,1.9,0.6,0.1,1.6,0.428,0.337,0.841,33.0,0.5727272727272726,9.9,7.3,1.1,0.4,1.6,1.5,0.517,0.0,0.754,28.2,0.6666666666666667,4.5,1.9,3.8,0.5,0.1,1.3,0.365,0.329,0.714,20.7,0.4589371980676328
2014-15,SAC,1610612758,0,Missed Playoffs,0.346,100.0,44.6,19.3,6.3,3.9,16.4,0.451,0.324,0.773,-4.2,18.0,34.0,101.6,106.0,-4.4,97.2,0.5314000000000001,0.875,19.9,5.9,3.9,1.1,0.5,2.6,0.444,0.34,0.865,35.3,0.8130311614730877,16.1,3.2,5.6,1.5,0.3,2.5,0.473,0.373,0.788,34.8,0.6954022988505747,23.8,12.5,3.3,1.4,1.7,4.4,0.465,0.5,0.801,34.5,1.1101449275362318,11.7,3.0,1.5,0.8,0.3,1.6,0.444,0.362,0.837,33.2,0.47289156626506024,5.6,6.3,0.9,0.3,0.6,1.1,0.468,0.0,0.625,24.7,0.5101214574898786,7.6,4.3,0.5,0.2,0.3,0.9,0.521,0.0,0.832,18.0,0.6666666666666665,4.2,6.8,0.7,0.4,0.1,0.9,0.424,0.0,0.6,17.8,0.6348314606741572,6.6,2.7,0.5,0.4,0.0,0.6,0.441,0.273,0.653,17.7,0.5423728813559323
2014-15,SAS,1610612759,1,First Round Exit,0.642,100.7,43.8,24.3,7.6,5.4,14.2,0.454,0.364,0.768,3.9,34.0,19.0,103.9,99.6,4.3,95.3,0.5314000000000001,1.0,15.4,7.5,2.5,2.1,0.7,1.5,0.443,0.339,0.803,32.0,0.834375,12.0,4.5,2.0,1.4,1.2,1.2,0.422,0.394,0.829,30.3,0.6567656765676567,14.5,9.9,2.9,1.0,1.9,2.0,0.487,0.0,0.725,29.9,0.94314381270903,14.5,1.8,4.7,0.5,0.1,2.5,0.476,0.509,0.808,29.1,0.6563573883161512,8.1,4.4,3.1,0.5,0.3,1.6,0.444,0.304,0.725,25.0,0.5920000000000001,12.0,3.0,4.8,1.0,0.2,2.3,0.418,0.353,0.72,24.7,0.757085020242915,9.8,2.6,1.8,0.5,0.1,0.9,0.441,0.381,0.79,23.1,0.6017316017316017,8.4,2.8,2.7,0.6,0.3,1.0,0.515,0.333,0.736,22.4,0.6160714285714286
2014-15,TOR,1610612761,1,First Round Exit,0.679,105.6,41.9,21.0,7.5,4.5,12.8,0.457,0.35,0.783,4.9,36.0,17.0,108.9,104.3,4.6,95.6,0.4680666666666667,0.875,18.6,4.8,7.2,1.6,0.2,2.5,0.423,0.333,0.802,35.1,0.851851851851852,18.3,4.3,3.3,1.3,0.2,2.1,0.394,0.214,0.8,33.4,0.7574850299401198,9.9,5.7,1.4,0.6,0.9,1.5,0.596,0.448,0.633,26.7,0.6367041198501873,8.5,5.5,1.8,0.7,0.5,0.5,0.468,0.406,0.789,26.6,0.6203007518796992,12.0,8.6,0.4,0.3,1.2,1.3,0.562,0.0,0.806,26.2,0.8091603053435115,10.3,3.1,1.0,0.6,0.3,0.9,0.414,0.368,0.8,25.7,0.5603112840466926,15.2,1.8,1.8,1.2,0.1,1.2,0.396,0.332,0.862,24.6,0.7682926829268293,9.6,2.6,3.5,0.5,0.1,1.4,0.408,0.362,0.725,22.8,0.6535087719298246
2014-15,UTA,1610612762,0,Missed Playoffs,0.358,95.7,42.9,20.3,7.0,5.8,15.1,0.45,0.343,0.735,-2.4,19.0,34.0,102.9,106.1,-3.1,92.8,0.5314000000000001,0.625,19.7,5.0,4.3,1.4,0.4,2.7,0.46,0.392,0.807,35.2,0.7982954545454545,13.9,4.2,3.0,0.6,0.2,1.9,0.403,0.382,0.822,33.3,0.6006006006006007,12.6,2.6,4.7,0.8,0.2,1.7,0.367,0.316,0.8,31.5,0.6095238095238095,15.9,8.1,1.5,0.7,1.7,1.5,0.54,0.0,0.665,30.9,0.8543689320388349,6.9,7.3,1.1,0.7,2.2,1.1,0.629,0.0,0.612,21.9,0.7808219178082191,5.2,2.9,1.2,1.2,0.5,1.4,0.31,0.359,0.733,21.7,0.4423963133640552,4.7,1.5,2.3,0.5,0.1,1.2,0.352,0.304,0.621,20.7,0.38164251207729466,6.2,2.6,0.5,1.1,0.5,0.8,0.348,0.304,0.75,20.5,0.4926829268292683
2014-15,WAS,1610612764,2,Second Round Exit,0.611,99.7,44.1,24.4,7.4,4.7,15.0,0.471,0.374,0.743,2.4,33.0,21.0,103.5,100.0,3.5,95.7,0.4680666666666667,0.625,17.4,4.5,10.1,1.9,0.5,3.7,0.46,0.31,0.765,35.7,0.8599439775910364,15.0,3.8,3.0,1.2,0.3,2.0,0.423,0.436,0.811,33.4,0.6377245508982037,11.6,8.1,1.1,0.5,1.3,1.4,0.537,0.0,0.705,29.2,0.7260273972602741,12.5,4.3,2.0,0.7,0.4,1.3,0.451,0.384,0.78,26.8,0.6940298507462686,11.4,5.1,2.0,1.1,0.4,1.7,0.527,0.2,0.606,25.3,0.7233201581027668,8.2,6.8,0.9,0.5,0.4,0.8,0.464,0.0,0.768,21.7,0.737327188940092,8.8,2.7,0.9,0.4,0.3,0.7,0.45,0.429,0.783,21.1,0.5876777251184835,5.6,2.8,0.9,0.4,0.4,0.6,0.46,0.333,0.736,18.0,0.5277777777777778
2015-16,ATL,1610612737,2,Second Round Exit,0.564,102.4,41.2,25.3,9.5,5.5,15.1,0.46,0.348,0.787,2.7,31.0,24.0,103.1,99.8,3.3,99.2,0.4854,0.875,17.7,8.6,3.3,1.9,1.4,2.4,0.486,0.324,0.766,32.4,0.9413580246913581,15.3,6.9,3.1,0.8,1.5,1.3,0.507,0.34,0.778,31.6,0.8322784810126583,9.3,3.5,2.2,0.9,0.5,1.4,0.428,0.387,0.826,30.1,0.4983388704318936,15.1,2.7,5.5,1.3,0.3,2.8,0.432,0.408,0.849,28.6,0.7727272727272727,12.4,5.0,2.4,1.3,0.4,1.9,0.45,0.39,0.83,28.5,0.687719298245614,6.8,4.5,1.4,1.2,0.5,0.9,0.518,0.309,0.646,23.7,0.569620253164557,10.7,2.8,4.5,1.0,0.1,2.1,0.413,0.333,0.788,20.7,0.821256038647343,6.4,4.1,0.6,0.1,0.5,0.7,0.405,0.343,0.935,16.6,0.6626506024096385
2015-16,BOS,1610612738,1,First Round Exit,0.582,105.7,45.1,24.7,9.5,4.2,14.3,0.44,0.337,0.79,4.2,32.0,23.0,103.5,99.6,3.9,101.3,0.4854,0.875,15.1,2.7,2.1,1.5,0.3,1.5,0.441,0.374,0.775,33.1,0.6102719033232629,21.5,3.0,6.6,1.2,0.1,2.7,0.423,0.347,0.897,32.5,0.9138461538461541,14.1,5.1,1.9,1.8,0.5,1.2,0.448,0.352,0.825,32.1,0.6915887850467289,9.9,4.7,4.4,0.9,0.3,2.1,0.444,0.145,0.843,27.2,0.6654411764705882,9.9,4.1,3.0,1.7,0.3,1.3,0.363,0.287,0.753,27.1,0.6531365313653136,9.9,8.5,2.3,0.9,0.7,1.3,0.432,0.269,0.631,23.4,0.8974358974358974,7.5,6.3,1.8,0.7,1.1,1.2,0.579,0.265,0.564,23.3,0.6952789699570816,10.1,4.3,1.6,0.8,0.6,1.2,0.461,0.413,0.728,20.3,0.7980295566502462
2015-16,BKN,1610612751,0,Missed Playoffs,0.259,96.3,42.7,21.7,7.1,3.9,15.1,0.451,0.344,0.759,-7.3,14.0,40.0,99.3,106.7,-7.4,96.7,0.4854,0.5,20.2,8.2,1.6,0.8,1.8,2.3,0.502,0.0,0.78,33.7,0.8991097922848664,15.1,9.1,1.7,1.4,0.4,1.9,0.513,0.217,0.617,32.6,0.7914110429447851,12.8,4.3,7.4,1.1,0.2,2.9,0.391,0.304,0.893,32.1,0.7133956386292836,9.4,3.2,1.0,0.4,0.1,1.2,0.428,0.366,0.818,26.2,0.49236641221374056,5.2,6.1,1.4,1.4,0.4,1.1,0.481,0.2,0.667,22.0,0.6090909090909092,6.7,2.3,3.9,1.2,0.2,1.8,0.442,0.356,0.804,20.6,0.6067961165048542,7.3,2.2,0.9,0.6,0.1,0.6,0.388,0.343,0.826,20.3,0.5172413793103449,5.9,2.8,4.1,0.5,0.0,1.4,0.435,0.431,0.744,19.9,0.5979899497487436
2015-16,CHA,1610612766,1,First Round Exit,0.509,102.1,44.2,21.3,7.0,5.3,13.1,0.43,0.353,0.789,1.1,27.0,26.0,103.2,101.8,1.4,97.7,0.4854,0.625,20.5,4.4,5.0,1.8,0.6,2.2,0.423,0.365,0.851,35.8,0.840782122905028,14.9,6.5,5.6,0.9,0.6,3.2,0.413,0.353,0.846,35.3,0.7167138810198301,10.0,2.3,1.5,1.0,0.3,1.0,0.458,0.37,0.826,29.2,0.48287671232876717,12.7,6.4,1.3,0.4,0.4,1.1,0.541,0.429,0.69,29.2,0.6883561643835616,10.5,6.6,1.4,0.6,1.0,0.7,0.44,0.386,0.869,29.1,0.6666666666666667,12.1,3.3,3.3,0.7,0.6,1.9,0.42,0.327,0.8,26.9,0.6728624535315986,12.5,6.1,1.6,0.7,1.1,0.7,0.482,0.0,0.571,25.2,0.8452380952380955,8.8,6.2,0.9,0.9,0.7,1.0,0.493,0.1,0.733,24.8,0.6653225806451613
2015-16,CHI,1610612741,0,Missed Playoffs,0.519,101.2,47.9,21.9,6.1,5.9,14.3,0.435,0.359,0.782,-0.7,27.0,25.0,100.6,101.6,-1.0,98.6,0.4854,1.0,22.4,5.2,4.3,1.7,0.6,2.0,0.458,0.331,0.827,37.9,0.849604221635884,15.9,3.5,4.8,0.6,0.3,2.7,0.408,0.255,0.797,32.2,0.6956521739130435,17.0,10.9,3.4,0.6,2.0,2.1,0.479,0.41,0.806,31.9,0.9968652037617555,8.0,7.2,1.3,0.5,1.1,1.1,0.507,0.0,0.663,26.5,0.6415094339622641,10.6,5.9,1.4,0.9,0.7,1.5,0.386,0.354,0.78,24.0,0.7499999999999999,8.3,2.3,0.6,0.2,0.1,0.8,0.435,0.424,0.852,22.4,0.47767857142857145,4.3,8.8,3.8,0.6,1.0,1.8,0.383,0.0,0.489,21.9,0.7625570776255709,5.5,3.3,0.9,0.3,0.3,0.9,0.376,0.354,0.893,20.7,0.45410628019323684
2015-16,CLE,1610612739,5,Champion,0.731,102.9,44.8,22.3,6.8,3.8,13.5,0.457,0.358,0.726,5.9,38.0,14.0,106.9,101.1,5.8,95.2,0.4854,0.875,25.0,7.1,6.5,1.4,0.7,3.1,0.504,0.277,0.717,35.9,1.0473537604456826,15.7,10.3,2.4,0.9,0.6,1.8,0.417,0.368,0.801,32.1,0.8753894080996883,12.9,2.9,1.5,1.1,0.4,0.8,0.413,0.402,0.596,30.5,0.5901639344262295,19.0,3.1,4.5,0.9,0.2,2.0,0.464,0.295,0.871,29.8,0.8624161073825503,7.7,9.5,0.7,0.3,0.4,0.8,0.576,0.0,0.614,28.2,0.6312056737588652,8.2,2.5,4.8,0.7,0.1,1.5,0.423,0.432,0.902,26.4,0.5606060606060607,6.2,3.3,1.5,1.0,0.4,1.2,0.388,0.322,0.682,24.1,0.46473029045643155,9.1,1.9,2.7,0.3,0.1,1.6,0.442,0.33,0.905,20.2,0.6188118811881188
2015-16,DAL,1610612742,1,First Round Exit,0.527,100.8,42.9,21.4,6.7,3.4,12.7,0.439,0.34,0.784,-0.9,29.0,26.0,103.3,103.3,0.0,96.3,0.5166,0.625,12.1,2.9,1.9,1.0,0.3,1.0,0.384,0.348,0.848,33.1,0.5196374622356495,14.1,2.9,5.4,1.0,0.2,2.3,0.412,0.337,0.887,32.1,0.6635514018691587,17.6,6.6,1.7,0.7,0.7,1.0,0.445,0.385,0.904,31.0,0.8483870967741935,10.0,10.7,2.0,1.0,0.3,1.8,0.472,0.0,0.755,29.6,0.7499999999999999,12.6,4.4,2.4,0.6,0.3,1.4,0.482,0.4,0.641,28.3,0.667844522968198,9.6,3.3,3.4,0.9,0.1,1.4,0.415,0.329,0.843,27.1,0.5867158671586714,9.5,1.9,3.9,0.3,0.0,1.5,0.415,0.361,0.769,21.9,0.6438356164383563,7.4,2.1,2.1,1.0,0.2,1.0,0.46,0.337,0.682,19.6,0.6020408163265305
2015-16,DEN,1610612743,0,Missed Playoffs,0.407,100.5,44.6,22.2,7.3,4.6,14.5,0.436,0.337,0.767,-2.9,22.0,32.0,102.2,105.5,-3.3,97.6,0.5166,0.75,19.7,5.4,2.6,0.8,0.4,1.4,0.409,0.365,0.88,34.8,0.7902298850574714,11.1,2.9,1.8,1.2,0.2,1.4,0.462,0.365,0.819,31.2,0.5064102564102564,11.4,3.2,5.9,1.1,0.6,3.5,0.34,0.272,0.616,30.2,0.6192052980132451,15.5,6.0,2.4,0.9,0.5,1.6,0.455,0.38,0.855,28.5,0.8315789473684209,7.9,3.0,5.0,0.7,0.1,1.7,0.369,0.299,0.857,27.1,0.5535055350553506,12.5,8.9,1.2,0.4,1.0,1.4,0.555,0.0,0.584,26.3,0.8593155893536121,7.0,4.0,1.3,0.8,0.7,0.9,0.459,0.36,0.813,20.7,0.6231884057971014,9.5,5.9,1.9,1.0,0.5,1.2,0.526,0.39,0.788,20.0,0.8800000000000001
2015-16,DET,1610612765,1,First Round Exit,0.5,101.8,46.7,18.7,7.4,3.8,13.7,0.435,0.337,0.647,0.8,27.0,27.0,102.3,102.2,0.0,97.8,0.4854,0.5,14.6,3.8,1.8,1.5,0.3,1.5,0.421,0.311,0.824,36.9,0.5555555555555556,13.8,5.1,2.4,0.9,0.3,1.7,0.422,0.309,0.764,36.2,0.5745856353591159,17.0,14.9,0.8,1.6,1.5,2.1,0.518,0.4,0.351,33.7,0.9999999999999998,13.7,7.0,2.0,1.0,0.6,1.6,0.464,0.311,0.784,32.9,0.6899696048632219,19.1,3.4,6.2,0.8,0.1,2.7,0.442,0.37,0.83,31.0,0.867741935483871,9.1,4.2,1.6,0.7,0.1,1.5,0.39,0.315,0.788,24.0,0.5916666666666667,5.5,3.5,0.8,0.4,0.2,0.4,0.383,0.366,0.641,20.0,0.5,4.4,1.5,2.9,0.5,0.1,1.4,0.395,0.363,0.714,15.6,0.5128205128205129
2015-16,GSW,1610612744,4,Finals Loss,0.923,115.5,46.9,29.2,8.3,6.3,15.3,0.49,0.424,0.755,12.5,48.0,4.0,113.1,99.2,13.9,102.1,0.5166,1.0,14.2,9.5,7.2,1.3,1.3,2.9,0.485,0.42,0.676,34.1,0.8973607038123165,29.8,5.3,6.6,2.1,0.2,3.3,0.508,0.454,0.912,33.8,1.20414201183432,21.3,3.7,2.2,0.5,0.7,1.9,0.469,0.42,0.845,32.8,0.8079268292682927,12.2,4.6,1.8,0.8,0.2,1.0,0.469,0.391,0.826,29.5,0.6305084745762711,7.5,4.3,3.5,1.2,0.3,1.2,0.493,0.387,0.638,27.3,0.5714285714285715,5.4,7.5,2.1,0.4,1.7,1.1,0.615,0.0,0.405,20.9,0.7655502392344498,6.5,1.9,2.9,0.7,0.2,0.9,0.54,0.167,0.889,19.3,0.5854922279792746,7.5,5.9,0.8,0.4,1.2,0.9,0.557,0.0,0.532,17.8,0.8370786516853932
2015-16,HOU,1610612745,1,First Round Exit,0.491,105.0,42.6,21.6,9.9,5.1,16.2,0.443,0.351,0.705,-1.8,27.0,28.0,104.2,106.4,-2.2,99.6,0.5166,1.0,28.0,6.3,7.0,1.6,0.7,4.5,0.427,0.355,0.869,37.3,1.0482573726541555,12.3,4.6,1.9,1.9,0.3,1.4,0.411,0.377,0.725,34.7,0.5648414985590777,14.6,12.0,1.5,1.0,1.5,2.5,0.612,0.0,0.532,32.3,0.8699690402476782,8.9,3.0,2.8,1.2,0.3,1.2,0.42,0.403,0.653,26.7,0.5617977528089888,9.3,4.5,0.9,0.5,0.8,1.0,0.451,0.316,0.67,22.3,0.6726457399103138,7.6,2.5,1.5,1.1,0.2,1.1,0.38,0.293,0.802,21.4,0.5514018691588785,7.2,6.9,0.7,0.8,1.2,1.0,0.57,0.0,0.395,20.9,0.7559808612440192,5.9,1.1,1.3,0.7,0.1,0.7,0.423,0.363,0.8,16.8,0.5
2015-16,IND,1610612754,1,First Round Exit,0.528,102.5,44.1,20.3,9.3,4.6,15.3,0.447,0.35,0.752,2.2,28.0,25.0,102.0,99.6,2.4,99.4,0.4854,0.5,23.3,7.1,4.0,1.8,0.3,3.7,0.411,0.384,0.858,35.4,0.926553672316384,13.0,3.9,3.3,1.3,0.2,1.5,0.451,0.433,0.753,35.2,0.5738636363636362,13.9,3.0,4.8,1.8,0.5,2.8,0.436,0.294,0.762,33.7,0.629080118694362,9.8,3.4,2.6,0.8,0.2,1.5,0.41,0.208,0.828,25.0,0.612,11.9,3.1,1.1,1.0,0.5,1.2,0.392,0.345,0.734,24.8,0.6612903225806452,8.4,7.0,1.3,0.9,1.0,1.2,0.597,0.0,0.576,24.1,0.7219917012448132,6.3,1.8,3.6,0.8,0.1,1.6,0.392,0.337,0.705,23.4,0.47008547008547014,9.3,6.9,1.3,0.6,0.5,1.4,0.519,0.0,0.691,22.0,0.7818181818181821
2015-16,LAC,1610612746,1,First Round Exit,0.66,104.7,42.4,22.6,8.2,5.4,12.9,0.462,0.361,0.689,3.9,35.0,18.0,106.2,101.1,5.2,98.2,0.5166,0.75,23.2,8.7,5.0,0.7,0.6,2.4,0.508,0.353,0.725,34.9,1.025787965616046,12.1,14.0,1.1,0.5,2.3,1.2,0.703,0.0,0.423,33.9,0.849557522123894,19.3,3.8,9.4,2.1,0.2,2.8,0.456,0.378,0.88,33.0,0.96969696969697,12.2,4.5,1.8,0.8,0.4,1.3,0.431,0.309,0.8,29.1,0.6323024054982818,16.4,1.7,1.4,0.5,0.0,1.1,0.475,0.476,0.87,28.3,0.6678445229681977,13.5,1.7,2.2,0.5,0.2,1.4,0.4,0.317,0.917,26.4,0.6325757575757576,8.1,1.8,1.3,0.7,0.2,0.9,0.438,0.284,0.677,21.6,0.5185185185185185,6.8,2.8,0.6,1.1,0.7,0.6,0.423,0.34,0.6,19.4,0.5876288659793815
2015-16,LAL,1610612747,0,Missed Playoffs,0.2,96.5,43.0,18.2,7.2,4.4,14.0,0.412,0.315,0.775,-9.6,11.0,44.0,97.5,108.2,-10.8,98.4,0.5166,0.375,15.4,3.9,2.5,1.1,0.1,1.8,0.448,0.346,0.791,32.3,0.6563467492260063,15.4,2.7,2.6,1.0,0.3,1.6,0.4,0.333,0.838,29.8,0.6845637583892618,16.9,4.2,3.4,1.0,0.2,2.2,0.349,0.28,0.803,29.3,0.8020477815699657,11.1,10.0,1.7,0.6,0.4,1.9,0.417,0.304,0.7,27.3,0.8021978021978022,12.2,3.6,3.3,1.2,0.2,2.4,0.415,0.332,0.699,27.1,0.6678966789667895,6.6,5.2,1.4,0.4,1.5,1.1,0.444,0.0,0.826,24.4,0.5737704918032788,5.8,5.0,0.7,0.8,0.3,0.7,0.541,0.333,0.7,20.3,0.5862068965517242,6.2,4.2,1.2,0.5,0.8,0.6,0.526,0.0,0.845,19.1,0.643979057591623
2015-16,MEM,1610612763,1,First Round Exit,0.585,98.2,40.9,21.3,8.7,4.4,13.2,0.444,0.341,0.79,-0.9,31.0,22.0,102.2,102.9,-0.8,95.2,0.5166,0.625,16.6,7.0,3.8,1.0,1.3,2.3,0.464,0.667,0.829,34.4,0.7965116279069768,14.9,3.0,6.1,1.2,0.3,1.5,0.412,0.359,0.845,31.5,0.7619047619047619,14.2,8.0,1.6,0.6,0.2,1.5,0.491,0.2,0.754,28.9,0.7993079584775087,8.8,5.1,1.8,1.1,0.8,1.3,0.404,0.34,0.815,26.3,0.6197718631178707,6.6,4.8,0.9,1.6,0.3,0.9,0.427,0.407,0.593,24.7,0.5384615384615384,6.0,2.7,0.6,0.5,0.1,0.5,0.359,0.314,0.81,19.5,0.482051282051282,6.6,3.4,0.6,0.1,1.4,0.6,0.6,0.0,0.556,17.1,0.6725146198830408,4.8,1.7,2.7,0.3,0.0,1.2,0.446,0.341,0.944,16.3,0.5092024539877301
2015-16,MIA,1610612748,2,Second Round Exit,0.547,96.0,43.1,20.1,6.4,6.5,14.2,0.46,0.323,0.74,-0.3,29.0,24.0,101.4,100.6,0.8,94.7,0.4854,0.625,11.5,3.8,4.1,0.7,0.0,2.0,0.4,0.371,0.846,33.9,0.5339233038348082,19.1,7.4,2.4,0.7,0.6,1.5,0.467,0.365,0.795,33.5,0.8567164179104477,12.2,3.3,5.3,1.0,0.2,2.5,0.469,0.331,0.687,32.3,0.6037151702786379,10.6,4.7,1.5,0.9,0.3,0.9,0.431,0.363,0.782,31.3,0.5463258785942492,18.7,4.0,4.7,1.0,0.5,2.6,0.458,0.219,0.765,30.2,0.8708609271523178,12.2,11.0,0.3,0.5,3.9,2.0,0.617,0.0,0.552,28.2,0.9184397163120567,5.7,5.1,1.3,0.7,0.4,1.3,0.418,0.258,0.717,27.8,0.42805755395683454,10.1,2.7,1.0,0.6,0.3,0.9,0.399,0.319,0.773,25.8,0.5348837209302326
2015-16,MIL,1610612749,0,Missed Playoffs,0.407,98.1,41.7,22.9,7.8,5.6,15.4,0.461,0.349,0.756,-4.7,22.0,32.0,101.6,106.0,-4.4,96.3,0.4854,0.75,17.9,3.8,4.0,1.3,0.2,2.1,0.43,0.405,0.873,36.1,0.6952908587257617,15.9,7.1,2.8,1.0,1.2,2.5,0.505,0.239,0.758,34.6,0.7369942196531791,16.7,9.7,2.3,0.9,0.9,1.7,0.521,0.0,0.745,30.5,0.9442622950819671,11.5,5.1,5.5,1.6,0.7,2.9,0.453,0.289,0.664,30.4,0.7072368421052633,11.3,4.7,1.4,0.8,0.4,1.2,0.488,0.0,0.768,28.8,0.6041666666666666,10.5,2.8,3.4,0.9,0.2,1.7,0.424,0.436,0.786,28.0,0.575,8.5,2.5,3.1,1.1,0.2,1.6,0.369,0.287,0.789,26.6,0.5187969924812029,7.1,2.3,4.4,0.4,0.0,1.9,0.348,0.259,0.88,22.6,0.5442477876106194
2015-16,MIN,1610612750,0,Missed Playoffs,0.315,100.4,42.2,22.4,7.5,4.5,14.8,0.457,0.317,0.795,-3.6,17.0,37.0,103.0,106.1,-3.1,96.9,0.5166,0.625,20.8,3.7,1.8,0.8,0.6,2.2,0.447,0.244,0.744,35.1,0.7264957264957266,9.7,4.4,8.6,2.2,0.1,2.3,0.361,0.292,0.826,30.3,0.7491749174917491,17.1,10.2,1.4,0.6,1.8,2.1,0.543,0.375,0.852,30.1,0.9634551495016611,9.4,7.1,1.6,1.1,1.0,1.9,0.535,0.222,0.818,25.5,0.7176470588235295,12.8,2.9,3.2,0.6,0.2,1.9,0.434,0.345,0.8,24.3,0.7325102880658437,3.3,2.0,1.0,0.5,0.2,0.4,0.474,0.214,0.615,21.3,0.30985915492957744,9.7,3.1,0.5,0.3,0.1,0.9,0.458,0.278,0.784,20.2,0.6336633663366337,4.5,3.2,1.3,0.4,0.3,0.7,0.429,0.354,0.658,17.9,0.5027932960893856
2015-16,NOP,1610612740,0,Missed Playoffs,0.377,102.1,42.4,21.7,7.8,4.8,12.9,0.447,0.355,0.774,-3.0,20.0,33.0,103.3,106.6,-3.3,98.2,0.5166,0.75,23.4,10.0,1.9,1.3,2.2,2.0,0.499,0.299,0.738,35.4,1.03954802259887,14.9,2.1,2.7,1.0,0.3,1.6,0.409,0.375,0.885,33.4,0.5808383233532934,16.7,5.9,1.1,0.6,0.4,1.5,0.431,0.383,0.862,31.0,0.7483870967741937,15.2,5.2,6.6,1.3,0.3,2.9,0.433,0.388,0.796,30.6,0.8398692810457516,15.0,2.9,5.5,1.2,0.4,2.2,0.438,0.341,0.799,26.1,0.8735632183908044,10.1,3.3,3.3,0.8,0.1,1.6,0.396,0.298,0.795,26.0,0.6153846153846154,8.0,4.5,0.0,1.0,1.5,0.5,0.294,0.2,0.833,23.7,0.6118143459915611,4.0,3.1,0.9,0.9,0.2,0.7,0.491,0.294,0.788,21.5,0.39069767441860465
2015-16,NYK,1610612752,0,Missed Playoffs,0.418,99.1,43.9,20.4,5.9,5.6,13.5,0.438,0.336,0.808,-2.2,23.0,32.0,102.1,104.7,-2.5,96.0,0.4854,0.5,21.4,7.9,4.2,0.9,0.5,2.5,0.426,0.327,0.82,34.8,0.9310344827586208,14.2,3.6,1.9,0.4,0.2,1.1,0.451,0.373,0.876,34.1,0.5630498533724339,13.9,7.7,1.2,0.8,1.9,1.7,0.426,0.349,0.848,28.2,0.8439716312056738,7.5,3.1,4.1,1.0,0.1,1.2,0.469,0.407,0.879,27.6,0.5289855072463767,9.3,6.4,1.4,0.2,1.4,1.5,0.53,0.0,0.802,25.5,0.6745098039215686,8.0,3.7,2.3,0.9,0.2,0.7,0.421,0.376,0.789,25.1,0.5737051792828685,8.5,2.1,0.8,0.4,0.1,1.0,0.464,0.411,0.868,21.8,0.5,8.4,2.6,2.5,0.4,0.0,3.6,0.338,0.176,0.541,18.0,0.5722222222222223
2015-16,OKC,1610612760,3,Conference Finals,0.741,110.1,47.7,22.4,7.6,6.4,15.5,0.476,0.361,0.788,8.2,40.0,14.0,110.2,101.6,8.6,99.3,0.5166,0.875,27.7,7.9,4.5,1.0,1.2,3.1,0.508,0.392,0.895,36.0,1.088888888888889,24.1,7.6,10.0,2.3,0.2,4.2,0.458,0.296,0.822,34.3,1.1661807580174928,12.7,6.7,0.9,0.4,2.2,1.5,0.488,0.366,0.768,32.5,0.6584615384615383,9.9,2.8,1.9,1.0,0.2,1.5,0.401,0.358,0.725,28.2,0.5070921985815603,7.2,6.3,0.7,0.4,1.2,1.0,0.59,0.0,0.607,24.9,0.5943775100401606,4.9,3.3,0.8,0.9,0.7,0.6,0.495,0.274,0.611,21.7,0.4608294930875576,11.9,7.7,0.5,0.2,0.5,1.3,0.56,0.4,0.784,20.8,0.9375,6.0,1.9,2.1,0.5,0.3,1.1,0.351,0.296,0.83,19.8,0.48989898989898994
2015-16,ORL,1610612753,0,Missed Playoffs,0.442,99.4,43.8,22.9,7.9,5.2,14.7,0.45,0.353,0.768,-1.4,23.0,29.0,101.0,103.1,-2.1,96.6,0.4854,0.625,17.0,9.0,3.0,0.8,1.1,1.9,0.498,0.143,0.747,31.9,0.9090909090909093,14.0,2.9,2.7,1.3,0.0,1.6,0.445,0.398,0.827,31.5,0.6126984126984126,14.3,4.6,4.0,1.3,0.6,2.3,0.416,0.346,0.837,31.3,0.7188498402555911,11.1,3.6,5.8,1.3,0.3,2.4,0.426,0.362,0.615,29.9,0.6588628762541807,11.3,5.4,1.1,0.7,0.5,1.1,0.425,0.363,0.725,27.6,0.6485507246376812,7.7,6.1,1.4,0.6,0.8,0.8,0.465,0.299,0.684,21.8,0.7247706422018348,4.8,2.0,3.1,1.0,0.0,0.8,0.368,0.313,0.714,19.6,0.5153061224489796,6.8,2.0,3.0,0.5,0.1,1.0,0.371,0.312,0.711,18.1,0.6298342541436464
2015-16,PHI,1610612755,0,Missed Playoffs,0.151,95.1,42.0,20.7,8.4,6.7,17.9,0.433,0.331,0.68,-10.2,8.0,45.0,94.5,104.6,-10.1,99.9,0.4854,0.75,17.1,7.4,1.2,0.4,1.2,2.3,0.494,0.0,0.682,30.4,0.8223684210526315,10.8,8.2,1.6,1.7,1.6,2.4,0.533,0.0,0.584,29.3,0.733788395904437,11.4,5.8,1.4,1.6,0.6,2.4,0.378,0.338,0.788,27.0,0.6814814814814816,8.9,3.3,1.1,0.4,0.3,1.2,0.408,0.387,0.679,26.9,0.47583643122676583,11.7,3.6,6.6,1.1,0.3,2.1,0.405,0.279,0.737,26.5,0.7999999999999999,9.2,4.6,1.6,0.7,1.6,1.3,0.435,0.227,0.676,25.7,0.6381322957198443,10.2,2.2,1.8,0.8,0.2,1.3,0.355,0.368,0.816,24.5,0.5673469387755101,7.5,2.3,1.8,0.6,0.3,1.2,0.376,0.333,0.714,24.0,0.47083333333333344
2015-16,PHX,1610612756,0,Missed Playoffs,0.259,100.5,43.0,20.6,8.2,3.9,16.9,0.44,0.364,0.756,-6.3,14.0,40.0,99.7,107.0,-7.3,100.1,0.5166,0.625,19.7,3.7,5.1,1.3,0.3,3.5,0.424,0.333,0.847,36.3,0.7327823691460056,20.4,4.0,6.1,2.0,0.6,3.5,0.453,0.372,0.802,34.2,0.8654970760233918,7.0,5.7,1.9,1.3,0.3,1.3,0.405,0.346,0.747,30.0,0.49666666666666665,5.9,8.5,1.0,0.5,0.6,1.2,0.522,0.0,0.637,23.5,0.6510638297872341,10.6,2.2,1.8,0.5,0.1,1.5,0.45,0.403,0.824,23.3,0.5879828326180258,11.0,3.1,0.9,0.8,0.3,0.7,0.501,0.4,0.703,22.8,0.6754385964912282,8.6,5.6,1.3,0.6,0.4,1.2,0.485,0.402,0.736,20.2,0.7574257425742574,9.2,2.4,2.2,0.5,0.3,1.8,0.429,0.278,0.696,20.0,0.64
2015-16,POR,1610612757,2,Second Round Exit,0.5,102.5,45.9,21.3,6.9,4.2,14.8,0.447,0.354,0.726,0.6,27.0,27.0,104.4,104.3,0.1,97.4,0.5166,0.5,24.3,4.4,7.3,1.0,0.3,3.3,0.418,0.363,0.861,36.1,0.9418282548476454,20.7,3.6,4.2,1.2,0.3,2.3,0.442,0.392,0.797,35.0,0.7914285714285714,10.4,6.4,1.6,0.9,0.6,1.6,0.409,0.35,0.717,29.3,0.6245733788395904,11.2,2.6,1.2,0.9,0.2,0.9,0.475,0.371,0.873,26.2,0.5801526717557252,9.1,7.6,2.6,0.8,1.0,2.0,0.511,0.0,0.62,25.5,0.7490196078431373,8.8,5.1,1.6,0.1,0.3,1.3,0.447,0.344,0.757,23.1,0.632034632034632,6.6,7.3,1.1,0.6,0.7,0.8,0.605,0.0,0.552,21.4,0.7242990654205607,7.7,2.8,1.0,0.4,0.3,0.8,0.42,0.365,0.747,18.0,0.6333333333333333
2015-16,SAC,1610612758,0,Missed Playoffs,0.415,107.1,45.2,25.0,8.6,4.5,16.5,0.462,0.356,0.727,-2.0,22.0,31.0,103.2,106.2,-2.9,102.2,0.5166,0.625,11.9,6.3,11.9,1.9,0.2,3.9,0.452,0.358,0.575,35.1,0.8062678062678064,26.8,11.1,3.2,1.3,1.3,3.7,0.445,0.349,0.725,34.2,1.1695906432748535,17.9,6.7,1.7,1.2,0.7,1.8,0.473,0.342,0.797,33.6,0.7857142857142856,12.1,6.3,1.4,0.8,0.3,1.4,0.488,0.422,0.635,29.3,0.6655290102389079,13.4,2.1,3.9,0.9,0.0,1.7,0.475,0.381,0.846,28.2,0.6595744680851063,10.9,1.9,2.0,0.6,0.0,1.3,0.386,0.299,0.862,26.1,0.5402298850574713,7.7,2.1,1.2,0.8,0.1,1.4,0.451,0.372,0.732,21.0,0.5,6.2,5.5,0.4,0.6,1.2,0.7,0.605,0.0,0.586,20.4,0.6470588235294118
2015-16,SAS,1610612759,2,Second Round Exit,0.849,105.0,44.6,25.2,8.1,5.9,13.4,0.491,0.393,0.797,13.3,45.0,8.0,109.3,95.2,14.1,96.3,0.5166,0.75,20.2,6.7,2.5,1.8,0.9,1.5,0.51,0.482,0.875,32.4,0.9444444444444445,17.0,8.4,1.4,0.3,1.0,1.3,0.504,0.0,0.838,29.7,0.9023569023569022,12.0,2.6,5.1,0.9,0.1,1.7,0.516,0.432,0.76,26.7,0.7116104868913858,7.5,3.9,1.8,0.8,0.7,1.1,0.382,0.359,0.793,25.7,0.529182879377432,8.8,7.5,3.0,0.9,1.4,1.7,0.498,0.0,0.747,25.7,0.7743190661478598,11.3,2.0,1.3,0.5,0.0,1.0,0.375,0.364,0.886,22.6,0.6238938053097345,8.4,2.0,2.6,0.8,0.1,0.9,0.446,0.393,0.75,20.2,0.6435643564356436,10.0,3.0,3.3,1.1,0.2,1.7,0.451,0.378,0.793,19.7,0.8071065989847717
2015-16,TOR,1610612761,3,Conference Finals,0.673,101.8,43.3,18.4,8.3,5.3,13.6,0.447,0.368,0.784,4.4,35.0,17.0,105.8,101.5,4.4,95.7,0.4854,0.625,21.0,4.9,6.3,2.2,0.5,2.9,0.425,0.392,0.857,36.8,0.8695652173913044,23.4,4.3,4.1,1.0,0.3,2.3,0.447,0.337,0.836,36.1,0.8531855955678668,11.7,4.8,1.0,1.7,0.2,1.2,0.388,0.378,0.583,31.9,0.5705329153605015,12.3,9.4,0.9,0.4,1.2,1.5,0.549,0.0,0.742,26.2,0.866412213740458,8.8,2.6,3.1,0.8,0.3,1.3,0.459,0.258,0.75,25.8,0.5542635658914729,6.3,4.2,1.1,0.8,0.3,0.8,0.395,0.348,0.9,24.4,0.4877049180327869,9.2,2.4,0.7,0.8,0.4,0.7,0.445,0.386,0.794,23.8,0.5378151260504201,9.4,5.3,0.9,0.7,0.4,0.9,0.45,0.432,0.785,22.9,0.6899563318777292
2015-16,UTA,1610612762,0,Missed Playoffs,0.5,97.8,42.6,18.4,7.8,5.1,14.7,0.445,0.354,0.754,1.4,26.0,26.0,103.3,102.5,0.8,92.9,0.5166,0.875,19.9,5.1,3.7,1.1,0.3,2.6,0.434,0.352,0.826,36.1,0.7617728531855955,10.3,10.5,1.7,0.9,2.4,1.7,0.6,0.0,0.623,33.2,0.7259036144578312,16.6,8.5,1.5,1.3,1.3,1.6,0.516,0.0,0.675,32.4,0.851851851851852,14.9,3.3,2.6,0.8,0.2,1.6,0.423,0.361,0.879,31.4,0.643312101910828,14.3,3.6,2.1,0.6,0.1,1.8,0.409,0.387,0.752,27.1,0.6974169741697419,11.8,2.0,2.6,0.6,0.1,1.3,0.423,0.347,0.785,23.6,0.6694915254237289,5.6,6.3,1.0,0.9,0.5,1.3,0.458,0.25,0.71,22.4,0.5803571428571428,6.2,1.5,2.5,0.9,0.0,1.4,0.423,0.396,0.703,20.5,0.47317073170731705
2015-16,WAS,1610612764,0,Missed Playoffs,0.451,102.7,39.8,24.0,8.9,3.8,14.5,0.457,0.362,0.752,-2.7,23.0,28.0,102.6,105.1,-2.5,100.2,0.4854,0.75,20.0,4.5,9.9,2.1,0.8,4.3,0.428,0.35,0.784,36.1,0.9141274238227146,18.7,3.7,2.9,1.0,0.3,2.3,0.463,0.397,0.769,31.8,0.7641509433962264,13.5,9.9,1.5,0.7,1.3,1.9,0.541,0.0,0.738,31.2,0.8012820512820513,12.3,5.2,1.9,1.6,0.3,1.0,0.467,0.317,0.765,31.1,0.6527331189710611,8.9,3.7,2.1,1.0,0.2,1.1,0.486,0.466,0.765,28.9,0.5121107266435987,8.1,2.6,1.8,0.9,0.2,0.7,0.399,0.324,0.723,25.6,0.50390625,11.6,5.2,2.4,0.9,0.5,2.4,0.397,0.289,0.717,24.8,0.7338709677419354,9.9,2.5,2.8,0.7,0.1,1.4,0.47,0.315,0.768,20.4,0.7156862745098038
2016-17,ATL,1610612737,1,First Round Exit,0.571,103.8,44.0,23.9,8.3,4.9,15.4,0.455,0.341,0.73,-0.5,32.0,24.0,102.9,103.3,-0.4,99.6,0.48166666666666663,0.75,17.9,7.8,3.8,1.5,1.0,2.1,0.439,0.327,0.763,34.2,0.8742690058479531,17.5,2.9,6.3,0.8,0.1,3.1,0.459,0.345,0.832,30.9,0.7928802588996764,13.5,13.0,1.3,0.9,1.2,2.1,0.644,0.0,0.553,29.5,0.9423728813559321,10.8,3.2,2.6,1.3,0.7,1.8,0.399,0.332,0.715,27.4,0.6131386861313869,14.3,5.9,1.8,0.6,0.3,1.5,0.438,0.355,0.768,26.9,0.7955390334572493,7.6,4.3,1.6,1.7,0.5,0.9,0.457,0.329,0.772,25.8,0.5736434108527131,13.1,2.5,2.2,0.6,0.2,1.1,0.446,0.349,0.72,25.1,0.697211155378486,7.2,3.7,1.3,0.5,0.6,0.9,0.513,0.424,0.778,19.7,0.6294416243654822
2016-17,BOS,1610612738,3,Conference Finals,0.649,108.4,41.2,25.1,7.5,4.2,12.8,0.457,0.369,0.815,2.8,37.0,20.0,109.6,106.2,3.4,98.7,0.48166666666666663,0.875,17.7,6.9,2.4,1.3,0.2,1.8,0.475,0.409,0.762,34.9,0.7650429799426934,29.9,2.7,6.3,0.8,0.1,2.6,0.467,0.387,0.912,34.5,1.0782608695652172,14.6,6.6,4.9,0.7,1.5,1.7,0.456,0.351,0.807,32.9,0.8085106382978724,13.8,5.2,2.1,1.1,0.3,1.0,0.469,0.405,0.866,32.5,0.6615384615384616,10.4,3.9,4.6,1.7,0.4,2.1,0.375,0.309,0.773,31.1,0.6077170418006429,9.5,4.8,2.0,0.7,0.4,1.3,0.517,0.379,0.707,21.5,0.7488372093023254,6.5,4.6,1.7,0.5,0.7,0.9,0.573,0.409,0.667,19.7,0.66497461928934,5.6,3.1,1.8,0.6,0.2,0.6,0.37,0.331,0.765,18.1,0.5911602209944751
2016-17,BKN,1610612751,0,Missed Playoffs,0.161,105.5,43.8,21.3,7.0,4.7,17.0,0.442,0.34,0.794,-8.8,9.0,47.0,101.3,109.3,-8.1,103.7,0.48166666666666663,0.375,20.8,5.2,2.5,0.5,1.8,2.4,0.47,0.342,0.835,29.6,0.9594594594594595,10.2,8.5,2.2,1.3,0.4,1.9,0.528,0.268,0.667,26.2,0.7900763358778626,13.5,4.0,2.3,0.7,0.1,2.2,0.417,0.351,0.838,26.0,0.7076923076923077,13.9,3.3,5.8,1.4,0.6,2.7,0.469,0.333,0.707,25.0,0.892,8.4,2.9,1.1,0.6,0.1,1.0,0.432,0.387,0.723,22.0,0.5499999999999999,7.8,5.1,2.1,1.0,0.5,1.5,0.421,0.213,0.762,21.8,0.6880733944954128,7.0,2.4,2.9,0.6,0.5,2.0,0.387,0.315,0.825,21.8,0.5229357798165137,6.9,2.6,2.9,0.5,0.4,1.2,0.44,0.417,0.845,21.4,0.5654205607476637
2016-17,CHA,1610612766,0,Missed Playoffs,0.429,104.5,44.8,23.3,6.6,5.1,12.2,0.439,0.351,0.805,0.3,24.0,32.0,105.0,104.6,0.4,99.0,0.48166666666666663,0.875,15.0,7.1,6.1,1.1,0.4,2.7,0.407,0.36,0.847,34.6,0.7803468208092487,22.5,4.1,5.5,1.2,0.3,2.3,0.447,0.395,0.835,34.3,0.9125364431486881,9.0,7.5,1.4,0.8,1.0,0.8,0.457,0.125,0.765,29.7,0.6363636363636364,11.0,5.6,1.2,0.7,0.5,0.7,0.407,0.345,0.843,28.4,0.6443661971830986,10.8,6.5,1.4,0.8,1.0,1.3,0.587,0.0,0.692,26.8,0.7164179104477612,10.8,4.6,2.1,0.7,0.4,1.0,0.394,0.308,0.748,25.0,0.704,10.8,2.5,1.9,0.6,0.2,1.0,0.434,0.374,0.885,24.6,0.6097560975609756,9.3,4.4,1.1,0.3,0.3,0.6,0.441,0.259,0.807,17.1,0.8654970760233919
2016-17,CHI,1610612741,1,First Round Exit,0.491,102.1,46.5,21.2,7.6,5.0,13.5,0.44,0.316,0.8,-0.7,28.0,29.0,104.4,105.5,-1.1,97.3,0.48166666666666663,0.25,24.5,6.3,5.0,1.8,0.3,2.1,0.452,0.337,0.868,36.6,0.9781420765027319,19.1,4.5,3.8,1.6,0.7,2.2,0.434,0.322,0.797,30.4,0.9046052631578949,9.8,6.9,0.9,0.2,1.6,1.1,0.492,0.0,0.676,28.0,0.6535714285714286,6.5,5.2,6.5,1.3,0.2,2.5,0.372,0.316,0.545,26.3,0.6539923954372623,9.0,5.1,0.9,0.7,0.8,1.1,0.381,0.299,0.771,22.5,0.6844444444444444,8.3,4.7,2.7,0.8,0.4,1.7,0.393,0.209,0.763,22.3,0.6816143497757847,5.3,1.5,1.1,0.6,0.0,0.6,0.372,0.273,0.903,17.3,0.45664739884393063,5.7,1.5,1.6,0.7,0.1,0.8,0.405,0.348,0.915,16.4,0.5365853658536586
2016-17,CLE,1610612739,4,Finals Loss,0.709,111.3,44.0,22.4,7.3,4.0,13.9,0.465,0.39,0.754,5.4,39.0,16.0,111.0,106.5,4.6,99.2,0.48166666666666663,0.75,25.9,7.7,8.8,1.4,0.6,4.3,0.539,0.389,0.689,37.5,1.0693333333333335,24.4,3.1,5.9,1.2,0.2,2.7,0.462,0.389,0.906,35.2,0.9119318181818181,20.0,11.1,1.9,0.9,0.3,2.1,0.429,0.384,0.876,31.9,1.0062695924764888,8.2,9.7,0.8,0.6,1.1,0.8,0.588,0.0,0.515,30.0,0.6533333333333334,13.1,2.6,6.9,0.6,0.1,2.5,0.43,0.348,0.821,29.3,0.7098976109215018,8.6,2.1,1.2,1.2,0.4,0.7,0.337,0.362,0.778,28.9,0.4429065743944636,10.1,2.9,1.8,0.6,0.4,1.1,0.467,0.45,0.886,27.0,0.5444444444444445,7.8,2.9,1.5,1.0,0.3,1.0,0.425,0.403,0.773,25.4,0.4921259842519685
2016-17,DAL,1610612742,0,Missed Playoffs,0.393,98.1,38.3,20.3,7.8,3.7,11.6,0.441,0.358,0.803,-2.3,22.0,34.0,104.2,106.1,-1.9,93.7,0.5192,0.375,20.1,5.2,1.5,0.8,0.2,1.3,0.474,0.335,0.841,35.8,0.7402234636871509,15.3,3.6,2.5,1.1,0.2,1.3,0.407,0.381,0.813,35.4,0.6045197740112995,11.7,2.6,2.8,1.2,0.1,1.2,0.467,0.414,0.8,28.2,0.6099290780141844,13.9,6.0,1.6,0.7,0.7,0.9,0.417,0.387,0.87,26.0,0.8461538461538461,12.2,2.9,4.9,0.5,0.1,1.7,0.422,0.351,0.939,24.7,0.7651821862348179,9.8,2.1,3.2,0.9,0.2,1.6,0.424,0.4,0.821,24.1,0.6058091286307054,4.4,2.6,0.9,0.6,0.3,0.6,0.394,0.313,0.766,20.8,0.3942307692307693,8.9,5.0,1.0,1.5,0.9,1.0,0.611,0.0,0.683,19.5,0.8358974358974357
2016-17,DEN,1610612743,0,Missed Playoffs,0.446,110.6,46.7,24.7,6.7,4.2,15.4,0.461,0.37,0.761,-1.2,25.0,31.0,108.8,110.9,-2.1,100.7,0.5192,0.75,17.2,4.9,2.2,0.6,0.3,1.4,0.432,0.383,0.887,34.2,0.695906432748538,15.6,6.7,2.1,0.8,0.4,1.7,0.454,0.338,0.732,30.9,0.7734627831715212,13.9,4.7,3.4,0.9,0.5,1.6,0.447,0.381,0.759,29.1,0.7491408934707903,13.4,3.1,2.5,1.2,0.2,1.3,0.475,0.421,0.74,28.7,0.6655052264808362,11.1,8.0,3.9,0.9,1.2,1.6,0.531,0.0,0.565,28.2,0.8333333333333333,11.8,3.5,4.2,0.8,0.3,2.5,0.369,0.306,0.775,28.1,0.6441281138790036,16.3,9.0,4.3,0.8,0.8,2.1,0.58,0.365,0.816,26.9,1.0817843866171004,9.1,2.4,5.0,0.6,0.1,1.8,0.441,0.384,0.733,26.3,0.5855513307984792
2016-17,DET,1610612765,0,Missed Playoffs,0.474,101.2,44.5,21.0,7.0,3.8,12.3,0.455,0.335,0.74,-0.4,27.0,30.0,103.7,105.0,-1.3,96.9,0.48166666666666663,0.75,14.2,3.3,2.8,1.3,0.2,1.3,0.409,0.372,0.833,33.8,0.6065088757396451,14.2,4.6,2.1,0.8,0.3,1.1,0.425,0.333,0.8,33.0,0.6333333333333333,16.3,5.1,1.6,0.6,0.5,1.3,0.487,0.34,0.891,31.6,0.7215189873417721,14.6,13.8,1.1,1.7,1.2,2.1,0.527,0.333,0.439,30.5,0.9934426229508195,15.2,2.3,5.6,0.8,0.1,2.4,0.428,0.363,0.85,28.4,0.7605633802816903,11.2,5.7,1.7,0.4,0.4,0.9,0.512,0.325,0.906,27.0,0.685185185185185,8.4,2.7,4.8,0.7,0.4,1.4,0.445,0.254,0.687,23.5,0.6638297872340425,4.2,2.3,1.3,0.6,0.4,0.9,0.39,0.302,0.65,16.7,0.4730538922155689
2016-17,GSW,1610612744,5,Champion,0.839,118.2,44.5,31.0,9.5,6.6,14.7,0.501,0.388,0.789,12.8,47.0,9.0,114.2,101.6,12.6,102.9,0.5192,0.625,22.1,3.8,2.0,0.8,0.5,1.8,0.474,0.422,0.841,34.1,0.8035190615835778,25.8,8.3,4.9,1.1,1.7,2.3,0.539,0.374,0.876,34.1,1.1583577712609971,24.7,4.3,6.4,1.6,0.2,2.9,0.469,0.41,0.916,33.4,1.0269461077844313,10.2,8.2,7.3,2.1,1.5,2.3,0.433,0.319,0.674,32.9,0.8206686930091186,6.4,3.9,3.4,0.9,0.4,0.7,0.496,0.361,0.691,25.6,0.5585937500000001,7.6,5.4,2.8,0.7,0.3,1.5,0.384,0.327,0.758,25.3,0.6047430830039526,5.9,6.0,2.0,1.0,0.4,1.2,0.525,0.0,0.773,18.8,0.75,5.2,1.9,1.7,0.5,0.2,0.8,0.566,0.0,0.6,17.3,0.5028901734104044
2016-17,HOU,1610612745,2,Second Round Exit,0.69,114.4,44.0,25.4,8.3,4.5,15.4,0.465,0.364,0.763,6.4,40.0,18.0,111.5,105.5,6.0,101.8,0.5192,0.625,29.2,8.3,11.3,1.4,0.5,5.8,0.44,0.353,0.852,36.6,1.226775956284153,11.8,5.6,2.2,1.9,0.3,0.9,0.409,0.354,0.718,34.6,0.6040462427745664,13.8,5.0,1.0,0.5,0.2,0.9,0.42,0.405,0.847,30.8,0.6363636363636364,9.6,5.6,4.4,1.5,0.4,1.4,0.436,0.39,0.814,30.5,0.659016393442623,17.2,2.7,2.8,0.6,0.5,1.8,0.417,0.385,0.838,30.5,0.7213114754098361,18.6,2.3,3.2,1.1,0.2,2.1,0.444,0.385,0.884,24.2,0.9628099173553719,12.0,7.5,0.9,0.5,1.3,1.2,0.643,0.0,0.5,23.3,0.9012875536480687,7.4,3.9,1.1,0.6,0.3,0.6,0.477,0.323,0.589,19.7,0.6446700507614214
2016-17,IND,1610612754,1,First Round Exit,0.509,105.5,41.2,22.5,8.4,5.2,13.9,0.466,0.369,0.811,-0.9,29.0,28.0,105.5,106.4,-0.9,99.1,0.48166666666666663,0.625,22.3,6.2,3.3,1.5,0.3,2.9,0.446,0.382,0.914,35.7,0.8599439775910362,15.4,4.1,8.1,1.4,0.5,2.8,0.449,0.352,0.852,32.6,0.8190184049079754,11.5,6.1,1.7,1.8,0.5,1.5,0.522,0.396,0.571,31.1,0.6463022508038585,15.6,7.2,1.1,0.8,2.1,1.4,0.518,0.366,0.797,30.9,0.8220064724919096,8.2,2.8,3.4,0.9,0.4,1.8,0.442,0.304,0.787,27.2,0.511029411764706,10.6,2.9,0.6,0.6,0.4,0.5,0.434,0.417,0.875,23.1,0.632034632034632,6.2,3.7,0.7,0.5,0.3,0.6,0.461,0.384,0.721,21.9,0.49315068493150693,7.5,2.5,3.2,0.2,0.1,1.3,0.472,0.091,0.6,21.2,0.5754716981132074
2016-17,LAC,1610612746,1,First Round Exit,0.625,107.9,43.6,22.4,7.6,4.7,13.1,0.468,0.379,0.748,3.8,35.0,21.0,109.2,105.0,4.2,98.6,0.5192,0.875,21.9,8.8,5.0,1.0,0.5,2.4,0.49,0.306,0.758,33.3,1.0450450450450453,12.0,13.7,1.2,0.6,1.7,1.5,0.695,0.0,0.502,31.3,0.8849840255591054,17.5,5.3,9.7,2.3,0.1,2.4,0.471,0.395,0.876,30.9,1.051779935275081,12.2,2.1,3.0,0.7,0.2,1.6,0.441,0.399,0.691,28.3,0.586572438162544,15.1,2.2,1.3,0.7,0.2,1.3,0.439,0.421,0.883,28.3,0.6431095406360423,12.4,1.7,2.9,0.7,0.2,1.8,0.404,0.344,0.842,26.9,0.5985130111524163,7.8,3.0,2.7,0.8,0.4,1.1,0.439,0.371,0.78,22.8,0.5964912280701755,6.1,2.4,0.4,1.0,0.5,0.6,0.488,0.388,0.719,22.5,0.4355555555555556
2016-17,LAL,1610612747,0,Missed Playoffs,0.328,104.5,43.9,20.6,7.8,3.8,15.3,0.444,0.354,0.767,-6.3,19.0,39.0,103.5,110.3,-6.8,100.6,0.5192,0.625,12.9,8.1,3.6,0.7,0.4,2.5,0.487,0.25,0.716,28.2,0.8226950354609929,8.0,4.1,1.9,0.4,0.4,1.3,0.363,0.304,0.655,27.7,0.48736462093862815,13.7,2.9,2.1,1.2,0.1,1.9,0.451,0.332,0.782,27.4,0.6605839416058396,7.8,5.4,1.3,0.9,0.4,0.8,0.39,0.313,0.73,27.0,0.5555555555555556,14.2,3.7,4.7,1.2,0.3,2.6,0.392,0.349,0.772,26.5,0.811320754716981,13.8,2.4,1.1,0.6,0.3,0.6,0.441,0.413,0.849,26.5,0.6641509433962265,6.9,5.5,1.5,1.2,0.6,0.9,0.557,0.154,0.723,22.3,0.663677130044843,7.4,4.9,0.8,0.3,0.6,1.3,0.511,0.0,0.803,20.5,0.6195121951219513
2016-17,MEM,1610612763,1,First Round Exit,0.586,100.8,43.4,20.8,8.3,4.6,13.0,0.432,0.353,0.789,1.3,34.0,24.0,104.2,102.8,1.4,95.4,0.5192,0.75,20.6,6.3,4.3,1.0,1.4,2.2,0.466,0.385,0.846,34.4,0.9127906976744187,19.3,3.5,6.2,1.3,0.3,2.3,0.441,0.41,0.861,32.7,0.8654434250764526,9.0,7.3,1.2,0.7,0.5,1.3,0.485,0.364,0.798,28.5,0.6105263157894736,9.3,5.6,1.2,1.8,0.5,1.5,0.456,0.226,0.629,27.9,0.6057347670250897,7.7,4.2,1.0,0.8,0.3,1.1,0.475,0.413,0.786,25.4,0.5078740157480316,14.1,8.3,1.7,0.5,0.1,1.3,0.455,0.25,0.758,24.3,0.9629629629629629,8.0,3.2,1.8,0.8,0.5,0.6,0.387,0.365,0.721,24.0,0.5708333333333334,6.2,1.9,3.0,0.8,0.3,1.2,0.316,0.26,0.766,21.9,0.5022831050228311
2016-17,MIA,1610612748,0,Missed Playoffs,0.439,101.5,43.8,21.2,6.9,5.5,13.5,0.452,0.356,0.693,-1.0,25.0,32.0,103.3,104.3,-1.0,97.7,0.48166666666666663,0.625,10.9,5.2,3.7,1.4,0.3,1.8,0.356,0.2,0.617,34.7,0.5677233429394812,20.3,3.9,6.2,1.0,0.2,3.2,0.486,0.426,0.785,34.3,0.8279883381924199,16.8,14.1,0.7,0.8,2.1,2.1,0.561,0.0,0.568,32.9,0.9848024316109423,11.2,3.3,2.8,0.9,0.5,1.5,0.391,0.31,0.735,31.3,0.5495207667731629,15.9,3.6,4.3,0.9,0.5,2.2,0.422,0.387,0.667,30.9,0.7443365695792881,13.8,4.3,3.2,1.2,0.7,1.1,0.425,0.349,0.761,30.7,0.7198697068403909,12.2,4.9,3.3,0.9,1.1,2.3,0.487,0.351,0.71,26.6,0.7556390977443609,10.9,2.0,1.4,0.7,0.1,0.5,0.41,0.355,0.912,26.2,0.5572519083969466
2016-17,MIL,1610612749,1,First Round Exit,0.455,105.7,41.6,24.7,8.5,5.5,14.1,0.478,0.371,0.759,0.3,25.0,30.0,107.7,106.8,0.9,97.8,0.48166666666666663,0.5,23.4,8.7,5.5,1.8,2.0,3.0,0.524,0.275,0.792,35.4,1.0847457627118642,20.1,6.2,2.8,1.0,0.4,1.8,0.49,0.365,0.743,33.9,0.8466076696165192,8.2,3.3,1.2,0.5,0.2,0.6,0.458,0.401,0.757,28.5,0.4491228070175438,7.6,2.0,5.2,0.8,0.0,1.8,0.394,0.366,0.803,26.5,0.5207547169811321,9.4,2.7,4.2,1.2,0.1,1.6,0.438,0.417,0.851,25.6,0.625,11.5,5.9,1.2,0.8,1.0,0.9,0.472,0.253,0.606,24.8,0.7862903225806451,11.6,6.8,2.1,1.3,0.5,1.6,0.54,0.0,0.726,21.8,0.9495412844036697,7.0,5.1,1.1,0.5,1.3,1.0,0.512,0.0,0.707,20.2,0.6930693069306931
2016-17,MIN,1610612750,0,Missed Playoffs,0.386,104.8,42.4,23.4,7.7,4.5,14.2,0.464,0.35,0.791,-0.9,22.0,35.0,107.5,108.3,-0.8,97.0,0.5192,0.75,23.2,4.2,2.5,0.9,0.4,2.3,0.463,0.355,0.753,37.2,0.7768817204301073,18.9,3.4,3.0,0.9,0.2,1.8,0.459,0.387,0.836,37.2,0.6612903225806449,23.7,11.8,2.9,0.6,1.4,2.6,0.516,0.339,0.828,36.5,1.0356164383561643,8.9,3.8,8.4,1.8,0.1,2.4,0.386,0.281,0.872,32.1,0.6417445482866044,10.2,7.9,1.9,1.0,1.1,1.3,0.514,0.379,0.781,32.0,0.65,9.4,2.9,0.5,0.3,0.1,0.7,0.471,0.414,0.787,19.6,0.6377551020408164,3.8,1.7,0.7,0.6,0.5,0.5,0.366,0.4,0.7,18.0,0.37777777777777777,5.9,4.1,1.2,0.5,0.0,0.8,0.453,0.379,0.571,18.0,0.6055555555555555
2016-17,NOP,1610612740,0,Missed Playoffs,0.404,103.4,43.8,22.5,7.7,5.9,13.0,0.446,0.357,0.745,-3.1,23.0,34.0,102.3,104.6,-2.3,100.1,0.5192,0.5,27.7,11.9,2.2,1.2,2.5,2.6,0.504,0.306,0.801,36.4,1.1785714285714288,27.8,10.6,4.8,1.4,1.3,3.8,0.452,0.356,0.77,34.4,1.2238372093023255,16.3,4.0,7.5,1.6,0.6,3.1,0.469,0.393,0.69,32.3,0.8328173374613005,6.7,3.7,1.7,0.9,0.4,0.9,0.394,0.357,0.807,28.5,0.43859649122807015,6.2,4.1,0.7,0.5,0.5,0.5,0.435,0.388,0.571,25.1,0.4581673306772908,8.7,2.9,5.7,0.9,0.1,1.9,0.424,0.349,0.798,25.1,0.653386454183267,9.8,2.2,2.2,0.7,0.5,1.0,0.458,0.387,0.756,24.7,0.582995951417004,5.5,2.7,0.8,0.5,0.2,0.3,0.415,0.366,0.65,18.1,0.5193370165745855
2016-17,NYK,1610612752,0,Missed Playoffs,0.404,106.1,46.0,21.8,7.3,5.9,14.2,0.448,0.362,0.778,-3.1,23.0,34.0,105.2,108.7,-3.4,99.4,0.48166666666666663,0.375,23.4,6.0,2.9,0.9,0.5,2.0,0.443,0.378,0.824,34.0,0.9323529411764705,18.3,7.1,1.3,0.7,1.9,1.8,0.448,0.384,0.784,33.1,0.8308157099697884,17.7,3.9,4.5,0.7,0.4,2.5,0.462,0.241,0.865,32.2,0.7670807453416147,10.3,3.2,2.1,0.9,0.3,0.8,0.458,0.418,0.84,31.3,0.5111821086261981,5.0,8.8,2.2,0.7,0.8,1.3,0.49,0.0,0.436,22.1,0.7330316742081447,7.4,2.8,1.2,0.9,0.4,0.8,0.417,0.359,0.833,19.6,0.607142857142857,4.7,1.9,0.5,0.4,0.1,0.5,0.382,0.429,0.857,17.4,0.40804597701149425,6.6,5.9,1.0,0.4,0.5,1.2,0.543,0.273,0.729,15.7,0.8407643312101912
2016-17,OKC,1610612760,1,First Round Exit,0.561,105.9,46.2,21.0,7.8,5.2,15.1,0.449,0.321,0.745,-0.1,32.0,25.0,104.0,105.0,-1.0,100.7,0.5192,0.5,31.1,10.5,10.1,1.6,0.4,5.5,0.422,0.338,0.828,34.6,1.393063583815029,16.1,4.4,2.5,1.2,0.3,1.6,0.446,0.354,0.741,33.7,0.6795252225519287,12.2,7.9,1.1,1.1,1.1,2.0,0.574,0.0,0.674,30.8,0.694805194805195,6.6,5.1,1.0,1.2,1.0,0.7,0.436,0.24,0.43,30.6,0.4640522875816993,11.6,6.9,1.1,0.5,0.9,1.4,0.521,0.167,0.714,27.3,0.717948717948718,10.2,3.0,1.0,0.3,0.1,0.7,0.445,0.373,0.881,24.5,0.5673469387755102,6.1,3.8,1.1,0.5,0.4,1.1,0.403,0.315,0.697,21.7,0.49769585253456217,14.4,6.7,1.0,0.4,0.7,1.6,0.563,0.161,0.789,21.6,0.9999999999999999
2016-17,ORL,1610612753,0,Missed Playoffs,0.362,99.5,42.7,22.1,6.8,5.1,13.4,0.441,0.331,0.724,-6.6,21.0,37.0,100.5,107.2,-6.7,98.4,0.48166666666666663,0.5,16.8,3.2,3.4,1.0,0.1,2.3,0.435,0.343,0.82,33.1,0.6706948640483383,12.5,3.8,5.7,1.1,0.4,2.1,0.457,0.268,0.664,29.1,0.7353951890034364,13.9,10.1,2.8,0.9,1.0,1.7,0.475,0.28,0.616,28.5,0.9473684210526315,11.2,4.6,1.9,0.8,0.4,1.1,0.428,0.292,0.65,27.6,0.6449275362318839,6.1,7.3,1.0,0.3,1.3,1.2,0.535,0.0,0.494,23.3,0.6351931330472103,9.4,3.1,1.2,0.5,0.2,1.2,0.388,0.28,0.864,23.2,0.5689655172413793,10.4,2.6,0.8,1.0,0.4,0.6,0.441,0.375,0.82,22.3,0.6547085201793722,8.9,2.3,1.5,1.2,0.1,1.0,0.417,0.404,0.905,21.7,0.5990783410138248
2016-17,PHI,1610612755,0,Missed Playoffs,0.375,101.2,42.6,23.5,8.4,5.4,16.7,0.439,0.35,0.759,-5.6,21.0,35.0,99.7,105.6,-5.9,100.5,0.48166666666666663,0.5,11.7,6.2,1.6,1.9,0.9,1.9,0.383,0.327,0.791,31.1,0.6559485530546623,9.0,2.8,2.2,0.5,0.4,1.5,0.405,0.376,0.811,27.0,0.4962962962962963,20.2,7.8,2.1,0.9,2.5,3.8,0.466,0.367,0.783,25.4,1.1692913385826773,6.3,3.0,6.1,1.5,0.1,1.8,0.466,0.212,0.776,24.9,0.6104417670682731,10.8,5.9,1.8,0.6,0.3,1.9,0.397,0.327,0.784,24.4,0.7172131147540987,9.7,2.5,1.7,0.6,0.2,0.9,0.451,0.369,0.851,24.0,0.5749999999999998,11.0,4.0,4.3,0.0,0.0,3.0,0.344,0.4,0.9,23.8,0.6848739495798319,11.4,4.8,1.1,0.4,1.1,1.4,0.511,0.0,0.612,23.0,0.7565217391304349
2016-17,PHX,1610612756,0,Missed Playoffs,0.316,106.9,44.6,18.6,8.3,4.5,15.6,0.446,0.344,0.79,-5.5,18.0,39.0,104.0,109.0,-5.0,102.0,0.5192,0.75,21.1,2.8,3.2,0.9,0.3,2.9,0.425,0.367,0.827,34.5,0.7362318840579711,21.6,4.9,6.2,1.4,0.4,3.3,0.442,0.332,0.85,33.2,0.9397590361445782,12.8,3.9,1.0,1.2,0.4,0.8,0.457,0.247,0.784,29.0,0.6379310344827585,8.4,11.5,0.6,0.7,0.5,1.4,0.671,0.0,0.734,27.6,0.7355072463768115,11.0,2.2,2.4,0.5,0.1,1.6,0.398,0.324,0.857,21.1,0.6919431279620855,7.0,3.4,1.6,0.6,0.2,1.1,0.486,0.432,0.634,20.7,0.5652173913043478,7.5,6.4,0.6,0.4,1.3,1.3,0.5,0.25,0.731,19.7,0.7563451776649746,7.6,3.5,0.6,0.8,0.6,1.1,0.42,0.297,0.631,18.8,0.6382978723404255
2016-17,POR,1610612757,1,First Round Exit,0.411,107.3,43.3,21.8,6.9,4.9,13.8,0.453,0.36,0.783,-2.8,23.0,33.0,106.5,109.0,-2.5,99.6,0.5192,0.75,25.7,4.9,5.8,0.7,0.3,2.6,0.433,0.346,0.901,35.9,0.969359331476323,23.4,3.7,3.6,1.0,0.6,2.3,0.484,0.411,0.896,34.5,0.8695652173913042,8.3,7.4,2.1,1.0,0.6,1.5,0.367,0.307,0.746,29.1,0.6151202749140894,10.6,4.7,1.0,1.2,0.9,1.2,0.479,0.346,0.667,28.9,0.5951557093425606,10.4,2.8,1.3,0.6,0.2,0.9,0.459,0.43,0.865,28.5,0.5052631578947367,9.7,3.8,3.4,0.8,0.3,1.6,0.435,0.283,0.854,26.2,0.6259541984732824,8.1,5.8,1.3,0.6,0.8,1.8,0.515,0.0,0.504,18.0,0.8222222222222221,4.3,5.3,0.6,0.3,0.5,0.8,0.532,0.0,0.627,17.2,0.5930232558139534
2016-17,SAC,1610612758,0,Missed Playoffs,0.421,103.0,41.0,22.6,8.2,4.0,14.6,0.456,0.363,0.778,-2.7,24.0,33.0,104.8,108.6,-3.8,96.7,0.5192,0.25,18.7,6.3,2.8,1.5,0.9,2.5,0.455,0.372,0.855,33.8,0.819526627218935,13.7,2.1,4.2,1.1,0.1,1.7,0.48,0.418,0.856,30.9,0.6310679611650487,7.7,2.7,2.2,1.2,0.4,1.0,0.438,0.369,0.79,26.6,0.4962406015037594,7.8,1.9,1.2,0.4,0.1,0.7,0.429,0.39,0.884,25.6,0.41796874999999994,9.0,2.6,4.5,1.1,0.1,1.8,0.436,0.29,0.809,24.6,0.6300813008130083,7.2,3.8,1.0,0.6,0.2,0.8,0.449,0.389,0.792,23.2,0.5172413793103448,8.6,2.9,1.4,0.3,0.1,0.8,0.393,0.369,0.879,20.4,0.6127450980392157,8.6,2.2,1.2,0.7,0.1,0.5,0.374,0.377,0.769,20.4,0.6029411764705882
2016-17,SAS,1610612759,3,Conference Finals,0.768,106.7,43.8,23.8,8.1,5.8,13.2,0.475,0.4,0.808,8.4,43.0,13.0,110.0,101.0,9.0,96.8,0.5192,0.75,25.9,5.9,3.3,1.8,0.7,2.1,0.487,0.395,0.899,33.5,1.0597014925373132,17.5,7.3,2.1,0.6,1.1,1.5,0.479,0.421,0.815,32.3,0.8390092879256968,7.7,3.3,1.8,1.0,0.8,1.1,0.419,0.405,0.833,26.7,0.50561797752809,11.7,7.9,2.7,0.4,1.2,1.2,0.51,0.465,0.644,26.4,0.8598484848484849,10.6,1.9,4.8,0.5,0.0,1.3,0.472,0.356,0.776,26.1,0.632183908045977,9.7,1.8,3.3,0.8,0.0,1.3,0.452,0.434,0.857,21.3,0.6713615023474179,7.4,5.6,1.7,0.4,0.4,1.0,0.597,0.0,0.702,18.6,0.7795698924731183,7.7,2.3,2.5,1.1,0.3,1.3,0.382,0.406,0.821,18.4,0.6847826086956522
2016-17,TOR,1610612761,2,Second Round Exit,0.579,108.5,42.6,18.6,8.5,4.9,12.3,0.464,0.37,0.803,4.1,33.0,24.0,110.9,106.0,4.9,97.6,0.48166666666666663,0.75,22.8,4.7,6.9,1.4,0.3,2.8,0.463,0.417,0.826,37.7,0.8832891246684349,27.3,5.3,3.7,1.1,0.2,2.3,0.464,0.253,0.845,35.5,0.9943661971830989,15.1,6.8,1.1,0.6,1.6,1.2,0.488,0.388,0.846,30.5,0.7868852459016394,7.0,6.0,1.3,1.5,0.2,0.9,0.415,0.338,0.792,28.5,0.5298245614035088,7.2,5.5,1.4,0.7,0.4,0.7,0.385,0.363,0.659,27.3,0.5311355311355311,9.7,4.0,1.0,1.2,0.4,0.8,0.412,0.352,0.77,27.3,0.5677655677655676,12.4,9.8,0.7,0.5,0.7,1.4,0.538,0.0,0.852,26.9,0.8438661710037176,8.5,2.7,2.7,0.7,0.1,1.0,0.443,0.394,0.791,22.6,0.6061946902654866
2016-17,UTA,1610612762,2,Second Round Exit,0.614,100.2,43.0,19.5,6.8,4.8,13.5,0.464,0.363,0.754,4.5,35.0,22.0,107.2,101.6,5.6,93.5,0.5192,0.75,22.2,5.6,3.5,1.0,0.3,1.9,0.465,0.385,0.87,34.6,0.8872832369942195,12.9,12.6,1.0,0.7,2.5,1.8,0.639,0.0,0.662,33.5,0.8328358208955223,17.5,3.5,4.0,1.0,0.3,1.5,0.475,0.394,0.791,31.6,0.7848101265822784,13.7,3.6,1.9,0.6,0.2,1.2,0.42,0.364,0.753,28.6,0.6573426573426573,9.2,6.1,1.1,0.9,0.8,1.2,0.469,0.25,0.635,23.5,0.7191489361702127,8.5,3.0,1.7,0.4,0.2,0.9,0.441,0.412,0.804,22.5,0.5733333333333333,6.6,2.8,2.3,1.2,0.1,1.1,0.471,0.439,0.809,22.0,0.5409090909090909,7.3,2.1,2.8,0.8,0.0,1.8,0.44,0.316,0.66,21.4,0.5233644859813084
2016-17,WAS,1610612764,2,Second Round Exit,0.618,108.1,43.2,23.6,8.4,4.1,14.3,0.477,0.376,0.783,2.8,34.0,21.0,108.2,105.0,3.2,99.1,0.48166666666666663,0.75,22.8,4.4,10.6,2.1,0.6,4.2,0.452,0.313,0.812,36.6,0.9918032786885247,11.9,11.4,1.6,0.6,0.9,1.5,0.596,0.0,0.682,34.5,0.7217391304347827,22.2,2.9,3.7,1.0,0.2,2.0,0.473,0.402,0.811,34.4,0.8139534883720929,14.6,6.7,1.6,1.5,0.6,0.7,0.534,0.466,0.795,33.9,0.7168141592920355,14.9,6.8,1.8,1.2,0.6,1.9,0.455,0.367,0.816,32.1,0.7289719626168225,14.2,3.6,1.6,0.4,0.1,1.7,0.44,0.357,0.874,27.0,0.6740740740740742,8.7,2.6,5.0,1.0,0.1,1.9,0.386,0.342,0.754,25.0,0.6199999999999999,6.2,3.4,0.6,0.8,0.2,0.6,0.416,0.296,0.75,20.7,0.5120772946859904
2017-18,ATL,1610612737,0,Missed Playoffs,0.305,103.7,40.9,23.9,7.9,4.3,15.2,0.45,0.366,0.796,-4.1,18.0,41.0,103.9,108.0,-4.1,99.6,0.49139999999999995,0.625,19.5,3.1,6.3,1.1,0.1,2.6,0.436,0.287,0.87,31.3,0.878594249201278,12.2,4.7,2.3,0.9,0.5,2.2,0.416,0.368,0.817,29.9,0.6153846153846154,13.0,4.0,3.6,1.6,0.7,2.4,0.414,0.398,0.798,27.9,0.7347670250896059,10.1,7.5,1.4,0.5,0.7,1.3,0.557,0.385,0.782,23.5,0.8042553191489361,10.2,7.0,1.0,0.6,1.2,1.3,0.58,0.316,0.737,22.3,0.8385650224215246,6.2,1.9,3.0,0.6,0.1,1.3,0.382,0.359,0.795,19.1,0.5497382198952878,4.8,2.5,1.5,0.7,0.5,1.8,0.385,0.304,0.667,16.9,0.48520710059171596,4.4,3.8,0.9,0.3,0.6,1.2,0.617,0.0,0.462,16.8,0.5238095238095238
2017-18,BOS,1610612738,3,Conference Finals,0.678,103.1,44.3,22.0,7.1,4.7,13.9,0.446,0.37,0.767,3.5,40.0,19.0,104.4,100.9,3.6,98.2,0.49139999999999995,0.5,24.7,3.6,5.0,1.1,0.3,2.3,0.486,0.397,0.888,32.8,0.9878048780487805,13.3,7.7,5.1,0.6,1.1,2.0,0.508,0.436,0.735,32.2,0.8012422360248448,14.0,5.4,1.6,1.0,0.4,1.7,0.456,0.378,0.588,31.6,0.6550632911392404,13.5,5.1,1.4,0.9,0.8,1.3,0.475,0.427,0.824,31.1,0.6559485530546623,10.1,3.5,4.7,1.3,0.5,2.5,0.357,0.299,0.736,30.3,0.5808580858085809,12.2,5.4,1.3,0.5,0.3,1.2,0.416,0.37,0.811,24.7,0.7489878542510123,10.1,4.5,2.4,1.0,0.2,0.9,0.393,0.374,0.789,24.2,0.7148760330578513,9.6,7.1,2.0,0.7,0.3,1.7,0.586,0.0,0.672,20.6,0.8737864077669902
2017-18,BKN,1610612751,0,Missed Playoffs,0.322,105.4,45.2,22.6,6.1,4.1,15.4,0.436,0.346,0.77,-4.3,19.0,40.0,103.1,107.9,-4.8,101.0,0.49139999999999995,0.625,13.3,6.6,2.0,0.9,0.4,1.5,0.405,0.358,0.773,29.8,0.7281879194630871,12.5,4.4,1.6,0.6,0.4,1.2,0.397,0.363,0.84,29.5,0.6203389830508474,13.6,3.3,6.7,0.8,0.3,1.6,0.388,0.338,0.821,29.0,0.796551724137931,14.3,6.5,2.3,0.8,0.7,1.7,0.472,0.279,0.794,28.3,0.8091872791519436,11.6,3.8,4.0,1.1,0.3,2.4,0.428,0.335,0.693,26.1,0.7049808429118775,18.0,0.0,4.0,0.0,0.0,3.0,0.417,0.5,1.0,25.2,0.753968253968254,10.5,3.4,1.5,0.5,0.2,1.0,0.473,0.398,0.8,25.2,0.5992063492063493,15.7,3.7,4.6,0.7,0.2,3.3,0.424,0.276,0.723,23.9,0.903765690376569
2017-18,CHA,1610612766,0,Missed Playoffs,0.421,106.0,45.6,20.9,7.0,4.6,12.8,0.442,0.362,0.736,-0.6,24.0,33.0,104.9,105.8,-0.9,100.4,0.49139999999999995,0.875,22.9,3.4,5.8,1.2,0.3,2.2,0.423,0.379,0.852,35.1,0.8945868945868944,12.0,4.3,4.7,1.0,0.3,2.0,0.413,0.325,0.795,31.6,0.6424050632911392,15.8,12.6,1.4,0.7,1.6,2.8,0.541,0.0,0.553,31.0,0.9451612903225804,9.7,4.4,1.1,0.8,0.5,0.6,0.506,0.0,0.681,26.2,0.6068702290076337,9.4,4.8,1.1,0.7,0.4,0.8,0.47,0.426,0.87,26.1,0.5977011494252873,13.5,4.4,2.2,0.8,0.4,1.2,0.448,0.35,0.855,24.9,0.8072289156626505,10.5,3.6,1.6,0.5,0.3,0.8,0.412,0.335,0.773,23.1,0.6796536796536796,7.0,5.6,1.0,0.5,0.8,1.2,0.508,1.0,0.716,19.1,0.7172774869109948
2017-18,CHI,1610612741,0,Missed Playoffs,0.351,103.3,44.7,23.5,7.1,3.7,13.6,0.438,0.356,0.77,-5.9,20.0,37.0,101.8,108.2,-6.4,100.0,0.49139999999999995,0.375,13.2,4.5,2.3,1.1,0.5,1.3,0.379,0.374,0.819,34.1,0.5953079178885631,15.3,7.7,1.3,0.5,0.6,1.2,0.43,0.354,0.863,30.2,0.8013245033112584,13.5,4.6,6.3,2.0,0.4,2.9,0.431,0.317,0.72,29.4,0.8129251700680273,9.8,5.4,3.1,0.7,0.1,1.2,0.412,0.37,0.816,27.7,0.6462093862815885,12.3,4.7,2.0,0.2,0.8,1.8,0.527,0.25,0.761,27.7,0.6570397111913358,16.9,4.5,2.6,1.1,0.1,1.5,0.399,0.371,0.83,25.4,0.9330708661417324,8.5,2.6,5.0,0.8,0.1,1.3,0.428,0.343,0.75,23.6,0.6652542372881357,6.8,4.2,1.2,0.7,0.5,0.8,0.517,0.263,0.625,21.5,0.5860465116279069
2017-18,CLE,1610612739,4,Finals Loss,0.607,110.2,41.7,23.6,7.0,3.8,14.2,0.475,0.37,0.789,0.2,34.0,22.0,110.1,109.8,0.3,99.8,0.49139999999999995,0.375,26.5,8.1,8.9,1.5,1.0,4.4,0.544,0.362,0.737,37.0,1.1243243243243244,8.5,3.1,2.0,0.9,0.1,0.9,0.399,0.376,0.667,29.7,0.4612794612794613,17.9,9.4,1.6,0.7,0.4,1.5,0.463,0.404,0.883,28.0,1.0178571428571428,16.7,2.8,1.6,0.8,0.2,1.6,0.428,0.395,0.876,27.5,0.7454545454545455,10.2,2.7,2.8,0.9,0.3,1.4,0.466,0.449,0.786,26.4,0.587121212121212,14.6,3.0,3.2,0.7,0.1,1.7,0.453,0.332,0.791,23.7,0.839662447257384,10.7,3.4,1.3,0.5,0.4,0.9,0.489,0.32,0.868,22.4,0.6875000000000001,8.6,6.8,1.4,1.4,0.5,0.9,0.593,0.2,0.628,22.0,0.809090909090909
2017-18,DAL,1610612742,0,Missed Playoffs,0.31,102.1,40.6,22.5,7.1,3.8,12.3,0.446,0.361,0.767,-2.4,18.0,40.0,104.5,107.4,-2.9,97.1,0.5086666666666667,0.75,18.3,6.6,1.9,0.7,0.2,1.5,0.449,0.35,0.826,34.4,0.7616279069767441,12.9,3.2,2.8,1.2,0.2,1.4,0.409,0.382,0.825,34.1,0.5542521994134898,14.8,3.9,4.9,1.0,0.2,2.8,0.394,0.317,0.681,29.3,0.7508532423208191,10.2,3.3,2.2,0.7,0.1,1.1,0.429,0.391,0.805,29.0,0.5310344827586208,12.3,5.7,1.6,0.6,0.5,0.6,0.462,0.429,0.901,25.1,0.800796812749004,11.3,3.0,6.2,0.5,0.1,2.0,0.423,0.354,0.783,23.2,0.8232758620689656,7.2,2.5,1.0,0.2,0.2,0.6,0.458,0.379,0.75,21.5,0.48837209302325574,7.9,5.2,0.9,0.8,0.4,0.7,0.601,0.269,0.72,19.8,0.7323232323232325
2017-18,DEN,1610612743,0,Missed Playoffs,0.552,107.9,44.4,24.4,7.8,4.6,15.2,0.466,0.366,0.762,1.0,32.0,26.0,108.2,107.8,0.4,98.8,0.5086666666666667,0.75,17.5,2.7,3.1,1.8,0.2,1.9,0.484,0.398,0.829,34.9,0.6704871060171921,14.7,4.8,4.1,1.1,0.6,1.8,0.443,0.367,0.779,32.4,0.7253086419753088,16.9,10.6,5.9,1.2,0.8,2.7,0.485,0.363,0.85,31.5,1.038095238095238,9.3,5.1,2.0,0.5,0.5,1.3,0.428,0.329,0.819,30.6,0.5261437908496731,16.5,3.5,2.9,0.9,0.3,2.1,0.462,0.386,0.914,30.3,0.726072607260726,15.3,6.2,3.1,1.1,1.3,2.1,0.446,0.345,0.692,29.7,0.8383838383838385,7.4,6.0,2.0,0.7,1.2,1.5,0.581,0.0,0.424,20.9,0.7559808612440192,11.1,5.2,1.2,0.5,0.5,0.9,0.499,0.4,0.712,20.8,0.8461538461538461
2017-18,DET,1610612765,0,Missed Playoffs,0.491,103.4,42.9,22.8,7.6,3.8,13.6,0.45,0.375,0.751,-0.1,28.0,29.0,104.6,105.0,-0.4,98.5,0.49139999999999995,0.625,22.2,8.0,5.6,0.8,0.3,2.9,0.434,0.332,0.791,34.4,0.9883720930232557,15.1,15.7,3.6,1.6,1.6,2.7,0.535,0.0,0.625,33.4,1.0449101796407185,8.7,3.7,1.6,1.2,0.2,1.0,0.378,0.292,0.792,28.0,0.5142857142857141,14.6,2.8,5.5,0.6,0.1,2.5,0.446,0.339,0.84,27.1,0.7785977859778598,9.6,2.3,1.2,0.8,0.2,0.6,0.508,0.452,0.733,26.1,0.5172413793103448,10.7,2.8,4.5,0.7,0.2,1.3,0.472,0.256,0.723,24.4,0.721311475409836,7.1,3.4,1.1,0.7,0.3,0.8,0.492,0.356,0.867,23.1,0.5108225108225107,8.1,2.8,1.2,0.3,0.3,0.8,0.444,0.411,0.805,21.3,0.5586854460093896
2017-18,GSW,1610612744,5,Champion,0.759,115.8,44.3,30.5,8.1,7.9,15.9,0.51,0.393,0.811,8.1,44.0,14.0,113.7,103.7,10.0,102.5,0.5086666666666667,0.875,26.0,6.8,5.5,0.8,1.9,3.1,0.523,0.421,0.886,34.5,1.0985507246376809,20.0,3.9,2.5,0.7,0.6,1.8,0.494,0.455,0.863,34.1,0.7595307917888562,26.6,5.2,6.5,1.6,0.1,3.1,0.49,0.413,0.915,32.9,1.121580547112462,11.4,8.0,7.3,1.3,1.5,2.8,0.446,0.299,0.772,32.7,0.8165137614678898,5.4,3.8,3.3,0.8,0.6,1.0,0.436,0.229,0.632,25.5,0.5058823529411764,3.7,1.4,1.4,0.7,0.2,0.6,0.443,0.25,0.72,15.6,0.43589743589743596,5.3,1.7,1.9,0.4,0.3,0.8,0.498,0.0,0.8,15.5,0.567741935483871,6.1,4.0,1.0,0.4,0.4,0.8,0.584,0.5,0.77,14.8,0.7499999999999999
2017-18,HOU,1610612745,3,Conference Finals,0.772,114.1,43.6,21.9,8.6,4.7,13.9,0.462,0.366,0.787,8.7,44.0,13.0,113.3,104.7,8.6,100.4,0.5086666666666667,0.625,31.3,5.1,9.0,1.8,0.7,4.2,0.448,0.384,0.865,35.8,1.2206703910614525,12.1,4.7,1.6,1.5,0.2,0.9,0.424,0.383,0.883,35.0,0.5485714285714286,18.5,2.3,2.4,0.6,0.4,2.0,0.418,0.334,0.819,31.9,0.6959247648902821,19.2,5.7,8.3,1.8,0.3,2.3,0.47,0.397,0.907,31.9,1.0344827586206897,5.5,5.7,0.8,1.0,0.2,0.8,0.385,0.356,0.795,27.8,0.44604316546762585,10.1,5.3,1.0,0.4,0.3,0.7,0.434,0.387,0.79,27.8,0.5899280575539567,14.4,11.1,1.0,0.8,1.8,1.5,0.654,0.0,0.582,27.2,1.0147058823529413,7.5,3.3,1.0,1.2,0.5,1.2,0.466,0.358,0.702,27.1,0.45387453874538747
2017-18,IND,1610612754,1,First Round Exit,0.569,106.8,41.9,22.4,8.3,4.3,13.2,0.48,0.373,0.772,1.3,33.0,25.0,108.5,106.3,2.1,98.5,0.49139999999999995,0.375,24.4,5.3,4.1,2.1,0.8,2.8,0.484,0.381,0.81,34.6,0.9797687861271676,12.1,6.0,2.1,1.5,0.4,1.3,0.497,0.35,0.576,32.7,0.636085626911315,13.7,3.2,1.4,0.8,0.1,1.2,0.47,0.386,0.847,30.6,0.5882352941176471,12.8,2.7,5.3,1.4,0.3,1.3,0.495,0.432,0.897,30.3,0.6996699669966996,13.5,6.6,1.4,0.5,2.1,1.5,0.488,0.356,0.764,28.3,0.7985865724381626,7.7,3.0,3.2,0.9,0.2,1.0,0.427,0.361,0.739,26.2,0.5343511450381679,12.1,8.2,2.2,0.5,0.5,2.0,0.525,0.333,0.732,25.3,0.8498023715415018,9.2,5.4,3.0,0.6,0.2,1.7,0.436,0.325,0.663,23.3,0.7167381974248928
2017-18,LAC,1610612746,0,Missed Playoffs,0.536,108.0,43.8,22.1,7.8,4.8,14.8,0.465,0.353,0.757,0.9,30.0,26.0,107.1,106.0,1.1,100.7,0.5086666666666667,0.25,15.5,2.2,3.7,1.2,0.3,1.8,0.422,0.394,0.652,32.9,0.6413373860182371,18.0,5.3,2.0,0.8,0.3,1.1,0.45,0.402,0.824,32.9,0.7689969604863223,23.2,2.5,5.3,1.1,0.2,2.9,0.44,0.378,0.895,32.4,0.9074074074074077,16.0,5.0,2.1,0.7,0.3,1.2,0.412,0.324,0.972,32.3,0.7089783281733747,11.8,15.0,1.4,0.5,1.0,1.7,0.652,0.0,0.594,32.2,0.8695652173913043,14.3,2.5,2.0,1.1,0.2,2.2,0.414,0.369,0.768,31.2,0.5737179487179488,12.2,4.1,2.9,1.7,0.5,2.3,0.403,0.4,0.824,30.3,0.6303630363036301,9.6,3.2,2.3,0.8,0.4,1.3,0.456,0.333,0.778,27.4,0.5474452554744526
2017-18,LAL,1610612747,0,Missed Playoffs,0.404,107.3,46.2,23.5,8.1,4.8,16.0,0.459,0.333,0.696,-2.9,23.0,34.0,102.8,105.6,-2.8,103.0,0.5086666666666667,0.25,10.2,7.1,7.1,1.5,0.9,2.7,0.356,0.303,0.48,33.9,0.7109144542772861,16.2,5.2,3.7,0.8,0.7,2.5,0.462,0.38,0.683,33.8,0.7130177514792899,13.0,4.9,2.2,1.6,0.2,1.2,0.416,0.361,0.754,32.7,0.6330275229357797,15.7,5.9,1.8,0.6,0.4,1.7,0.45,0.358,0.699,29.5,0.7694915254237289,14.1,1.9,4.5,0.6,0.2,3.0,0.365,0.26,0.878,25.9,0.7065637065637066,14.7,7.4,2.3,0.5,0.6,2.5,0.559,0.225,0.697,24.5,0.9387755102040818,11.8,3.8,1.5,0.4,1.3,1.5,0.436,0.333,0.705,21.4,0.8084112149532711,6.3,3.6,1.1,0.7,0.2,0.6,0.468,0.397,0.655,21.0,0.5380952380952381
2017-18,MEM,1610612763,0,Missed Playoffs,0.321,99.2,40.6,21.1,7.3,5.1,14.7,0.445,0.348,0.798,-3.7,18.0,38.0,102.7,106.9,-4.1,96.2,0.5086666666666667,0.625,17.7,8.4,4.0,0.7,1.5,2.7,0.414,0.326,0.841,33.9,0.8731563421828908,17.1,2.3,4.1,1.0,0.3,1.5,0.381,0.312,0.803,31.1,0.7491961414790996,19.5,5.1,5.0,1.0,0.3,2.1,0.455,0.395,0.795,31.0,0.9290322580645162,9.0,3.1,1.3,0.8,0.3,1.3,0.452,0.374,0.72,28.1,0.46975088967971534,9.9,7.5,1.3,0.6,0.3,1.3,0.459,0.333,0.743,26.4,0.6931818181818182,8.8,2.2,2.8,0.7,0.5,1.5,0.424,0.357,0.815,22.5,0.6,7.7,2.6,3.1,1.2,0.2,1.7,0.375,0.269,0.846,22.4,0.5848214285714286,8.6,2.8,2.0,0.5,0.3,1.1,0.486,0.417,0.6,20.6,0.6359223300970873
2017-18,MIA,1610612748,1,First Round Exit,0.517,100.5,42.6,21.8,7.0,5.2,14.9,0.452,0.359,0.756,-0.9,30.0,28.0,103.1,104.4,-1.3,97.0,0.49139999999999995,0.875,13.2,3.3,2.9,1.3,0.9,1.9,0.454,0.385,0.821,34.1,0.5777126099706744,17.4,4.0,4.7,0.8,0.2,2.3,0.44,0.36,0.765,31.8,0.7798742138364779,14.3,2.6,3.8,0.8,0.3,2.3,0.398,0.306,0.739,30.6,0.6372549019607844,11.5,3.6,2.3,0.9,0.5,1.2,0.417,0.352,0.827,29.3,0.6006825938566552,10.5,4.9,3.9,0.9,0.6,2.1,0.486,0.309,0.695,26.6,0.7030075187969924,11.2,3.0,1.0,0.6,0.1,0.6,0.406,0.387,0.842,26.6,0.5751879699248119,14.2,11.9,0.8,0.7,1.7,1.7,0.55,1.0,0.727,25.7,1.0739299610894943,11.0,5.5,2.3,0.8,0.4,2.0,0.495,0.368,0.754,23.4,0.7692307692307693
2017-18,MIL,1610612749,1,First Round Exit,0.561,104.6,39.3,22.5,8.4,5.3,13.7,0.478,0.349,0.772,0.0,32.0,25.0,107.3,106.1,1.3,97.7,0.49139999999999995,0.875,27.8,10.4,4.8,1.4,1.3,2.8,0.54,0.29,0.753,37.0,1.1594594594594594,20.0,5.3,4.1,1.3,0.2,2.3,0.463,0.346,0.862,36.7,0.7792915531335148,17.2,3.6,4.5,2.1,0.6,2.9,0.453,0.321,0.784,30.8,0.8149350649350651,13.3,3.3,3.2,0.9,0.3,1.4,0.487,0.378,0.882,30.5,0.6426229508196721,7.4,2.1,1.2,0.6,0.4,0.4,0.442,0.411,0.775,29.1,0.3883161512027491,8.9,6.9,1.4,0.5,1.4,1.2,0.587,0.0,0.597,25.3,0.7075098814229248,4.4,1.7,3.8,0.4,0.0,1.3,0.369,0.377,0.92,19.0,0.47368421052631576,5.0,3.4,0.6,0.5,0.8,0.6,0.421,0.309,0.681,18.1,0.5359116022099447
2017-18,MIN,1610612750,1,First Round Exit,0.59,109.7,41.7,22.9,8.7,4.3,12.5,0.48,0.356,0.802,2.9,36.0,25.0,111.3,108.3,3.0,97.9,0.5086666666666667,0.375,22.4,5.5,5.0,1.9,0.4,1.9,0.476,0.358,0.865,37.3,0.8927613941018767,17.5,4.2,1.7,1.1,0.6,1.7,0.438,0.315,0.634,36.1,0.6481994459833795,20.2,12.1,2.4,0.8,1.5,1.9,0.546,0.421,0.858,35.1,0.9999999999999998,12.4,7.3,1.3,0.8,0.8,1.0,0.575,0.226,0.78,33.6,0.6428571428571429,13.1,2.9,7.1,1.4,0.4,2.7,0.444,0.379,0.814,33.1,0.6706948640483383,9.8,1.8,1.6,0.2,0.3,1.8,0.439,0.25,0.854,19.2,0.6197916666666667,10.1,1.1,2.3,0.5,0.1,1.1,0.426,0.341,0.898,19.0,0.6842105263157895,4.9,1.8,2.7,1.2,0.0,0.7,0.459,0.356,0.887,18.1,0.5469613259668508
2017-18,NOP,1610612740,2,Second Round Exit,0.544,111.3,43.5,26.4,7.8,5.4,15.4,0.483,0.365,0.76,0.2,31.0,26.0,107.7,106.7,1.0,102.1,0.5086666666666667,0.5,18.6,4.3,5.5,1.5,0.7,2.5,0.488,0.325,0.787,36.7,0.7656675749318801,27.4,10.7,2.4,1.3,2.1,2.1,0.541,0.367,0.82,36.4,1.148351648351648,25.2,12.9,5.4,1.6,1.6,5.0,0.47,0.354,0.746,36.2,1.1519337016574585,12.5,2.7,2.2,1.0,0.1,1.3,0.512,0.433,0.694,31.8,0.5408805031446541,16.5,6.9,1.6,0.8,0.7,1.3,0.458,0.402,0.806,26.6,0.9473684210526315,7.5,3.6,7.3,0.9,0.2,2.1,0.462,0.347,0.476,24.6,0.7073170731707314,8.2,2.0,1.3,0.3,0.2,0.7,0.459,0.43,0.88,23.2,0.48706896551724144,9.3,2.5,3.5,0.8,0.2,1.4,0.383,0.265,0.762,19.1,0.7801047120418848
2017-18,NYK,1610612752,0,Missed Playoffs,0.39,103.7,44.2,22.8,6.7,5.3,15.3,0.463,0.355,0.793,-2.4,23.0,36.0,103.7,106.7,-3.0,98.9,0.49139999999999995,0.25,13.1,3.3,2.7,1.2,0.2,1.3,0.447,0.405,0.938,32.6,0.5889570552147237,16.7,4.1,2.8,1.2,0.2,1.6,0.41,0.317,0.78,32.6,0.7177914110429446,22.7,6.6,1.2,0.8,2.4,1.9,0.439,0.395,0.793,32.4,0.9814814814814814,14.4,10.7,1.6,0.5,0.5,1.9,0.604,0.0,0.871,26.1,0.9885057471264369,7.6,3.1,5.8,0.6,0.1,1.9,0.424,0.296,0.829,25.9,0.5907335907335909,12.9,5.4,1.4,0.5,0.6,1.9,0.503,0.385,0.776,20.7,0.9130434782608697,5.2,2.0,3.2,0.9,0.2,1.9,0.353,0.337,0.694,20.1,0.4776119402985074,8.6,2.3,3.0,0.5,0.1,1.8,0.398,0.345,0.787,18.2,0.6978021978021977
2017-18,OKC,1610612760,1,First Round Exit,0.559,106.6,44.8,21.1,9.2,5.0,14.0,0.454,0.351,0.707,3.4,33.0,26.0,107.2,104.1,3.1,98.6,0.5086666666666667,0.625,22.5,5.4,3.1,2.2,0.5,2.7,0.448,0.432,0.804,36.5,0.8493150684931507,25.4,9.4,10.4,1.9,0.2,4.6,0.444,0.296,0.726,36.2,1.1795580110497235,13.9,9.1,0.9,1.2,1.0,1.6,0.626,0.0,0.582,32.4,0.7561728395061728,17.1,5.9,1.4,0.6,0.7,1.3,0.412,0.348,0.774,32.3,0.7554179566563468,5.0,4.7,1.2,1.2,0.9,0.8,0.537,0.222,0.316,26.6,0.45864661654135325,7.9,4.1,0.8,0.4,0.9,0.7,0.512,0.256,0.65,20.7,0.6473429951690822,6.9,2.1,2.7,0.6,0.2,0.9,0.409,0.346,0.8,17.3,0.6705202312138727,4.8,1.7,0.4,0.5,0.1,0.4,0.386,0.372,0.865,16.0,0.44375
2017-18,ORL,1610612753,0,Missed Playoffs,0.316,105.5,41.5,23.3,7.4,4.8,14.7,0.46,0.355,0.763,-4.2,18.0,39.0,104.6,108.6,-4.0,100.8,0.49139999999999995,0.875,18.4,8.3,2.2,0.9,0.7,1.9,0.447,0.346,0.718,34.0,0.8411764705882352,17.9,3.1,2.9,0.9,0.3,1.8,0.461,0.384,0.872,32.3,0.7213622291021672,17.4,9.3,3.3,1.0,1.1,1.9,0.491,0.343,0.821,29.9,1.0100334448160537,13.8,3.4,2.3,0.8,0.3,2.1,0.466,0.327,0.774,28.9,0.6401384083044983,9.0,3.2,1.6,1.2,0.4,1.1,0.407,0.329,0.743,26.2,0.5458015267175572,8.9,1.8,3.2,0.8,0.0,1.4,0.426,0.398,0.857,21.0,0.6333333333333334,8.8,3.5,1.1,0.9,0.3,1.0,0.469,0.35,0.804,19.7,0.6903553299492386,5.9,6.0,0.7,0.3,1.3,1.1,0.529,0.0,0.687,19.4,0.675257731958763
2017-18,PHI,1610612755,2,Second Round Exit,0.545,107.5,47.0,25.6,8.3,5.0,17.5,0.466,0.362,0.763,2.0,30.0,25.0,105.4,102.6,2.8,101.6,0.49139999999999995,0.625,16.4,7.8,7.3,1.9,0.9,3.7,0.527,0.0,0.565,34.9,0.8767908309455588,12.8,5.6,1.9,1.6,0.7,1.9,0.406,0.369,0.847,32.3,0.6408668730650156,16.9,2.8,3.3,0.6,0.1,1.5,0.444,0.403,0.94,31.9,0.6959247648902822,23.7,11.1,3.1,0.6,1.8,4.0,0.487,0.297,0.785,31.4,1.1560509554140126,14.7,6.9,2.7,0.7,0.3,2.0,0.45,0.387,0.899,30.8,0.7564935064935066,10.9,5.5,1.1,1.0,0.4,0.9,0.459,0.359,0.8,25.6,0.703125,7.3,3.4,4.6,1.3,0.2,1.8,0.511,0.511,0.833,24.5,0.6122448979591836,7.9,2.1,1.4,0.6,0.2,1.2,0.416,0.37,0.795,23.7,0.4641350210970464
2017-18,PHX,1610612756,0,Missed Playoffs,0.305,103.9,43.9,20.9,6.7,4.4,15.6,0.44,0.332,0.754,-8.9,18.0,41.0,101.5,110.6,-9.1,102.0,0.5086666666666667,0.625,24.2,4.4,4.8,0.9,0.3,3.5,0.43,0.383,0.888,34.1,0.9120234604105569,19.3,5.1,1.4,1.0,0.6,1.3,0.5,0.203,0.746,32.4,0.8055555555555556,13.5,4.2,6.4,1.4,0.4,2.7,0.524,0.384,0.651,29.0,0.7999999999999999,6.5,9.5,1.1,0.3,0.6,1.3,0.624,0.0,0.625,25.4,0.6574803149606301,11.2,4.1,1.2,0.8,0.4,1.7,0.406,0.267,0.604,23.5,0.6808510638297872,6.2,3.7,1.3,0.3,0.6,1.3,0.391,0.379,0.75,23.3,0.46351931330472107,6.8,1.6,3.9,1.0,0.1,1.6,0.376,0.257,0.806,22.5,0.5244444444444445,8.6,2.3,3.8,0.8,0.1,1.5,0.38,0.333,0.902,21.1,0.6682464454976302
2017-18,POR,1610612757,1,First Round Exit,0.552,105.0,44.9,19.1,6.9,5.1,14.0,0.454,0.379,0.803,1.1,32.0,26.0,105.5,105.0,0.5,98.7,0.5086666666666667,1.0,26.1,4.5,6.6,1.0,0.4,3.1,0.447,0.37,0.924,36.5,0.9726027397260274,21.7,3.9,3.2,1.0,0.4,1.9,0.45,0.421,0.859,36.1,0.78393351800554,9.5,7.4,1.1,1.0,0.6,1.0,0.405,0.394,0.75,30.0,0.62,14.1,8.2,1.8,0.8,1.3,2.4,0.48,0.0,0.665,26.5,0.8981132075471698,8.2,3.4,2.1,0.6,0.3,1.4,0.448,0.309,0.84,26.1,0.5057471264367815,9.3,2.3,2.2,1.2,0.2,1.3,0.451,0.403,0.832,21.3,0.652582159624413,5.6,2.7,0.7,0.7,0.7,0.8,0.462,0.365,0.676,20.5,0.4682926829268292,6.3,2.0,1.3,0.2,0.3,0.6,0.444,0.37,0.854,19.5,0.4871794871794873
2017-18,SAC,1610612758,0,Missed Playoffs,0.316,98.7,40.3,21.2,8.3,4.0,14.3,0.453,0.382,0.723,-8.0,18.0,39.0,100.9,109.9,-9.0,97.3,0.5086666666666667,0.375,11.5,2.7,3.2,1.0,0.2,1.6,0.464,0.4,0.84,27.4,0.6204379562043795,12.3,6.7,2.2,1.1,0.9,1.5,0.498,0.2,0.608,27.4,0.791970802919708,11.3,2.6,4.3,1.0,0.2,2.4,0.41,0.326,0.734,27.2,0.625,14.6,7.0,2.1,0.8,0.2,2.1,0.484,0.351,0.793,25.6,0.8828125,8.4,2.4,2.0,0.9,0.4,1.3,0.41,0.371,0.731,24.9,0.5140562248995985,12.5,3.4,1.5,0.9,0.2,1.4,0.437,0.425,0.873,23.7,0.7215189873417721,4.4,2.9,1.2,0.6,0.3,1.1,0.379,0.269,0.733,19.7,0.42131979695431476,6.1,2.4,0.9,0.4,0.2,0.6,0.433,0.305,0.652,19.5,0.48205128205128206
2017-18,SAS,1610612759,1,First Round Exit,0.593,101.6,44.4,22.8,7.3,5.5,13.7,0.458,0.357,0.775,3.1,35.0,24.0,105.1,101.9,3.2,96.7,0.5086666666666667,0.875,22.4,8.4,2.0,0.5,1.2,1.5,0.501,0.329,0.835,33.9,0.9734513274336284,8.2,5.7,2.7,1.4,0.8,1.4,0.516,0.306,0.76,27.4,0.635036496350365,8.8,3.6,1.8,1.0,1.1,1.1,0.404,0.375,0.771,26.3,0.5779467680608366,10.7,8.4,3.3,0.3,1.0,1.5,0.462,0.396,0.781,24.8,0.8951612903225807,9.4,1.8,2.6,0.7,0.1,1.3,0.42,0.386,0.868,23.8,0.5588235294117646,16.2,4.7,2.3,2.0,1.0,1.8,0.468,0.314,0.816,23.3,1.0472103004291844,11.5,5.2,1.5,0.8,0.6,1.6,0.476,0.333,0.785,22.7,0.7929515418502203,8.5,2.1,3.9,0.6,0.0,1.3,0.47,0.238,0.653,20.7,0.6666666666666666
2017-18,TOR,1610612761,2,Second Round Exit,0.719,111.9,43.6,23.5,8.2,6.0,13.2,0.47,0.357,0.8,8.5,41.0,16.0,110.7,102.6,8.1,100.5,0.49139999999999995,0.875,23.7,3.9,5.2,1.2,0.3,2.2,0.46,0.327,0.827,34.0,0.9441176470588234,16.6,5.7,6.5,1.2,0.1,2.4,0.418,0.389,0.857,32.1,0.8629283489096574,12.9,6.2,0.8,0.3,1.3,1.2,0.496,0.354,0.788,27.8,0.7302158273381296,12.0,8.4,1.0,0.4,0.8,1.4,0.567,0.476,0.824,22.0,0.9636363636363636,8.4,3.0,2.7,1.1,0.5,1.2,0.471,0.375,0.867,21.3,0.6807511737089202,5.9,2.5,0.8,0.8,0.1,0.6,0.444,0.345,0.694,20.8,0.4567307692307693,6.7,4.4,1.8,0.9,0.5,0.8,0.488,0.192,0.589,20.0,0.675,8.1,2.4,3.1,0.9,0.2,0.9,0.433,0.417,0.867,18.8,0.7340425531914893
2017-18,UTA,1610612762,2,Second Round Exit,0.517,103.5,42.1,21.4,8.9,4.8,14.3,0.458,0.376,0.797,1.8,30.0,28.0,106.0,104.0,2.0,97.4,0.5086666666666667,0.5,19.6,3.5,3.5,1.5,0.4,2.6,0.439,0.354,0.836,32.1,0.806853582554517,12.5,10.1,1.4,0.6,2.3,1.8,0.579,0.0,0.685,31.0,0.8096774193548387,10.8,4.1,4.1,1.1,0.2,1.8,0.466,0.453,0.838,30.7,0.6026058631921825,12.3,4.2,5.2,1.5,0.1,2.8,0.41,0.324,0.861,29.3,0.6996587030716723,12.4,7.4,1.3,0.8,1.0,1.3,0.551,0.212,0.693,28.2,0.7659574468085107,8.9,3.4,1.1,0.8,0.2,0.8,0.417,0.332,0.846,25.6,0.53125,8.2,4.2,0.9,1.4,0.3,0.8,0.492,0.381,0.815,21.2,0.6698113207547169,8.6,3.3,1.2,0.7,0.2,0.9,0.409,0.331,0.864,18.0,0.7277777777777775
2017-18,WAS,1610612764,1,First Round Exit,0.579,107.4,42.9,24.3,8.1,4.5,14.3,0.467,0.369,0.767,1.9,33.0,24.0,107.1,105.3,1.8,99.5,0.49139999999999995,0.875,23.6,4.5,4.2,1.2,0.5,2.4,0.461,0.37,0.792,36.4,0.8681318681318684,19.4,3.6,9.3,1.3,1.1,3.6,0.417,0.358,0.719,34.3,0.9067055393586005,14.4,6.4,2.0,1.6,0.5,0.9,0.491,0.404,0.842,31.9,0.7523510971786835,11.7,4.7,1.1,0.9,0.4,1.1,0.421,0.366,0.841,27.6,0.6413043478260868,8.8,8.0,1.9,0.6,0.7,1.2,0.533,0.0,0.617,26.3,0.714828897338403,10.9,5.6,1.5,0.8,0.5,1.6,0.473,0.378,0.84,26.1,0.6781609195402298,9.2,3.3,0.9,0.4,0.2,1.1,0.552,0.425,0.68,18.5,0.6972972972972973,6.0,2.4,3.1,0.6,0.2,0.8,0.521,0.468,0.719,18.4,0.625
2018-19,ATL,1610612737,0,Missed Playoffs,0.328,110.6,45.0,25.5,8.3,5.1,18.3,0.453,0.345,0.748,-7.6,19.0,39.0,103.6,111.0,-7.3,106.4,0.47746666666666665,0.625,16.9,3.3,7.6,0.9,0.2,3.9,0.406,0.312,0.798,30.0,0.8333333333333333,19.1,9.5,2.1,0.3,0.4,2.1,0.574,0.359,0.744,29.7,0.9865319865319866,13.4,3.7,1.9,1.0,0.4,2.0,0.44,0.381,0.838,27.6,0.6666666666666666,9.3,3.2,2.8,0.9,0.4,1.6,0.42,0.389,0.733,27.3,0.5494505494505494,13.0,3.8,2.5,1.6,0.8,2.0,0.439,0.318,0.731,25.5,0.7725490196078433,10.6,7.0,1.3,1.0,1.0,1.4,0.488,0.389,0.861,24.8,0.7862903225806452,8.0,4.1,2.5,1.2,0.5,1.7,0.429,0.287,0.618,24.3,0.6008230452674896,10.1,5.6,1.0,0.4,0.9,1.5,0.482,0.313,0.684,19.1,0.863874345549738
2018-19,BOS,1610612738,2,Second Round Exit,0.638,113.0,45.1,26.4,8.8,5.7,13.2,0.465,0.372,0.813,6.4,37.0,21.0,110.8,103.6,7.2,101.7,0.47746666666666665,1.0,23.6,4.9,6.9,1.6,0.4,2.7,0.498,0.409,0.866,32.5,1.0676923076923075,16.5,6.3,1.9,1.0,0.8,1.5,0.453,0.379,0.86,31.2,0.8012820512820513,12.7,6.8,4.0,0.9,1.4,1.6,0.528,0.369,0.8,28.5,0.8491228070175437,14.5,6.1,1.4,0.6,0.3,1.3,0.476,0.409,0.868,27.7,0.7797833935018051,8.3,2.8,4.1,1.7,0.4,1.4,0.402,0.359,0.78,27.0,0.5888888888888889,12.7,4.3,1.3,0.9,0.5,1.4,0.45,0.316,0.681,26.0,0.7038461538461539,11.2,4.6,3.5,1.0,0.3,1.5,0.438,0.337,0.852,26.0,0.7346153846153846,9.1,4.2,3.2,0.9,0.3,0.9,0.384,0.364,0.817,23.3,0.721030042918455
2018-19,BKN,1610612751,1,First Round Exit,0.508,112.3,46.1,24.0,6.6,4.2,15.3,0.451,0.358,0.752,-0.4,30.0,29.0,107.3,107.9,-0.6,102.8,0.47746666666666665,0.875,20.3,3.8,6.6,1.1,0.3,3.0,0.436,0.372,0.824,30.1,0.9667774086378738,13.9,3.6,2.6,0.5,0.2,1.6,0.501,0.471,0.857,30.1,0.6378737541528239,17.2,2.5,5.0,0.6,0.2,2.3,0.461,0.366,0.795,28.5,0.8140350877192982,16.8,4.1,4.1,1.4,0.4,2.2,0.458,0.284,0.714,28.5,0.863157894736842,11.2,8.6,1.5,0.6,1.6,1.4,0.572,0.162,0.738,27.0,0.8185185185185185,10.2,3.4,1.1,0.6,0.3,1.1,0.368,0.405,0.766,26.0,0.5576923076923077,11.2,5.2,1.3,0.5,0.2,1.1,0.386,0.344,0.75,25.7,0.6731517509727626,5.4,3.0,1.1,0.4,0.3,0.7,0.333,0.278,0.778,22.7,0.4185022026431719
2018-19,CHA,1610612766,0,Missed Playoffs,0.474,110.8,44.4,23.2,7.1,5.2,12.5,0.449,0.35,0.786,-0.5,27.0,30.0,108.0,109.1,-1.1,101.4,0.47746666666666665,0.75,24.9,4.4,5.6,1.3,0.5,2.5,0.431,0.362,0.83,34.4,0.9941860465116278,9.3,5.2,3.4,1.0,0.5,1.6,0.46,0.386,0.849,31.2,0.5705128205128205,15.2,5.6,2.0,1.0,0.3,1.0,0.442,0.335,0.864,28.6,0.8076923076923076,10.3,5.6,1.2,0.9,0.7,0.5,0.422,0.375,0.727,28.3,0.6431095406360423,9.6,6.7,2.1,0.8,0.8,1.2,0.555,0.263,0.792,24.9,0.7550200803212853,7.8,1.9,3.3,0.9,0.1,1.1,0.409,0.359,0.695,22.3,0.57847533632287,7.4,4.2,0.9,0.5,0.7,0.8,0.477,0.263,0.779,19.7,0.6548223350253808,6.5,3.5,1.0,0.5,0.6,0.6,0.447,0.309,0.729,18.9,0.6084656084656085
2018-19,CHI,1610612741,0,Missed Playoffs,0.241,103.2,42.1,22.0,7.6,4.4,14.7,0.451,0.354,0.789,-8.4,14.0,44.0,101.3,109.8,-8.5,101.1,0.47746666666666665,0.625,23.0,4.5,4.4,0.9,0.4,3.3,0.462,0.349,0.859,34.0,0.8794117647058822,18.5,8.7,1.3,0.8,0.7,1.6,0.437,0.383,0.876,32.3,0.8792569659442725,11.7,4.2,6.5,1.5,0.5,2.5,0.434,0.339,0.784,31.3,0.6996805111821086,13.5,5.6,2.0,1.5,0.5,1.1,0.476,0.39,0.767,29.6,0.7432432432432432,10.3,7.0,1.8,0.6,1.3,1.5,0.485,0.188,0.795,25.2,0.773809523809524,5.6,2.4,3.6,0.9,0.0,0.8,0.415,0.361,0.904,24.6,0.4756097560975609,5.2,4.2,0.8,0.5,0.1,0.6,0.459,0.28,0.605,20.3,0.5024630541871922,7.2,3.0,0.9,0.2,1.0,1.3,0.553,0.25,0.689,17.8,0.6179775280898875
2018-19,CLE,1610612739,0,Missed Playoffs,0.207,103.0,42.8,20.7,6.6,2.6,13.6,0.441,0.354,0.787,-10.5,12.0,46.0,103.7,114.3,-10.6,98.8,0.47746666666666665,0.75,12.6,4.6,2.3,0.8,0.2,1.6,0.425,0.327,0.754,31.4,0.6019108280254777,15.1,3.1,2.9,0.5,0.1,2.2,0.408,0.392,0.846,30.4,0.6414473684210527,11.5,11.1,2.1,0.8,0.5,1.4,0.526,0.0,0.647,29.8,0.8255033557046981,17.2,3.5,2.4,0.7,0.2,1.7,0.448,0.335,0.835,27.0,0.8259259259259258,15.7,10.7,2.7,0.2,0.2,2.2,0.325,0.273,0.846,26.3,1.0380228136882128,9.1,8.3,3.0,1.4,0.7,1.4,0.51,0.375,0.72,26.2,0.8053435114503816,6.7,1.6,1.9,1.0,0.3,1.0,0.342,0.308,0.8,20.2,0.5198019801980199,6.6,3.3,0.9,0.6,0.3,0.6,0.454,0.295,0.633,18.4,0.6032608695652174
2018-19,DAL,1610612742,0,Missed Playoffs,0.456,108.7,45.6,22.6,7.1,4.4,15.3,0.448,0.346,0.741,0.0,26.0,31.0,106.0,106.8,-0.8,101.8,0.5235333333333333,0.375,20.7,7.2,5.6,1.0,0.3,3.2,0.43,0.348,0.722,32.2,0.981366459627329,18.8,3.5,2.6,0.9,0.1,1.7,0.39,0.341,0.849,32.2,0.7515527950310559,7.8,4.7,0.9,1.0,0.5,1.0,0.458,0.345,0.684,25.3,0.549407114624506,11.1,1.8,2.8,0.7,0.1,1.0,0.414,0.365,0.831,20.1,0.7711442786069651,6.5,2.6,1.3,0.4,0.2,0.4,0.424,0.345,0.827,19.9,0.5326633165829145,10.9,2.5,5.6,0.6,0.0,1.9,0.418,0.297,0.705,19.8,0.893939393939394,6.6,4.0,0.8,0.5,1.2,0.7,0.453,0.335,0.788,19.8,0.6262626262626263,6.8,2.0,2.4,0.5,0.0,1.0,0.432,0.344,0.667,18.1,0.5911602209944752
2018-19,DEN,1610612743,2,Second Round Exit,0.684,112.0,46.3,27.6,7.7,4.5,13.4,0.472,0.354,0.758,4.9,39.0,18.0,111.2,107.3,3.9,99.9,0.5235333333333333,1.0,18.3,4.2,5.0,0.8,0.4,2.4,0.43,0.368,0.843,33.5,0.7850746268656716,20.4,10.6,7.7,1.4,0.6,3.2,0.505,0.308,0.849,31.6,1.1867088607594936,14.8,3.0,2.7,1.0,0.4,1.2,0.425,0.314,0.815,29.9,0.6923076923076923,12.1,4.4,3.4,0.3,0.6,1.5,0.409,0.359,0.795,26.6,0.7255639097744361,12.2,6.7,1.9,1.2,0.8,1.3,0.489,0.352,0.725,25.7,0.8365758754863812,10.8,2.6,3.9,0.9,0.0,0.6,0.497,0.431,0.782,25.0,0.704,12.0,2.5,1.2,0.7,0.1,0.6,0.503,0.433,0.886,24.1,0.6597510373443983,7.3,4.5,0.9,0.4,0.4,0.6,0.459,0.39,0.778,22.5,0.5733333333333335
2018-19,DET,1610612765,1,First Round Exit,0.464,106.6,45.5,22.3,6.9,3.8,14.8,0.438,0.338,0.745,-1.5,26.0,30.0,104.2,106.5,-2.2,100.7,0.47746666666666665,0.75,26.3,8.1,5.4,0.7,0.4,3.7,0.479,0.365,0.759,36.3,1.024793388429752,17.4,15.0,1.2,1.6,1.7,2.3,0.527,0.121,0.561,33.0,1.0484848484848488,14.9,2.8,4.4,0.7,0.1,1.8,0.414,0.366,0.873,29.1,0.7250859106529209,8.2,2.0,2.9,0.4,0.3,1.1,0.392,0.352,0.75,22.3,0.5695067264573991,8.3,1.9,1.2,1.0,0.1,0.6,0.368,0.349,0.875,21.7,0.5483870967741936,7.7,2.3,1.1,0.5,0.1,0.3,0.371,0.325,0.807,21.3,0.5352112676056338,8.4,2.8,1.5,0.4,0.2,0.8,0.417,0.366,0.771,20.9,0.5980861244019138,4.7,2.7,1.3,0.4,0.5,0.7,0.385,0.268,0.689,19.8,0.4494949494949496
2018-19,GSW,1610612744,4,Finals Loss,0.719,118.8,46.4,29.5,7.5,6.5,13.9,0.491,0.384,0.812,7.1,41.0,16.0,115.0,106.8,8.2,103.2,0.5235333333333333,0.75,27.6,7.0,5.9,0.8,1.1,3.1,0.516,0.367,0.893,35.4,1.1101694915254237,28.6,5.1,5.2,1.2,0.4,2.8,0.488,0.444,0.922,34.3,1.0991253644314873,21.9,4.0,2.2,1.1,0.7,1.5,0.469,0.396,0.81,34.1,0.8328445747800586,7.0,7.6,7.3,1.6,1.0,2.6,0.424,0.233,0.724,31.1,0.7041800643086816,6.0,3.9,3.3,0.9,0.8,0.7,0.5,0.37,0.623,23.5,0.6042553191489363,13.9,6.8,3.7,1.3,1.1,2.1,0.424,0.29,0.733,23.4,1.0555555555555556,6.6,5.9,1.8,0.6,0.8,0.7,0.61,0.1,0.628,20.8,0.7211538461538463,6.9,4.6,1.5,0.3,0.2,0.7,0.474,0.358,0.823,18.3,0.6994535519125683
2018-19,HOU,1610612745,2,Second Round Exit,0.579,113.1,41.6,20.8,8.4,5.3,13.8,0.446,0.348,0.782,2.1,33.0,24.0,111.8,109.6,2.1,100.3,0.5235333333333333,0.625,36.6,6.7,7.7,2.2,0.8,5.4,0.441,0.374,0.871,37.4,1.2994652406417115,7.6,6.3,1.3,1.6,0.5,0.9,0.392,0.362,0.647,35.3,0.46458923512747885,17.6,12.6,1.5,0.6,1.8,1.5,0.631,0.0,0.626,34.2,0.9532163742690059,15.6,4.1,8.0,2.1,0.3,2.8,0.419,0.351,0.831,32.5,0.84,16.1,2.6,2.0,0.5,0.4,1.4,0.392,0.32,0.788,32.4,0.6234567901234569,13.4,5.4,0.5,0.4,0.7,0.8,0.405,0.328,0.682,29.4,0.6666666666666666,8.7,2.4,2.5,0.6,0.3,1.0,0.404,0.321,0.541,27.9,0.4838709677419355,8.6,3.0,2.1,1.1,0.5,0.9,0.375,0.358,0.829,26.0,0.5538461538461538
2018-19,IND,1610612754,1,First Round Exit,0.655,108.1,43.3,26.1,8.8,5.0,13.9,0.478,0.371,0.756,5.2,38.0,20.0,107.2,102.4,4.8,100.5,0.47746666666666665,0.875,18.8,5.6,5.2,1.7,0.3,2.3,0.423,0.343,0.73,31.9,0.9184952978056425,16.8,4.0,1.8,0.8,0.0,1.6,0.494,0.426,0.828,31.8,0.6855345911949685,12.5,6.4,2.2,1.6,0.4,1.3,0.532,0.356,0.621,30.2,0.7218543046357615,12.6,2.4,2.3,0.7,0.3,1.3,0.401,0.371,0.8,29.7,0.5723905723905724,13.5,7.0,1.6,0.7,2.7,1.4,0.509,0.407,0.721,28.2,0.8546099290780143,10.5,2.9,5.9,1.4,0.1,1.5,0.471,0.415,0.821,28.0,0.6892857142857143,7.2,3.7,4.0,1.1,0.2,1.1,0.443,0.336,0.656,25.7,0.5875486381322957,14.1,9.2,2.7,0.7,0.4,2.2,0.606,0.571,0.745,24.8,1.0040322580645158
2018-19,LAC,1610612746,1,First Round Exit,0.542,114.3,45.1,23.3,6.5,4.8,14.6,0.472,0.388,0.79,0.5,32.0,27.0,109.2,109.0,0.3,103.6,0.5235333333333333,0.5,18.7,6.0,2.5,0.7,0.3,1.4,0.45,0.447,0.902,30.7,0.8729641693811075,9.3,3.0,1.4,1.0,0.5,1.1,0.432,0.352,0.741,30.6,0.4607843137254902,7.3,4.7,3.5,0.8,0.5,1.1,0.399,0.383,0.777,26.8,0.585820895522388,6.7,4.7,2.0,0.6,0.5,1.1,0.44,0.39,0.722,26.4,0.5075757575757576,15.9,6.7,1.8,0.9,1.4,1.4,0.622,0.111,0.616,26.4,0.9583333333333334,19.9,2.9,5.3,0.6,0.2,2.4,0.429,0.372,0.896,26.1,1.0153256704980842,10.1,2.7,3.0,1.1,0.6,1.8,0.468,0.33,0.806,25.8,0.6085271317829458,8.4,3.7,1.9,0.6,0.2,1.2,0.402,0.351,0.755,25.3,0.5375494071146245
2018-19,LAL,1610612747,0,Missed Playoffs,0.491,112.2,47.0,24.9,7.5,5.5,15.9,0.473,0.339,0.687,-1.2,28.0,29.0,105.3,106.7,-1.5,105.7,0.5235333333333333,0.625,26.8,8.6,7.6,1.3,0.6,3.5,0.513,0.355,0.679,34.9,1.186246418338109,17.0,4.8,3.0,0.6,0.6,2.5,0.484,0.286,0.66,33.4,0.7035928143712576,19.1,5.6,2.3,0.6,0.4,2.0,0.467,0.319,0.765,32.7,0.7951070336391438,12.0,2.8,2.5,0.6,0.2,1.2,0.414,0.387,0.875,30.9,0.5469255663430421,9.9,5.3,5.4,1.5,0.4,2.2,0.406,0.329,0.417,30.3,0.66996699669967,8.9,5.1,7.6,0.9,0.2,2.6,0.443,0.423,0.55,28.0,0.7178571428571427,8.5,3.9,1.5,1.0,0.6,1.0,0.408,0.339,0.681,26.4,0.5492424242424243,10.3,2.8,1.1,0.9,0.1,0.7,0.433,0.348,0.85,24.0,0.6041666666666667
2018-19,MEM,1610612763,0,Missed Playoffs,0.39,100.6,40.5,23.6,8.5,5.7,14.1,0.45,0.339,0.758,-3.2,23.0,36.0,102.1,105.0,-2.9,97.8,0.5235333333333333,0.125,19.9,3.4,6.4,1.4,0.3,1.9,0.427,0.354,0.849,33.5,0.880597014925373,10.4,4.2,2.1,1.5,0.5,1.3,0.372,0.345,0.89,32.6,0.5337423312883436,8.8,2.7,2.1,0.6,0.3,1.3,0.402,0.35,0.8,29.9,0.4414715719063545,8.0,5.8,3.0,1.3,0.9,1.3,0.543,0.265,0.578,29.8,0.5939597315436241,13.8,4.7,1.1,0.9,1.4,1.7,0.506,0.359,0.766,26.1,0.7739463601532567,6.3,3.4,0.9,0.5,1.3,0.8,0.361,0.282,1.0,20.2,0.5742574257425742,13.1,7.3,1.1,0.4,0.8,1.3,0.577,0.281,0.804,19.0,1.1263157894736842,6.9,2.6,2.4,1.0,0.3,0.8,0.432,0.323,0.862,18.9,0.6560846560846562
2018-19,MIA,1610612748,0,Missed Playoffs,0.464,105.1,46.7,23.8,7.5,5.6,15.3,0.446,0.351,0.688,-0.6,26.0,30.0,103.8,105.0,-1.2,100.8,0.47746666666666665,1.0,17.6,3.6,3.9,1.1,0.5,1.8,0.418,0.378,0.863,34.7,0.7175792507204611,12.4,5.5,4.1,1.0,0.3,2.2,0.422,0.371,0.646,29.7,0.7104377104377105,15.3,3.1,4.9,0.7,0.3,2.5,0.41,0.314,0.76,29.1,0.7491408934707905,12.8,12.4,0.9,0.7,2.1,1.6,0.55,0.133,0.435,25.4,1.0748031496062993,14.0,3.8,4.3,0.7,0.5,2.3,0.433,0.323,0.697,25.4,0.8267716535433072,9.9,2.3,2.7,0.6,0.1,1.2,0.408,0.346,0.333,22.5,0.6399999999999999,7.8,6.7,2.0,0.8,0.8,1.4,0.562,0.111,0.719,22.1,0.7556561085972852,7.9,3.2,2.4,0.7,0.5,1.4,0.429,0.352,0.733,21.2,0.6273584905660378
2018-19,MIL,1610612749,3,Conference Finals,0.754,116.9,48.8,26.2,7.8,5.9,14.2,0.48,0.349,0.769,9.8,43.0,14.0,111.0,101.6,9.3,105.0,0.47746666666666665,0.5,27.2,12.7,6.0,1.4,1.4,3.8,0.581,0.223,0.717,33.2,1.3524096385542168,17.1,5.8,4.2,1.1,0.1,2.2,0.436,0.378,0.846,31.1,0.8392282958199359,15.8,4.8,3.3,0.7,0.2,1.5,0.506,0.408,0.938,29.2,0.7979452054794521,15.8,4.5,5.4,1.5,0.4,2.1,0.492,0.321,0.766,29.1,0.8762886597938144,16.7,8.3,1.1,0.7,0.8,1.2,0.447,0.368,0.842,28.9,0.9134948096885814,12.1,4.2,1.1,0.6,2.1,1.0,0.454,0.372,0.817,27.9,0.6845878136200719,6.7,2.1,3.1,0.5,0.0,1.3,0.392,0.352,0.792,23.0,0.4826086956521739,7.4,2.5,2.3,0.9,0.2,0.8,0.451,0.336,0.825,22.5,0.5555555555555555
2018-19,MIN,1610612750,0,Missed Playoffs,0.474,111.9,45.1,24.5,8.6,5.2,13.2,0.452,0.352,0.796,0.2,27.0,30.0,108.3,108.7,-0.4,102.5,0.5235333333333333,0.625,17.9,4.8,2.4,1.1,0.6,1.9,0.396,0.331,0.714,34.7,0.7175792507204611,13.3,5.5,1.3,2.1,1.3,1.3,0.431,0.378,0.764,34.4,0.6453488372093025,23.1,12.0,3.2,0.9,1.8,2.9,0.512,0.389,0.847,33.1,1.151057401812689,12.2,2.5,8.1,1.1,0.4,2.3,0.429,0.357,0.815,30.2,0.7284768211920529,18.2,2.8,4.8,0.6,0.3,1.7,0.477,0.402,0.854,28.5,0.8771929824561405,10.4,6.5,1.1,0.8,0.6,1.1,0.562,0.333,0.748,25.0,0.732,10.2,5.7,1.5,0.6,0.1,1.2,0.433,0.368,0.885,24.8,0.6814516129032259,7.6,3.0,1.2,1.0,0.4,1.0,0.364,0.26,0.745,22.7,0.5374449339207048
2018-19,NOP,1610612740,0,Missed Playoffs,0.441,115.6,47.0,26.8,7.1,5.7,14.3,0.478,0.348,0.773,0.8,26.0,33.0,110.3,110.0,0.3,104.6,0.5235333333333333,0.5,21.1,5.1,7.9,1.6,0.9,3.2,0.47,0.318,0.767,36.3,0.9201101928374656,28.1,12.9,4.2,1.6,2.5,2.0,0.508,0.323,0.81,36.0,1.313888888888889,20.2,9.1,3.0,0.6,0.6,2.6,0.54,0.343,0.739,29.5,1.047457627118644,12.3,2.5,2.0,0.7,0.2,1.2,0.488,0.432,0.76,28.8,0.5729166666666666,9.8,3.7,5.8,1.2,0.3,2.4,0.439,0.351,0.742,26.9,0.6840148698884759,8.0,1.8,1.8,0.6,0.4,0.8,0.389,0.373,0.837,25.4,0.46456692913385833,4.0,3.1,1.3,0.5,0.2,0.7,0.388,0.286,0.704,20.3,0.41379310344827586,7.1,3.6,1.2,1.0,0.3,1.1,0.377,0.274,0.804,19.5,0.6205128205128205
2018-19,NYK,1610612752,0,Missed Playoffs,0.19,105.3,44.3,19.9,7.3,4.7,13.7,0.43,0.336,0.762,-8.7,11.0,47.0,102.2,110.7,-8.5,102.2,0.47746666666666665,0.25,11.0,13.4,2.0,0.6,1.1,2.2,0.649,0.0,0.686,30.4,0.8519736842105264,13.7,3.0,4.6,1.3,0.4,3.0,0.437,0.331,0.643,28.9,0.6920415224913494,12.5,4.3,0.9,0.5,0.3,1.5,0.364,0.339,0.719,28.2,0.6028368794326241,14.7,3.1,3.9,0.8,0.3,2.1,0.453,0.308,0.76,26.6,0.7781954887218044,8.2,8.1,1.9,0.7,0.8,1.3,0.449,0.341,0.725,25.6,0.7187499999999998,9.3,3.5,1.4,0.9,0.1,0.7,0.422,0.366,0.714,24.7,0.5870445344129556,10.1,2.9,4.5,0.8,0.1,1.1,0.487,0.5,0.731,22.5,0.768888888888889,9.9,3.0,1.9,0.4,0.3,1.8,0.446,0.389,0.833,22.0,0.6227272727272728
2018-19,OKC,1610612760,1,First Round Exit,0.649,115.4,47.9,23.4,10.2,5.3,14.2,0.462,0.352,0.716,5.2,37.0,20.0,108.4,103.6,4.8,105.8,0.5235333333333333,0.75,28.7,8.0,4.1,2.3,0.5,2.6,0.453,0.406,0.837,36.3,1.1294765840220387,21.7,11.2,11.2,2.2,0.4,4.6,0.417,0.249,0.656,35.6,1.1825842696629212,14.7,9.5,1.7,1.6,0.8,1.6,0.607,0.0,0.55,33.9,0.7876106194690266,13.1,5.1,0.9,0.9,1.4,0.9,0.52,0.373,0.687,32.3,0.6346749226006192,15.7,3.4,4.1,0.9,0.1,2.3,0.426,0.36,0.821,28.3,0.7738515901060069,11.5,5.1,1.8,0.7,0.6,1.4,0.436,0.333,0.781,26.0,0.703846153846154,6.8,1.8,0.8,0.6,0.2,0.5,0.436,0.383,0.654,24.4,0.3975409836065574,5.3,1.5,0.6,0.5,0.2,0.5,0.357,0.323,0.923,19.0,0.39999999999999997
2018-19,ORL,1610612753,1,First Round Exit,0.458,105.8,44.4,24.9,6.6,5.6,13.5,0.45,0.352,0.786,-1.1,27.0,32.0,104.8,105.9,-1.1,100.4,0.47746666666666665,0.875,15.8,7.3,3.5,0.8,0.7,2.0,0.446,0.342,0.731,33.5,0.7791044776119403,14.9,3.1,3.7,0.9,0.1,2.0,0.43,0.338,0.79,31.5,0.6571428571428571,20.5,12.1,3.8,0.9,1.1,2.0,0.521,0.38,0.779,31.1,1.170418006430868,11.4,2.2,4.9,0.6,0.0,1.5,0.467,0.426,0.873,27.7,0.6353790613718412,14.6,3.3,1.5,0.9,0.4,1.0,0.434,0.381,0.857,26.3,0.7490494296577945,9.1,5.3,1.0,0.8,1.3,1.1,0.424,0.287,0.861,26.0,0.6307692307692307,8.2,3.7,3.1,0.9,0.3,1.3,0.419,0.286,0.568,22.5,0.6622222222222222,5.1,2.4,0.8,0.4,0.4,0.7,0.41,0.38,0.803,17.1,0.4912280701754387
2018-19,PHI,1610612755,2,Second Round Exit,0.638,115.9,47.0,27.4,7.7,5.5,15.5,0.475,0.361,0.775,3.7,37.0,21.0,110.7,106.3,4.4,104.2,0.47746666666666665,0.5,20.7,7.8,2.8,0.7,0.4,1.9,0.497,0.43,0.873,34.5,0.8840579710144928,16.8,9.0,7.9,1.3,0.7,3.6,0.571,0.0,0.586,33.8,0.9497041420118344,27.3,13.5,3.5,0.6,1.9,3.6,0.482,0.295,0.811,33.7,1.2818991097922847,19.3,5.1,3.9,2.0,0.6,1.4,0.482,0.371,0.859,33.5,0.8805970149253731,18.6,2.2,2.8,0.4,0.2,1.4,0.453,0.395,0.906,31.2,0.7307692307692308,7.0,2.8,0.7,0.9,0.4,0.5,0.482,0.365,0.724,23.0,0.491304347826087,6.7,2.3,3.8,1.3,0.3,1.3,0.555,0.353,0.769,20.7,0.6328502415458939,6.7,2.3,2.3,0.5,0.3,1.3,0.37,0.244,0.787,19.9,0.5427135678391961
2018-19,PHX,1610612756,0,Missed Playoffs,0.186,105.9,40.1,23.8,9.0,5.0,15.9,0.457,0.326,0.775,-10.2,11.0,48.0,102.4,111.9,-9.6,102.5,0.5235333333333333,0.375,24.6,4.0,6.7,0.9,0.2,3.9,0.46,0.325,0.848,34.7,0.936599423631124,18.0,4.0,1.5,1.2,0.7,1.2,0.486,0.428,0.815,31.6,0.7658227848101266,16.5,10.5,2.0,0.8,0.9,1.8,0.588,0.0,0.772,30.9,0.9352750809061489,8.2,3.1,1.8,1.5,0.5,0.8,0.434,0.352,0.781,27.9,0.5125448028673835,14.1,4.5,1.1,1.0,0.8,1.3,0.438,0.314,0.781,27.0,0.7481481481481482,10.5,2.8,2.6,0.9,0.4,1.4,0.414,0.346,0.7,25.7,0.6147859922178988,11.2,4.2,2.3,1.0,0.7,2.4,0.419,0.299,0.667,24.2,0.7024793388429752,5.5,2.6,3.3,1.5,0.5,1.7,0.368,0.312,0.833,20.5,0.5707317073170731
2018-19,POR,1610612757,3,Conference Finals,0.596,113.3,47.6,22.8,6.6,5.0,14.0,0.464,0.363,0.816,3.0,34.0,23.0,110.2,107.8,2.4,101.8,0.5235333333333333,0.75,26.3,4.5,6.4,1.2,0.5,2.8,0.45,0.373,0.907,35.3,1.022662889518414,21.0,4.0,2.8,0.8,0.4,1.6,0.457,0.362,0.832,34.0,0.8058823529411764,9.4,7.9,1.3,0.9,0.4,0.8,0.435,0.358,0.849,29.0,0.6586206896551723,15.0,10.2,3.2,1.0,1.5,2.3,0.501,0.12,0.749,27.3,1.0476190476190474,12.0,2.4,1.9,0.8,0.1,0.7,0.439,0.372,0.913,27.1,0.6088560885608857,14.0,10.5,1.9,0.4,0.4,1.8,0.536,0.318,0.814,25.6,0.9921874999999998,7.5,4.6,4.0,0.5,0.3,1.7,0.466,0.152,0.706,23.6,0.6440677966101696,6.0,3.8,0.8,0.9,0.9,0.7,0.457,0.29,0.656,21.4,0.5467289719626169
2018-19,SAC,1610612758,0,Missed Playoffs,0.526,113.4,45.0,25.6,8.4,4.7,14.1,0.466,0.378,0.713,-1.2,30.0,27.0,107.6,107.8,-0.2,105.7,0.5235333333333333,0.5,17.4,4.4,1.4,0.7,0.2,1.4,0.402,0.384,0.84,32.5,0.6984615384615384,20.5,5.1,2.3,0.5,0.4,1.9,0.475,0.449,0.861,31.6,0.8512658227848101,17.2,3.7,7.2,1.7,0.5,3.0,0.461,0.366,0.726,31.4,0.8694267515923566,12.7,8.5,2.6,1.3,0.7,1.2,0.539,0.5,0.546,28.1,0.8754448398576512,14.8,3.6,4.0,1.1,0.2,1.8,0.424,0.332,0.807,28.0,0.7821428571428573,13.3,6.9,1.0,0.5,1.0,1.6,0.515,0.255,0.685,24.2,0.8719008264462811,10.1,4.1,2.2,0.6,0.4,1.1,0.407,0.374,0.825,23.9,0.6820083682008368,9.9,5.8,1.9,0.7,0.8,1.2,0.483,0.422,0.765,23.3,0.7682403433476394
2018-19,SAS,1610612759,1,First Round Exit,0.559,112.3,44.1,24.7,6.2,4.4,12.5,0.479,0.409,0.823,1.0,33.0,26.0,111.3,109.3,2.1,100.7,0.5235333333333333,0.75,21.4,6.1,6.1,1.0,0.5,2.6,0.463,0.171,0.822,35.3,0.9206798866855525,21.0,9.0,2.6,0.5,1.2,1.9,0.509,0.217,0.845,32.7,0.9908256880733946,12.0,2.9,2.2,0.6,0.1,1.1,0.446,0.419,0.9,28.5,0.5859649122807018,14.5,6.5,2.6,0.9,0.6,1.7,0.519,0.435,0.86,27.3,0.8571428571428572,9.6,3.4,3.6,1.0,0.5,1.5,0.5,0.356,0.77,25.3,0.6561264822134387,10.1,2.3,3.1,0.7,0.2,1.2,0.438,0.408,0.854,23.8,0.6386554621848739,10.9,2.3,1.9,0.5,0.1,0.9,0.418,0.385,0.92,22.7,0.6519823788546255,8.3,3.5,1.2,0.5,0.5,0.6,0.485,0.476,0.875,21.3,0.6291079812206573
2018-19,TOR,1610612761,5,Champion,0.729,114.3,45.2,24.7,8.5,5.3,13.9,0.47,0.346,0.805,5.6,43.0,16.0,110.5,104.7,5.8,102.7,0.47746666666666665,0.625,27.0,7.7,3.3,1.9,0.4,2.1,0.492,0.363,0.864,34.8,1.0977011494252873,14.3,4.5,9.2,1.4,0.5,2.8,0.41,0.337,0.836,34.4,0.7877906976744186,15.4,8.5,4.5,1.2,1.2,2.2,0.446,0.347,0.751,33.0,0.8666666666666666,16.1,7.0,2.8,1.0,0.7,1.8,0.551,0.341,0.79,31.5,0.819047619047619,16.0,8.0,1.5,0.5,1.3,1.7,0.527,0.259,0.779,28.8,0.888888888888889,9.8,4.1,1.4,0.9,0.8,0.9,0.446,0.421,0.903,28.7,0.5609756097560976,10.5,2.7,4.6,0.9,0.2,1.3,0.403,0.366,0.833,26.8,0.6567164179104475,7.1,3.1,0.7,0.7,0.2,0.7,0.443,0.333,0.452,20.3,0.5467980295566501
2018-19,UTA,1610612762,1,First Round Exit,0.561,109.2,45.3,25.0,8.3,5.5,15.3,0.461,0.346,0.733,3.2,32.0,25.0,106.7,103.4,3.3,102.4,0.5235333333333333,0.875,22.4,3.9,4.0,1.5,0.3,2.7,0.418,0.322,0.794,33.3,0.8828828828828829,15.2,12.9,2.2,0.9,2.1,1.6,0.654,0.0,0.657,31.6,1.0031645569620251,11.7,3.8,4.9,1.3,0.2,2.2,0.439,0.368,0.723,31.1,0.6334405144694534,13.0,3.7,6.1,1.3,0.2,2.9,0.408,0.322,0.845,28.7,0.7456445993031359,11.8,4.7,1.6,0.8,0.4,1.2,0.393,0.333,0.691,27.4,0.6605839416058396,11.0,7.1,1.1,0.8,1.3,1.1,0.569,0.226,0.653,23.1,0.8744588744588745,8.6,2.2,1.0,0.3,0.2,0.9,0.443,0.413,0.825,18.7,0.6096256684491979,5.2,3.3,1.3,0.7,0.3,0.9,0.493,0.439,0.75,18.7,0.5294117647058824
2018-19,WAS,1610612764,0,Missed Playoffs,0.414,113.9,40.9,26.6,8.7,4.8,14.1,0.47,0.348,0.761,-3.0,24.0,34.0,108.2,110.6,-2.4,104.0,0.47746666666666665,0.375,25.1,5.1,5.4,1.4,0.8,2.9,0.472,0.349,0.815,37.2,0.9381720430107526,12.7,5.6,3.8,1.5,0.2,1.6,0.397,0.335,0.806,35.4,0.6271186440677965,20.7,3.6,8.7,1.5,0.9,3.8,0.444,0.302,0.697,34.5,0.9159420289855071,12.5,4.5,2.0,0.5,0.5,1.3,0.475,0.374,0.901,27.8,0.672661870503597,14.1,6.3,2.4,0.7,0.4,2.2,0.477,0.31,0.723,26.8,0.8097014925373133,12.8,9.2,0.4,0.8,0.4,1.8,0.623,0.0,0.604,25.5,0.8549019607843136,14.8,7.3,1.4,0.6,0.4,1.4,0.465,0.415,0.768,24.9,0.9277108433734941,8.0,3.2,4.3,1.0,0.2,1.3,0.488,0.434,0.789,24.5,0.6285714285714286
2019-20,ATL,1610612737,0,Missed Playoffs,0.268,110.2,42.8,23.5,8.0,5.2,16.6,0.447,0.329,0.787,-8.7,15.0,41.0,103.0,111.7,-8.6,105.8,0.4842000000000001,0.5,29.7,4.4,9.2,1.2,0.1,4.9,0.443,0.369,0.852,35.2,1.1278409090909092,13.9,13.8,1.2,0.8,1.8,1.6,0.629,0.0,0.529,32.8,0.9115853658536587,20.6,10.2,1.4,0.6,1.6,1.7,0.572,0.355,0.814,32.2,1.015527950310559,12.2,4.0,1.8,0.8,0.3,1.6,0.41,0.345,0.759,31.6,0.5537974683544303,12.3,4.1,3.4,0.8,0.5,1.6,0.418,0.392,0.825,30.3,0.6435643564356435,11.3,2.5,5.7,0.8,0.3,2.1,0.432,0.37,0.871,26.1,0.7088122605363985,9.3,3.7,1.5,1.0,0.5,1.6,0.353,0.316,0.788,26.0,0.5538461538461539,5.8,3.5,1.9,1.3,0.4,1.4,0.456,0.231,0.542,21.3,0.539906103286385
2019-20,BOS,1610612738,3,Conference Finals,0.704,113.1,45.7,23.3,8.3,5.7,13.8,0.463,0.364,0.802,6.9,38.0,16.0,110.3,103.7,6.6,101.9,0.4842000000000001,0.75,22.4,6.9,2.9,1.4,0.9,2.2,0.443,0.382,0.813,34.1,0.947214076246334,20.2,6.4,2.2,1.1,0.3,2.4,0.495,0.381,0.743,33.6,0.8273809523809524,17.3,6.7,4.1,0.7,0.5,1.7,0.504,0.392,0.88,33.2,0.8313253012048193,21.8,4.1,5.0,1.0,0.5,2.1,0.429,0.388,0.866,32.2,0.9409937888198756,12.5,3.6,4.7,1.6,0.5,1.6,0.383,0.353,0.832,31.6,0.6740506329113924,8.3,6.2,1.6,0.7,1.4,0.8,0.547,0.308,0.718,22.9,0.759825327510917,6.6,2.0,2.7,0.7,0.2,1.1,0.429,0.377,0.917,18.9,0.5873015873015873,9.2,8.2,1.0,0.4,0.8,1.1,0.586,0.143,0.7,18.6,0.9946236559139783
2019-20,BKN,1610612751,1,First Round Exit,0.472,110.5,48.3,24.0,6.7,4.7,15.7,0.445,0.342,0.742,-0.5,25.0,28.0,104.7,105.6,-0.9,104.1,0.4842000000000001,0.5,27.4,5.2,6.4,1.4,0.5,2.6,0.478,0.394,0.922,32.9,1.1641337386018236,13.8,4.3,2.1,0.7,0.3,1.4,0.468,0.408,0.743,31.4,0.6305732484076435,21.0,3.5,6.6,0.7,0.3,2.7,0.417,0.309,0.775,31.2,0.9423076923076924,12.4,6.2,2.0,0.9,0.4,2.0,0.383,0.35,0.775,29.7,0.67003367003367,10.2,3.3,2.5,0.8,0.4,1.1,0.375,0.326,0.754,28.2,0.5709219858156028,15.3,3.6,3.6,0.9,0.2,2.6,0.404,0.376,0.707,27.2,0.7720588235294118,11.1,9.7,1.4,0.6,1.5,1.1,0.641,0.0,0.631,26.6,0.8721804511278194,8.1,9.9,2.0,0.4,1.0,1.4,0.67,0.0,0.696,21.3,0.9389671361502347
2019-20,CHA,1610612766,0,Missed Playoffs,0.333,102.9,42.9,23.8,6.5,4.2,14.8,0.434,0.348,0.746,-7.3,18.0,36.0,103.5,110.7,-7.2,98.7,0.4842000000000001,0.75,18.1,3.6,7.8,0.9,0.3,2.9,0.379,0.374,0.811,35.2,0.7897727272727273,17.8,4.5,4.1,1.0,0.2,2.4,0.418,0.385,0.868,34.2,0.7368421052631579,13.0,5.5,1.7,0.6,0.7,1.5,0.441,0.341,0.796,30.7,0.6514657980456027,11.7,5.5,2.0,0.9,0.8,1.6,0.463,0.376,0.655,30.1,0.6411960132890364,11.0,7.1,1.5,0.7,0.5,1.3,0.511,0.243,0.688,23.1,0.8441558441558441,3.6,4.5,3.0,0.8,0.4,1.0,0.346,0.286,0.9,23.0,0.491304347826087,9.9,2.8,2.0,0.5,0.3,1.4,0.438,0.285,0.816,20.9,0.6746411483253589,7.5,5.8,0.9,0.2,0.8,0.9,0.542,0.0,0.614,19.2,0.7447916666666667
2019-20,CHI,1610612741,0,Missed Playoffs,0.345,106.4,42.4,23.1,9.9,4.0,15.4,0.442,0.346,0.762,-3.1,19.0,36.0,103.5,107.0,-3.5,102.0,0.4842000000000001,0.625,25.3,4.8,4.1,1.4,0.5,3.3,0.448,0.385,0.824,34.5,0.9507246376811596,15.0,6.5,1.5,0.8,0.5,1.7,0.424,0.344,0.826,30.3,0.7458745874587459,11.7,9.9,1.2,0.8,0.9,1.7,0.537,0.214,0.736,30.0,0.76,10.3,3.7,5.3,1.3,0.1,1.9,0.445,0.341,0.887,28.6,0.6573426573426575,11.2,3.4,1.6,1.0,0.3,0.8,0.417,0.4,0.75,25.1,0.6653386454183267,7.3,3.6,3.4,2.0,0.3,1.3,0.444,0.259,0.741,24.9,0.6144578313253013,11.1,3.5,2.4,0.7,0.1,1.5,0.37,0.338,0.747,24.3,0.6707818930041153,9.7,4.7,1.7,1.2,0.3,1.6,0.441,0.339,0.586,24.0,0.6666666666666666
2019-20,CLE,1610612739,0,Missed Playoffs,0.259,106.1,44.4,22.4,6.9,3.2,16.4,0.454,0.348,0.765,-8.9,14.0,40.0,103.6,113.9,-10.3,101.1,0.4842000000000001,0.625,17.7,15.8,2.8,1.9,1.7,3.6,0.528,0.12,0.581,33.4,1.0868263473053892,19.8,3.2,2.7,1.0,0.1,2.2,0.46,0.365,0.859,32.2,0.7639751552795031,17.7,9.8,3.0,0.6,0.3,2.5,0.457,0.38,0.853,31.3,0.9233226837060703,12.1,10.3,2.1,0.6,0.9,1.9,0.512,0.5,0.639,30.6,0.7875816993464052,12.2,1.9,3.8,0.7,0.0,2.6,0.394,0.352,0.87,30.5,0.5245901639344261,10.8,3.4,2.3,0.8,0.3,1.4,0.442,0.382,0.643,28.9,0.5605536332179932,9.5,7.3,2.0,0.8,0.5,1.0,0.528,0.349,0.679,25.1,0.7609561752988048,9.8,3.2,2.0,0.9,0.2,1.9,0.459,0.347,0.711,22.7,0.6255506607929516
2019-20,DAL,1610612742,1,First Round Exit,0.6,116.4,47.0,24.3,6.0,4.7,12.5,0.462,0.371,0.781,6.0,33.0,22.0,114.6,109.1,5.5,100.8,0.5168666666666667,0.625,28.9,9.5,8.7,1.0,0.2,4.2,0.465,0.323,0.765,32.8,1.3445121951219512,18.4,9.1,1.5,0.7,1.9,1.7,0.416,0.35,0.775,30.5,0.9803278688524589,9.4,5.6,1.5,0.7,0.5,1.0,0.461,0.382,0.723,29.7,0.5622895622895623,14.8,3.0,2.0,0.6,0.1,0.9,0.433,0.403,0.811,27.4,0.7153284671532849,9.4,5.7,1.5,0.9,0.6,0.9,0.638,0.256,0.667,26.5,0.649056603773585,8.9,5.2,1.0,0.3,1.1,0.7,0.458,0.379,0.897,24.9,0.634538152610442,11.5,2.3,1.9,0.6,0.2,0.9,0.479,0.435,0.89,23.6,0.6610169491525423,7.3,3.8,3.4,1.1,0.3,0.9,0.463,0.366,0.772,21.1,0.7109004739336492
2019-20,DEN,1610612743,3,Conference Finals,0.691,110.4,44.9,26.5,8.1,4.7,13.3,0.465,0.357,0.777,3.8,38.0,17.0,109.3,106.2,3.0,99.6,0.5168666666666667,0.875,15.1,6.5,3.7,1.1,0.5,1.4,0.447,0.382,0.761,33.3,0.7657657657657659,20.6,10.2,6.9,1.2,0.7,3.0,0.518,0.329,0.81,32.5,1.1261538461538465,18.9,3.9,4.8,1.2,0.3,2.2,0.454,0.345,0.894,32.3,0.8328173374613004,10.2,2.9,2.2,1.3,0.2,1.0,0.4,0.299,0.829,32.1,0.49221183800623053,11.3,3.7,1.1,0.6,0.9,0.8,0.468,0.397,0.73,26.4,0.6363636363636365,12.1,5.9,1.6,0.9,0.7,1.2,0.476,0.44,0.853,24.4,0.819672131147541,8.5,1.8,3.6,0.7,0.2,0.7,0.459,0.402,0.8,21.1,0.6682464454976302,4.9,3.4,0.7,0.4,0.7,0.5,0.451,0.319,0.645,18.1,0.5303867403314917
2019-20,DET,1610612765,0,Missed Playoffs,0.333,108.0,42.4,24.1,7.4,4.7,15.5,0.461,0.368,0.744,-2.6,19.0,38.0,106.3,109.4,-3.0,100.4,0.4842000000000001,0.625,15.8,3.5,4.1,0.4,0.2,1.5,0.442,0.399,0.893,32.9,0.6838905775075987,15.5,4.7,3.3,0.4,0.4,2.2,0.352,0.243,0.776,28.5,0.775438596491228,8.7,4.5,3.9,1.1,0.5,1.8,0.44,0.337,0.73,27.9,0.6057347670250895,8.1,1.8,1.9,0.5,0.2,0.5,0.451,0.412,1.0,27.5,0.43636363636363634,18.2,2.5,5.8,0.8,0.3,2.5,0.49,0.306,0.859,26.2,0.9580152671755726,10.1,2.2,1.6,0.7,0.2,0.6,0.432,0.395,0.857,26.0,0.5461538461538461,8.9,1.7,1.6,0.6,0.1,1.0,0.431,0.422,0.86,22.1,0.5384615384615383,12.2,3.5,2.8,0.6,0.5,1.2,0.419,0.382,0.77,21.9,0.8401826484018267
2019-20,GSW,1610612744,0,Missed Playoffs,0.218,106.3,43.1,25.2,8.5,4.7,14.7,0.433,0.341,0.811,-8.4,12.0,43.0,102.5,110.2,-7.7,102.9,0.5168666666666667,0.375,22.5,5.0,3.7,0.8,0.9,2.6,0.451,0.341,0.719,34.5,0.8782608695652173,8.3,6.4,6.2,1.4,0.8,2.3,0.388,0.288,0.759,29.1,0.7147766323024055,12.0,4.9,2.5,1.0,0.1,1.3,0.413,0.356,0.882,28.0,0.6857142857142857,20.3,5.0,6.5,1.3,0.5,3.8,0.409,0.243,1.0,28.0,1.0642857142857143,13.2,4.7,1.7,0.6,0.2,1.5,0.482,0.282,0.774,26.7,0.7078651685393258,7.0,2.5,3.0,0.9,0.2,1.4,0.4,0.326,0.829,21.9,0.5570776255707762,7.8,2.0,2.0,0.6,0.2,1.0,0.295,0.265,0.839,21.5,0.5395348837209302,8.7,5.7,1.7,0.6,1.1,1.3,0.536,0.229,0.756,19.2,0.859375
2019-20,HOU,1610612745,2,Second Round Exit,0.63,118.2,45.6,21.4,8.2,5.0,14.5,0.451,0.347,0.787,3.7,34.0,20.0,110.8,107.5,3.3,106.1,0.5168666666666667,0.625,35.3,6.5,7.3,1.6,1.0,4.5,0.437,0.358,0.869,37.1,1.2722371967654984,27.2,8.0,7.2,1.6,0.4,4.4,0.463,0.238,0.785,36.0,1.1111111111111114,7.4,7.0,1.6,1.2,0.4,1.1,0.435,0.364,0.841,34.9,0.4727793696275071,10.6,4.5,1.3,1.1,0.6,0.9,0.421,0.375,0.789,31.0,0.5548387096774194,12.8,6.0,1.2,1.7,1.0,1.5,0.433,0.346,0.798,29.6,0.7162162162162161,15.3,2.0,1.5,0.6,0.4,1.0,0.374,0.332,0.73,29.4,0.6394557823129252,8.5,2.4,1.5,0.7,0.2,0.6,0.412,0.337,0.688,23.6,0.5381355932203389,10.2,2.2,0.9,0.6,0.2,0.8,0.436,0.381,0.759,23.6,0.5635593220338981
2019-20,IND,1610612754,1,First Round Exit,0.582,109.7,42.5,26.2,7.0,5.0,12.9,0.478,0.366,0.789,2.1,32.0,23.0,108.7,105.8,2.9,100.6,0.4842000000000001,0.5,18.3,12.5,4.8,0.7,0.5,2.7,0.541,0.224,0.727,34.6,0.9855491329479769,18.5,3.7,1.4,1.2,0.5,1.2,0.53,0.373,0.798,32.3,0.7461300309597523,16.6,4.7,7.3,0.7,0.2,2.5,0.438,0.324,0.906,30.8,0.8766233766233766,11.9,6.1,1.2,0.7,1.9,1.3,0.451,0.344,0.764,29.1,0.7044673539518899,12.9,4.4,2.1,1.2,0.5,1.1,0.46,0.344,0.842,28.7,0.6968641114982579,8.3,3.4,1.5,1.0,0.6,0.5,0.434,0.417,0.788,25.4,0.5629921259842521,11.1,2.0,2.9,0.6,0.1,1.7,0.329,0.244,0.8,25.0,0.6000000000000001,9.9,2.2,3.4,0.7,0.2,1.3,0.415,0.413,0.87,22.8,0.662280701754386
2019-20,LAC,1610612746,2,Second Round Exit,0.673,115.9,48.2,23.8,7.2,5.1,15.0,0.463,0.364,0.786,5.6,37.0,18.0,109.7,105.1,4.7,104.7,0.5168666666666667,0.5,27.2,7.5,5.3,1.8,0.7,3.0,0.463,0.374,0.895,32.5,1.2153846153846153,19.0,5.4,1.4,0.8,0.4,1.7,0.442,0.432,0.823,32.3,0.78328173374613,19.5,3.1,5.9,0.6,0.2,2.9,0.412,0.35,0.863,30.0,0.8800000000000001,21.7,6.1,3.9,1.3,0.5,3.0,0.426,0.394,0.899,29.4,1.0374149659863943,10.6,2.1,1.8,0.4,0.2,0.8,0.436,0.41,0.918,29.2,0.48972602739726023,18.8,7.1,1.8,0.6,1.1,1.8,0.576,0.0,0.634,28.4,0.9718309859154931,8.5,5.8,4.0,1.2,0.6,1.4,0.43,0.364,0.632,28.0,0.6678571428571429,14.9,2.9,5.1,0.6,0.1,1.6,0.384,0.378,0.788,27.2,0.8088235294117647
2019-20,LAL,1610612747,5,Champion,0.774,114.7,46.2,26.3,8.5,6.8,15.2,0.488,0.363,0.73,7.4,41.0,12.0,111.2,103.8,7.4,102.9,0.5168666666666667,0.5,25.0,7.8,10.8,1.3,0.4,4.0,0.489,0.345,0.687,34.9,1.1833810888252148,26.6,9.2,3.3,1.6,2.4,2.4,0.519,0.316,0.853,34.7,1.1729106628242072,9.5,2.1,1.7,0.8,0.2,0.8,0.47,0.415,0.819,25.3,0.533596837944664,8.6,3.5,1.3,1.2,0.5,0.9,0.422,0.378,0.727,25.0,0.568,12.6,4.4,1.3,0.4,0.4,1.6,0.437,0.332,0.743,24.7,0.7085020242914979,8.5,2.2,1.2,0.8,0.1,0.9,0.459,0.37,0.8,23.4,0.5085470085470085,11.0,3.9,1.6,0.6,0.3,1.6,0.45,0.397,0.772,22.5,0.7022222222222223,7.8,3.3,5.3,0.8,0.1,2.0,0.429,0.352,0.727,21.0,0.7285714285714286
2019-20,MEM,1610612763,0,Missed Playoffs,0.519,113.0,45.8,27.4,8.0,5.7,15.1,0.473,0.351,0.775,-1.4,28.0,26.0,107.2,107.9,-0.7,105.5,0.5168666666666667,0.375,11.3,6.6,4.0,0.6,0.5,2.2,0.388,0.222,0.667,32.0,0.65,17.6,3.5,7.1,1.0,0.3,3.2,0.493,0.358,0.783,29.9,0.879598662207358,15.7,3.4,2.0,0.9,0.4,1.6,0.413,0.385,0.834,28.3,0.7349823321554768,17.1,4.8,1.4,0.7,1.7,1.7,0.468,0.397,0.747,28.1,0.8540925266903914,14.9,10.5,1.9,0.4,1.2,1.8,0.587,0.375,0.722,26.0,1.0423076923076922,12.3,5.7,1.4,0.5,0.8,0.9,0.623,0.42,0.793,21.8,0.908256880733945,6.9,1.6,4.5,0.9,0.1,0.9,0.468,0.386,0.778,18.8,0.6968085106382979,8.0,3.6,3.0,1.3,0.3,1.5,0.439,0.273,0.831,18.4,0.7989130434782609
2019-20,MIA,1610612748,4,Finals Loss,0.648,111.7,45.0,25.3,7.3,4.1,14.9,0.468,0.378,0.778,3.4,35.0,19.0,109.7,106.7,3.0,100.2,0.4842000000000001,0.5,15.8,10.4,4.9,1.2,1.2,2.7,0.579,0.091,0.681,34.5,0.892753623188406,20.6,6.8,6.1,1.8,0.5,2.3,0.457,0.248,0.836,34.4,0.9738372093023256,15.3,2.7,3.5,0.9,0.2,1.7,0.439,0.341,0.829,30.0,0.6966666666666667,10.4,6.2,2.7,1.1,0.3,1.2,0.383,0.315,0.798,29.4,0.6632653061224492,12.6,3.2,1.4,0.5,0.2,0.8,0.457,0.438,0.889,29.1,0.5876288659793814,16.1,3.0,5.0,0.6,0.2,2.5,0.447,0.384,0.749,28.3,0.7915194346289753,13.1,4.0,2.0,0.6,0.2,1.6,0.414,0.393,0.835,27.7,0.6606498194945849,8.7,4.2,0.9,1.0,0.7,0.6,0.494,0.286,0.779,24.7,0.603238866396761
2019-20,MIL,1610612749,2,Second Round Exit,0.852,119.6,52.0,26.1,7.4,6.3,14.7,0.48,0.361,0.735,12.1,46.0,8.0,111.5,99.8,11.7,107.3,0.4842000000000001,0.75,30.0,13.5,5.8,1.1,1.1,3.7,0.549,0.313,0.614,30.9,1.5469255663430421,20.4,6.1,4.3,1.0,0.1,2.0,0.501,0.438,0.902,29.6,1.010135135135135,15.7,4.8,5.3,0.9,0.5,2.4,0.48,0.339,0.828,27.1,0.9151291512915128,10.6,4.5,1.6,0.7,2.6,1.0,0.429,0.298,0.828,26.8,0.708955223880597,7.5,2.5,1.4,0.6,0.2,0.7,0.406,0.371,0.774,24.6,0.46747967479674796,9.2,4.7,2.2,1.5,0.3,1.2,0.456,0.344,0.776,22.9,0.7292576419213974,9.7,3.0,3.0,0.7,0.1,1.0,0.541,0.511,0.821,21.1,0.7345971563981042,6.8,2.7,1.0,0.6,0.5,0.6,0.453,0.378,0.865,19.7,0.5583756345177665
2019-20,MIN,1610612750,0,Missed Playoffs,0.302,112.4,45.6,23.7,8.6,5.9,15.5,0.437,0.332,0.757,-3.5,16.0,37.0,104.8,108.9,-4.2,105.2,0.5168666666666667,0.25,26.5,10.8,4.4,0.9,1.2,3.1,0.508,0.412,0.796,33.9,1.2005899705014749,23.6,3.7,6.3,1.0,0.3,3.1,0.431,0.379,0.796,32.2,0.9875776397515527,10.5,2.9,0.8,0.9,0.7,1.3,0.462,0.352,0.6,26.3,0.5513307984790874,8.6,4.4,1.6,1.1,0.4,1.5,0.412,0.25,0.791,24.4,0.5983606557377049,9.1,3.4,1.8,1.0,0.7,1.3,0.388,0.277,0.465,24.4,0.6024590163934427,8.9,2.2,1.3,0.8,0.1,1.0,0.395,0.371,0.86,19.2,0.6406250000000001,6.7,1.7,3.8,1.0,0.1,0.7,0.455,0.34,0.667,19.1,0.6596858638743455,7.6,4.5,1.0,0.7,0.5,1.1,0.431,0.391,0.793,18.1,0.729281767955801
2019-20,NOP,1610612740,0,Missed Playoffs,0.418,115.8,46.6,26.3,7.4,5.3,16.0,0.46,0.373,0.737,-1.5,23.0,32.0,108.2,109.5,-1.3,106.1,0.5168666666666667,0.25,19.3,4.7,6.5,1.7,0.9,2.9,0.441,0.347,0.706,34.6,0.8728323699421966,24.9,6.4,4.2,1.0,0.7,3.0,0.473,0.4,0.862,34.1,1.002932551319648,11.9,6.1,6.7,1.3,0.5,3.0,0.4,0.366,0.566,32.0,0.734375,10.6,6.4,1.6,1.1,0.4,1.1,0.423,0.354,0.772,28.2,0.6737588652482269,22.1,7.5,2.2,0.7,0.4,2.8,0.576,0.364,0.654,27.4,1.0985401459854014,15.7,2.6,2.0,0.4,0.2,1.2,0.454,0.458,0.9,27.2,0.7242647058823529,9.5,9.9,1.8,0.6,1.0,1.3,0.623,0.2,0.604,23.9,0.8995815899581591,3.8,5.1,1.5,0.7,0.6,0.6,0.343,0.26,0.375,22.3,0.49775784753363217
2019-20,NYK,1610612752,0,Missed Playoffs,0.309,104.8,46.5,21.7,7.7,4.6,14.3,0.44,0.334,0.692,-7.0,17.0,38.0,102.5,110.2,-7.7,101.0,0.4842000000000001,0.25,19.3,9.6,3.2,0.8,0.3,3.1,0.455,0.264,0.712,32.8,0.9176829268292682,13.6,5.1,2.4,1.0,0.4,2.1,0.388,0.318,0.611,30.5,0.6688524590163932,9.7,4.7,6.9,1.7,0.4,2.0,0.43,0.237,0.536,27.4,0.7810218978102188,9.8,2.5,1.5,1.1,0.0,0.6,0.4,0.33,0.867,25.9,0.5521235521235521,5.5,4.0,1.0,1.0,0.6,0.9,0.509,0.355,0.571,22.9,0.4890829694323144,9.2,6.7,0.5,0.9,1.8,0.6,0.73,0.0,0.581,22.6,0.81858407079646,9.4,5.3,1.6,0.5,0.2,1.1,0.431,0.348,0.747,20.8,0.7644230769230769,5.8,2.2,3.0,0.9,0.3,1.3,0.382,0.304,0.864,20.6,0.529126213592233
2019-20,OKC,1610612760,1,First Round Exit,0.6,110.6,43.1,22.0,7.4,4.9,13.6,0.471,0.354,0.804,2.6,33.0,22.0,109.0,106.3,2.7,100.8,0.5168666666666667,0.5,19.5,6.1,3.2,1.2,0.7,1.9,0.465,0.35,0.809,35.5,0.8112676056338028,17.4,5.0,6.7,1.6,0.1,2.1,0.485,0.362,0.898,31.8,0.9025157232704402,19.3,3.8,4.0,0.6,0.2,2.6,0.472,0.387,0.844,31.2,0.8108974358974359,19.3,5.7,2.3,0.7,0.1,1.3,0.443,0.407,0.899,30.7,0.8729641693811075,10.7,9.3,2.6,0.7,1.1,1.5,0.583,0.333,0.588,27.0,0.8481481481481482,4.5,1.6,1.0,0.6,0.3,0.6,0.387,0.313,0.769,25.0,0.296,5.8,1.5,0.6,0.8,0.1,0.6,0.402,0.3,0.75,20.8,0.39423076923076916,6.4,3.4,0.6,0.8,0.2,1.0,0.451,0.172,0.667,18.9,0.5502645502645503
2019-20,ORL,1610612753,1,First Round Exit,0.436,103.9,44.5,23.2,8.5,5.8,12.7,0.434,0.337,0.765,-1.5,24.0,31.0,103.7,105.2,-1.5,100.0,0.4842000000000001,0.875,14.2,7.3,3.1,0.8,0.5,1.6,0.424,0.308,0.675,32.2,0.7546583850931676,19.0,10.8,3.7,0.9,0.9,1.5,0.458,0.344,0.776,32.2,1.0496894409937887,18.7,2.7,3.2,1.1,0.2,2.0,0.462,0.408,0.828,31.7,0.7539432176656151,12.0,6.9,1.4,1.6,2.4,1.5,0.463,0.33,0.767,29.7,0.7676767676767676,11.9,3.5,5.0,1.3,0.2,2.0,0.465,0.27,0.75,28.2,0.7056737588652482,13.4,3.0,1.1,1.1,0.4,1.0,0.387,0.322,0.837,26.8,0.6716417910447761,10.7,2.4,4.7,0.7,0.0,1.4,0.393,0.346,0.877,26.0,0.6576923076923078,4.3,4.8,1.2,1.0,0.4,0.9,0.291,0.25,0.655,21.1,0.5118483412322274
2019-20,PHI,1610612755,1,First Round Exit,0.618,108.6,45.9,26.1,8.2,5.5,14.7,0.465,0.354,0.741,2.4,34.0,21.0,107.0,104.1,2.9,101.4,0.4842000000000001,0.5,16.9,7.9,8.3,2.2,0.6,3.6,0.584,0.333,0.628,36.3,0.8898071625344353,19.0,6.7,3.0,0.7,0.6,1.5,0.472,0.363,0.802,34.3,0.8309037900874636,12.0,6.7,3.9,0.9,0.9,1.0,0.44,0.327,0.732,30.9,0.7572815533980581,14.6,3.2,3.2,0.9,0.6,2.1,0.437,0.339,0.795,30.8,0.6623376623376622,12.7,4.6,1.7,0.9,0.3,1.0,0.486,0.395,0.851,30.8,0.6233766233766233,22.9,11.9,3.2,0.8,1.4,3.0,0.466,0.336,0.806,30.5,1.219672131147541,15.8,4.6,3.1,1.0,0.3,1.6,0.405,0.372,0.897,28.7,0.8083623693379791,9.6,2.3,1.0,0.5,0.2,0.7,0.437,0.392,0.712,21.3,0.6056338028169013
2019-20,PHX,1610612756,0,Missed Playoffs,0.4,112.4,43.3,26.9,7.8,4.0,14.8,0.463,0.349,0.821,-1.2,22.0,33.0,108.3,108.0,0.2,103.9,0.5168666666666667,0.5,26.4,4.2,6.3,0.8,0.3,3.9,0.496,0.358,0.92,35.9,0.9498607242339832,18.9,6.6,1.5,1.2,0.7,1.5,0.455,0.359,0.789,34.4,0.7965116279069767,18.7,12.0,2.2,0.7,1.6,1.9,0.539,0.0,0.804,33.1,1.0060422960725077,12.3,4.4,8.6,1.4,0.2,2.6,0.401,0.338,0.829,31.3,0.7763578274760383,8.1,3.9,1.6,1.5,0.6,1.0,0.506,0.345,0.82,25.7,0.5719844357976653,9.6,6.0,1.9,0.6,0.3,1.2,0.442,0.314,0.853,24.8,0.6935483870967742,11.5,5.8,1.9,0.2,0.6,1.2,0.49,0.333,0.721,22.9,0.8209606986899564,11.0,4.9,2.2,0.4,0.3,1.0,0.455,0.348,0.67,22.4,0.7946428571428572
2019-20,POR,1610612757,1,First Round Exit,0.446,113.4,45.8,20.0,5.9,6.3,12.9,0.456,0.37,0.805,-1.9,25.0,31.0,109.5,110.7,-1.3,103.5,0.5168666666666667,0.625,29.5,4.4,7.9,1.0,0.3,2.9,0.46,0.393,0.889,37.0,1.0864864864864863,21.3,3.9,3.8,0.7,0.6,1.8,0.446,0.383,0.75,35.7,0.7983193277310924,15.1,6.6,1.5,0.8,0.5,1.8,0.414,0.35,0.837,32.5,0.6984615384615385,15.7,14.1,1.2,0.4,3.0,1.9,0.613,0.5,0.71,30.8,1.055194805194805,11.0,3.4,1.5,0.8,0.2,0.9,0.506,0.493,0.778,29.5,0.5423728813559321,9.0,4.0,2.0,0.0,0.7,2.0,0.474,0.429,1.0,28.8,0.4756944444444444,7.0,4.6,1.6,1.3,0.3,0.9,0.427,0.363,0.833,26.4,0.5265151515151516,9.1,2.5,1.5,0.3,0.2,1.0,0.415,0.34,0.821,22.2,0.5675675675675675
2019-20,SAC,1610612758,0,Missed Playoffs,0.389,107.9,42.3,23.2,7.4,4.3,14.7,0.456,0.361,0.764,-2.9,21.0,33.0,106.2,109.0,-2.8,100.5,0.5168666666666667,0.75,14.5,4.9,2.2,0.6,0.1,1.2,0.452,0.362,0.802,34.6,0.6098265895953757,20.4,5.0,3.2,0.9,0.3,2.5,0.431,0.385,0.83,33.4,0.8173652694610778,19.7,4.2,7.0,1.5,0.6,3.3,0.468,0.304,0.681,31.5,0.9428571428571428,13.1,8.5,1.0,1.1,1.4,1.2,0.66,0.0,0.817,29.4,0.8129251700680273,12.3,6.4,2.8,0.9,0.6,1.5,0.485,0.449,0.852,28.4,0.757042253521127,14.4,3.2,3.1,0.9,0.3,1.8,0.429,0.366,0.699,28.2,0.7127659574468086,15.0,6.0,1.8,1.3,0.5,1.9,0.504,0.27,0.736,26.2,0.8664122137404582,14.2,7.5,0.8,0.5,0.9,1.4,0.467,0.182,0.806,25.7,0.8754863813229572
2019-20,SAS,1610612759,0,Missed Playoffs,0.426,113.2,45.1,24.5,6.9,5.4,12.4,0.471,0.368,0.804,-1.3,23.0,31.0,110.1,110.9,-0.9,101.9,0.5168666666666667,0.75,23.0,5.7,5.2,1.1,0.2,2.5,0.534,0.276,0.844,34.3,0.9533527696793005,19.1,7.6,2.4,0.6,1.6,1.4,0.501,0.407,0.83,33.2,0.9006024096385543,11.1,2.1,1.9,0.5,0.0,0.9,0.407,0.376,0.831,25.3,0.5810276679841897,10.4,5.8,4.0,1.6,0.3,1.9,0.485,0.378,0.791,24.6,0.8211382113821138,10.2,3.1,3.4,0.6,0.8,1.2,0.458,0.358,0.849,23.8,0.7100840336134454,11.7,1.6,1.9,0.8,0.1,0.9,0.435,0.39,0.826,23.1,0.658008658008658,9.5,5.3,1.7,0.4,0.5,1.4,0.439,0.318,0.866,21.0,0.7619047619047619,5.4,5.6,1.0,0.3,0.4,0.6,0.434,0.354,0.688,18.4,0.6576086956521741
2019-20,TOR,1610612761,2,Second Round Exit,0.727,112.9,45.3,25.6,8.9,4.9,14.4,0.46,0.377,0.795,6.3,40.0,15.0,109.6,102.3,7.3,102.9,0.4842000000000001,1.0,19.6,4.7,7.6,1.2,0.4,2.9,0.42,0.357,0.855,36.5,0.8383561643835616,18.0,3.7,6.8,1.9,0.3,2.3,0.412,0.396,0.842,36.0,0.7888888888888889,23.5,7.5,3.5,1.0,0.9,2.4,0.458,0.362,0.802,35.0,0.9714285714285714,10.2,5.4,1.5,1.2,0.6,1.2,0.499,0.372,0.662,29.1,0.6082474226804124,15.3,3.9,1.7,1.3,0.4,1.5,0.498,0.401,0.84,28.2,0.7482269503546098,7.8,6.5,3.5,0.8,0.9,1.2,0.424,0.403,0.722,27.8,0.658273381294964,16.1,8.0,1.4,0.5,0.8,1.9,0.526,0.404,0.738,27.2,0.9154411764705883,4.9,2.2,2.3,1.1,0.1,0.8,0.438,0.362,0.75,24.1,0.40663900414937754
2019-20,UTA,1610612762,1,First Round Exit,0.667,111.3,45.7,22.2,5.8,3.9,15.0,0.475,0.387,0.768,4.1,36.0,18.0,110.1,105.9,4.2,101.0,0.5168666666666667,0.5,15.6,14.6,1.5,0.7,1.9,2.0,0.689,0.0,0.613,34.6,0.9335260115606935,24.3,4.3,4.3,1.1,0.2,2.7,0.457,0.363,0.861,34.4,0.9156976744186048,21.0,4.1,2.1,0.6,0.1,2.5,0.454,0.425,0.897,33.3,0.762762762762763,10.0,4.0,5.2,0.9,0.1,1.9,0.433,0.396,0.789,30.1,0.6079734219269103,5.9,5.2,2.5,0.7,0.4,0.9,0.445,0.407,0.828,29.2,0.47260273972602745,13.5,3.2,4.2,0.7,0.1,1.8,0.392,0.361,0.78,27.9,0.7132616487455197,15.3,2.5,2.1,0.6,0.3,1.2,0.464,0.378,0.838,24.1,0.8132780082987553,7.3,2.4,2.3,0.4,0.2,1.4,0.467,0.361,0.726,16.1,0.6956521739130433
2019-20,WAS,1610612764,0,Missed Playoffs,0.377,115.6,42.4,25.6,7.7,4.5,13.9,0.464,0.364,0.781,-4.2,20.0,33.0,109.3,113.0,-3.8,105.5,0.4842000000000001,0.375,29.1,4.4,6.2,1.0,0.4,3.2,0.454,0.322,0.843,35.5,1.0676056338028168,15.0,4.6,1.8,0.7,0.7,1.0,0.436,0.424,0.867,29.3,0.7440273037542662,13.9,6.0,1.5,0.7,0.2,0.9,0.487,0.236,0.826,28.8,0.7430555555555555,10.8,3.2,4.7,0.8,0.4,1.3,0.458,0.356,0.672,26.4,0.7045454545454545,10.2,5.6,2.3,1.3,0.1,1.0,0.458,0.333,0.758,25.8,0.7170542635658914,12.9,7.4,2.2,0.3,0.9,1.4,0.588,0.341,0.747,25.5,0.8745098039215686,9.7,3.0,5.1,1.1,0.2,2.1,0.406,0.309,0.827,23.3,0.7296137339055793,12.2,1.7,3.7,0.3,0.2,1.9,0.408,0.413,0.816,23.1,0.7012987012987012
2020-21,ATL,1610612737,3,Conference Finals,0.444,112.6,45.7,24.4,6.9,4.8,14.4,0.454,0.362,0.822,0.4,16.0,20.0,111.0,110.8,0.2,100.7,0.4826,0.75,26.4,4.2,9.4,0.9,0.2,4.4,0.43,0.378,0.878,34.8,1.0545977011494254,17.2,5.4,2.2,0.9,0.5,1.4,0.514,0.366,0.877,32.1,0.7725856697819314,12.1,3.6,3.7,1.3,0.2,1.3,0.426,0.365,0.824,32.1,0.6105919003115264,18.0,7.6,1.4,0.4,1.0,1.3,0.536,0.388,0.853,30.7,0.8827361563517915,14.7,14.2,0.9,0.8,2.2,1.4,0.589,0.0,0.55,29.7,1.0572390572390573,11.2,4.0,1.3,1.3,0.3,1.3,0.365,0.262,0.817,28.9,0.5813148788927336,12.5,2.3,3.7,0.9,0.1,1.6,0.422,0.398,0.865,22.7,0.7885462555066078,9.4,3.5,2.2,0.4,0.2,1.2,0.385,0.343,0.909,22.6,0.6415929203539823
2020-21,BOS,1610612738,1,First Round Exit,0.528,111.7,43.8,22.4,7.9,5.0,14.2,0.467,0.373,0.763,0.9,19.0,17.0,110.5,110.2,0.3,100.5,0.4826,0.5,24.9,7.1,4.5,1.4,0.5,2.5,0.437,0.368,0.859,35.8,1.0027932960893855,24.7,5.6,3.9,1.1,0.5,2.8,0.495,0.388,0.772,33.8,0.9763313609467457,13.1,2.8,6.1,1.8,0.5,1.8,0.394,0.311,0.742,32.3,0.6965944272445821,18.5,3.1,3.8,1.0,0.3,2.1,0.45,0.371,0.79,29.2,0.8424657534246576,14.0,6.7,3.5,0.9,0.9,1.1,0.442,0.356,0.778,28.2,0.8829787234042552,7.9,8.3,1.0,0.4,0.4,0.9,0.531,0.0,0.632,22.8,0.75,7.7,2.3,2.3,0.6,0.2,1.1,0.457,0.402,0.944,21.4,0.5607476635514019,5.5,2.9,0.8,0.3,0.0,0.4,0.417,0.383,0.714,19.0,0.47894736842105273
2020-21,BKN,1610612751,2,Second Round Exit,0.649,121.1,44.3,27.2,6.5,5.4,14.4,0.5,0.407,0.803,5.0,24.0,13.0,117.2,110.9,6.3,102.5,0.4826,0.375,25.3,7.8,11.1,1.2,0.7,4.2,0.484,0.401,0.859,37.8,1.1084656084656086,29.0,7.3,5.3,0.7,1.4,3.5,0.524,0.434,0.869,35.8,1.1229050279329609,27.2,4.8,6.0,1.1,0.6,2.3,0.51,0.411,0.887,35.5,1.0535211267605635,12.3,5.2,3.9,0.7,0.1,1.6,0.365,0.315,0.71,31.3,0.6581469648562299,14.8,3.5,1.8,0.5,0.2,0.8,0.53,0.506,0.7,30.9,0.6472491909385114,9.5,3.6,1.4,0.7,0.2,0.8,0.507,0.422,0.796,26.4,0.553030303030303,13.7,4.5,1.7,0.4,0.9,1.0,0.464,0.36,0.838,25.9,0.7799227799227798,7.4,7.5,1.9,0.3,1.5,1.7,0.762,0.0,0.518,22.8,0.7412280701754387
2020-21,CHA,1610612766,0,Missed Playoffs,0.486,112.7,44.0,27.1,8.3,4.7,15.5,0.464,0.385,0.775,-0.5,17.0,18.0,109.6,110.5,-0.8,102.3,0.4826,0.75,21.5,5.4,3.9,1.3,0.4,2.0,0.487,0.405,0.857,34.8,0.8764367816091952,20.5,3.8,3.2,1.4,0.4,2.1,0.49,0.439,0.824,33.5,0.8119402985074625,13.7,3.0,5.7,1.0,0.0,1.4,0.352,0.347,0.775,32.8,0.6707317073170732,12.5,6.3,2.9,1.1,1.2,2.1,0.449,0.385,0.778,29.3,0.7474402730375426,15.8,6.0,6.3,1.6,0.4,2.8,0.449,0.378,0.802,28.9,0.9446366782006921,10.0,5.7,2.1,0.7,0.7,1.7,0.491,0.383,0.932,26.8,0.6529850746268656,9.7,7.6,2.4,0.6,0.6,1.1,0.514,0.158,0.758,23.4,0.846153846153846,13.5,2.9,1.9,0.3,0.1,1.5,0.462,0.439,0.787,22.7,0.7577092511013216
2020-21,CHI,1610612741,0,Missed Playoffs,0.471,115.0,44.2,26.2,7.0,4.4,16.0,0.486,0.378,0.8,-0.2,16.0,18.0,110.1,110.2,-0.1,103.5,0.4826,0.5,28.7,5.2,5.1,1.1,0.4,3.9,0.525,0.435,0.857,35.6,1.0280898876404494,24.6,11.6,3.7,1.0,0.6,1.7,0.483,0.412,0.851,33.9,1.1740412979351034,16.2,5.1,5.0,0.4,0.1,2.4,0.42,0.354,0.896,33.2,0.7349397590361445,19.1,6.1,0.9,0.6,0.4,1.7,0.514,0.396,0.844,30.4,0.8355263157894738,10.2,4.8,1.2,0.7,0.8,1.5,0.474,0.39,0.788,28.5,0.5684210526315789,8.8,3.2,2.1,0.9,0.5,1.0,0.428,0.344,0.816,28.4,0.5105633802816901,12.1,5.9,4.4,1.4,0.6,1.9,0.609,0.227,0.5,25.3,0.8893280632411067,9.3,5.0,1.4,0.6,1.1,1.0,0.564,0.37,0.667,24.3,0.6748971193415638
2020-21,CLE,1610612739,0,Missed Playoffs,0.389,104.6,43.8,23.6,8.4,5.2,16.1,0.454,0.346,0.725,-7.5,14.0,22.0,102.9,110.7,-7.8,100.0,0.4826,0.625,24.1,2.6,4.5,1.2,0.1,2.9,0.487,0.4,0.803,36.4,0.8131868131868134,9.3,6.8,3.2,1.9,0.5,1.5,0.483,0.381,0.571,33.4,0.6047904191616766,8.1,2.7,1.9,1.2,0.5,1.5,0.413,0.301,0.679,33.2,0.3885542168674699,16.1,2.2,5.9,1.2,0.1,2.9,0.44,0.384,0.849,32.9,0.6869300911854105,13.5,9.9,1.7,0.5,1.7,1.5,0.669,0.5,0.741,27.9,0.9247311827956989,10.9,3.7,2.7,0.9,0.1,1.1,0.373,0.332,0.796,25.8,0.6666666666666666,9.5,6.0,2.5,0.5,0.0,1.5,0.333,0.333,0.8,23.2,0.7327586206896552,8.3,3.6,1.7,0.7,0.7,1.1,0.38,0.386,0.849,21.4,0.6495327102803738
2020-21,DAL,1610612742,1,First Round Exit,0.529,111.8,42.9,22.6,6.5,4.6,12.4,0.465,0.35,0.783,-0.5,18.0,16.0,110.7,110.8,-0.1,100.9,0.5164666666666666,0.75,28.6,8.4,9.0,1.0,0.7,4.2,0.478,0.357,0.757,35.2,1.2357954545454544,12.8,3.3,2.5,0.9,0.2,1.5,0.427,0.288,0.948,31.5,0.5777777777777777,8.2,5.1,1.4,1.0,0.4,0.6,0.428,0.345,0.833,31.5,0.492063492063492,20.2,8.4,1.4,0.4,1.6,1.3,0.469,0.349,0.838,30.1,1.0199335548172757,16.4,3.2,1.7,0.6,0.2,0.9,0.438,0.385,0.802,29.5,0.7186440677966102,7.0,5.3,1.4,0.5,0.9,0.5,0.44,0.451,0.957,25.9,0.5637065637065638,12.7,3.5,3.4,0.5,0.0,1.3,0.531,0.402,0.853,24.9,0.7550200803212851,8.7,1.7,1.3,0.3,0.1,0.8,0.407,0.364,0.957,18.6,0.60752688172043
2020-21,DEN,1610612743,2,Second Round Exit,0.583,115.9,43.7,26.4,8.1,4.4,13.6,0.488,0.387,0.786,5.3,21.0,15.0,114.4,110.0,4.4,99.5,0.5164666666666666,0.75,27.1,11.0,8.6,1.6,0.6,3.2,0.567,0.418,0.881,35.9,1.2729805013927578,21.8,4.2,4.6,1.1,0.3,2.3,0.487,0.398,0.846,35.4,0.8389830508474576,11.6,4.1,3.1,0.8,0.4,1.7,0.442,0.388,0.755,29.9,0.6120401337792643,13.8,7.2,4.2,0.7,0.8,2.8,0.427,0.369,0.613,29.1,0.8213058419243985,14.6,7.0,0.9,0.9,1.1,1.1,0.502,0.416,0.756,28.6,0.8181818181818181,10.6,2.2,3.4,0.7,0.3,0.7,0.477,0.36,0.754,27.1,0.6088560885608856,10.4,5.2,1.7,0.8,0.5,1.0,0.524,0.41,0.695,23.9,0.7364016736401675,7.3,2.2,2.0,0.6,0.0,1.0,0.43,0.364,0.714,21.1,0.5260663507109005
2020-21,DET,1610612765,0,Missed Playoffs,0.278,108.0,42.5,24.3,7.8,5.0,14.6,0.442,0.352,0.774,-3.9,10.0,26.0,105.7,110.6,-4.9,99.9,0.4826,0.0,23.4,5.3,2.9,0.8,1.1,1.9,0.433,0.363,0.889,36.2,0.8729281767955801,10.4,9.1,3.8,0.8,0.9,2.1,0.607,0.0,0.674,28.0,0.8178571428571428,13.5,4.4,1.9,0.9,0.9,2.3,0.425,0.291,0.694,24.9,0.7751004016064255,11.9,5.2,2.4,1.0,0.4,1.5,0.481,0.293,0.629,23.8,0.815126050420168,10.8,1.7,1.4,0.5,0.2,0.7,0.454,0.433,0.741,23.2,0.5991379310344828,9.9,3.9,1.1,0.6,0.0,0.7,0.409,0.393,0.857,22.9,0.646288209606987,4.6,1.1,3.6,0.3,0.0,2.4,0.277,0.25,0.5,21.1,0.34123222748815163,6.4,2.2,2.4,0.7,0.2,1.0,0.448,0.32,0.771,20.8,0.5240384615384616
2020-21,GSW,1610612744,0,Missed Playoffs,0.514,113.4,43.3,27.8,8.0,5.0,14.8,0.463,0.367,0.778,0.5,19.0,18.0,107.5,106.8,0.7,105.3,0.5164666666666666,0.75,29.7,5.5,6.3,1.3,0.1,3.2,0.478,0.411,0.934,34.1,1.164222873900293,17.0,4.5,2.2,0.8,1.1,1.9,0.463,0.351,0.672,32.2,0.7360248447204969,15.5,5.9,1.4,1.1,0.8,1.3,0.436,0.321,0.74,30.4,0.7697368421052632,5.7,6.1,8.6,1.4,0.7,2.7,0.391,0.237,0.711,29.6,0.6689189189189187,11.8,5.9,0.7,0.3,1.1,1.5,0.51,0.37,0.629,20.8,0.8798076923076925,5.8,4.5,2.2,0.6,0.5,1.1,0.564,0.429,0.722,20.6,0.6067961165048543,6.4,3.4,1.4,0.7,0.1,0.5,0.446,0.377,0.903,19.2,0.5989583333333334,9.9,3.3,1.3,0.3,0.1,1.0,0.494,0.289,0.718,17.6,0.7897727272727272
2020-21,HOU,1610612745,0,Missed Playoffs,0.324,107.6,42.4,22.2,8.0,5.6,14.8,0.437,0.333,0.756,-5.3,11.0,23.0,103.4,108.1,-4.7,103.9,0.5164666666666666,0.375,21.0,3.2,6.0,0.9,0.7,3.3,0.424,0.34,0.744,31.7,0.8990536277602523,22.0,10.2,1.3,0.9,1.5,1.8,0.558,0.421,0.688,31.2,1.092948717948718,17.8,2.2,2.7,0.5,0.5,1.9,0.437,0.328,0.836,29.4,0.7414965986394558,9.9,5.3,1.7,0.9,0.5,1.2,0.536,0.319,0.754,27.5,0.6218181818181817,9.1,4.0,1.9,0.6,0.5,1.0,0.375,0.312,0.757,27.3,0.5531135531135531,10.1,5.9,2.1,0.8,0.5,1.3,0.441,0.328,0.733,26.5,0.6830188679245284,9.4,3.7,1.0,1.1,0.7,0.6,0.481,0.27,0.697,22.9,0.6681222707423582,7.4,4.2,1.7,1.0,0.2,0.8,0.439,0.402,0.933,22.3,0.6143497757847534
2020-21,IND,1610612754,0,Missed Playoffs,0.457,112.8,41.6,26.6,8.7,5.9,13.8,0.473,0.363,0.782,0.2,16.0,19.0,108.9,108.8,0.1,102.3,0.4826,0.875,20.8,11.1,6.0,1.0,0.6,3.4,0.525,0.333,0.714,36.5,0.989041095890411,21.2,4.6,6.2,1.2,0.2,2.1,0.447,0.378,0.897,35.6,0.8792134831460673,11.7,4.0,1.7,1.2,0.4,0.8,0.459,0.414,0.82,32.3,0.5634674922600619,13.5,6.5,0.9,1.0,3.4,1.4,0.484,0.314,0.778,31.5,0.7587301587301587,15.5,3.5,1.3,0.5,0.0,1.0,0.529,0.0,0.8,29.3,0.6757679180887373,18.5,4.3,6.0,1.1,0.5,2.2,0.435,0.349,0.765,27.8,1.0143884892086332,13.2,4.0,1.3,0.3,0.1,1.0,0.506,0.364,0.818,25.9,0.6911196911196913,6.7,3.7,6.8,2.0,0.4,1.9,0.526,0.316,0.5,25.3,0.6996047430830039
2020-21,LAC,1610612746,3,Conference Finals,0.632,114.8,44.2,24.4,6.9,4.6,13.3,0.484,0.419,0.844,5.4,24.0,14.0,116.0,109.4,6.6,99.5,0.5164666666666666,0.625,26.6,6.3,4.9,1.5,0.5,1.9,0.511,0.387,0.873,34.6,1.0953757225433525,23.7,6.1,5.4,1.1,0.5,3.4,0.499,0.45,0.888,33.5,0.9970149253731343,9.0,4.8,2.4,1.2,0.4,0.7,0.472,0.439,0.833,29.5,0.5796610169491525,12.3,3.8,0.9,0.5,0.3,0.9,0.44,0.464,0.905,24.4,0.6926229508196723,8.5,3.8,2.1,0.9,0.8,1.0,0.446,0.422,0.795,24.2,0.6239669421487604,11.1,6.6,1.8,0.2,1.2,1.1,0.508,0.356,0.818,24.0,0.8249999999999998,8.7,2.6,2.9,0.6,0.1,1.0,0.456,0.4,0.756,20.3,0.6847290640394088,9.5,3.5,2.5,1.5,0.5,1.5,0.381,0.333,0.0,20.3,0.7881773399014778
2020-21,LAL,1610612747,1,First Round Exit,0.649,111.4,45.4,24.5,7.3,6.1,15.1,0.481,0.351,0.745,5.1,24.0,13.0,109.1,103.7,5.4,100.9,0.5164666666666666,0.5,25.8,8.0,7.8,1.1,0.6,3.8,0.509,0.358,0.692,34.6,1.1416184971098264,22.5,8.4,3.0,1.3,1.8,2.0,0.533,0.293,0.715,32.8,1.0670731707317072,14.9,3.5,4.5,0.9,0.2,2.3,0.44,0.317,0.831,31.2,0.6955128205128204,17.5,13.5,2.6,1.6,1.2,3.2,0.474,0.0,0.597,28.9,1.1487889273356402,8.7,2.4,1.4,0.8,0.3,1.0,0.438,0.402,0.848,26.1,0.4827586206896552,11.5,6.7,1.1,0.4,0.6,1.5,0.444,0.365,0.632,25.9,0.725868725868726,13.8,6.4,1.1,0.6,0.7,1.1,0.626,0.0,0.756,24.1,0.8921161825726142,4.2,1.5,1.1,0.5,0.4,0.5,0.356,0.337,0.8,20.2,0.3564356435643565
2020-21,MEM,1610612763,1,First Round Exit,0.5,111.6,45.1,27.0,10.1,4.3,13.8,0.464,0.355,0.793,0.8,16.0,16.0,108.2,107.6,0.6,102.7,0.5164666666666666,0.875,19.8,3.3,7.7,1.0,0.2,2.9,0.454,0.233,0.797,30.7,0.9478827361563519,15.9,3.1,2.6,1.4,0.5,2.0,0.396,0.32,0.833,29.2,0.7363013698630138,13.4,6.1,3.5,1.2,0.7,1.5,0.477,0.38,0.762,27.6,0.8478260869565216,15.6,11.3,1.7,0.6,0.6,2.1,0.539,0.357,0.756,27.2,1.0183823529411764,12.2,5.7,1.6,1.2,0.6,0.6,0.515,0.326,0.66,26.9,0.7695167286245354,9.3,2.8,2.2,1.0,0.1,0.9,0.409,0.407,0.895,24.0,0.6041666666666666,9.6,2.9,1.4,0.7,0.1,1.0,0.478,0.443,0.875,22.8,0.6008771929824561,9.5,5.2,1.5,0.5,0.7,1.7,0.375,0.2,0.6,22.3,0.7040358744394618
2020-21,MIA,1610612748,1,First Round Exit,0.5,106.8,42.4,25.8,7.1,3.9,15.7,0.462,0.353,0.795,-1.6,18.0,18.0,106.1,107.6,-1.5,99.8,0.4826,0.875,19.2,9.5,5.4,0.9,1.0,3.0,0.563,0.333,0.847,33.9,0.9734513274336284,12.8,3.9,1.6,0.5,0.2,1.3,0.429,0.391,0.84,33.4,0.5299401197604791,20.5,7.5,7.8,1.9,0.4,2.3,0.454,0.235,0.863,33.1,1.0815709969788518,15.8,5.7,3.6,0.6,0.4,2.4,0.438,0.347,0.772,32.7,0.7247706422018348,20.0,5.2,4.5,1.5,0.5,2.2,0.399,0.331,0.747,32.7,0.9021406727828746,14.2,3.4,2.7,1.1,0.3,1.8,0.461,0.365,0.923,30.0,0.6633333333333333,14.8,3.1,4.8,0.6,0.2,2.8,0.458,0.361,0.841,27.1,0.7638376383763839,4.9,3.7,2.3,1.1,0.5,1.1,0.388,0.339,0.56,21.6,0.5277777777777778
2020-21,MIL,1610612749,5,Champion,0.611,118.8,48.2,25.8,8.1,4.8,13.6,0.485,0.388,0.735,6.3,22.0,14.0,114.6,108.7,5.9,103.6,0.4826,0.625,29.0,11.7,5.9,1.3,1.4,3.7,0.557,0.285,0.661,34.0,1.3411764705882352,20.6,6.1,5.7,1.1,0.2,2.6,0.495,0.432,0.884,33.4,0.9311377245508985,15.3,4.3,5.1,1.8,0.5,1.6,0.491,0.364,0.766,31.0,0.8193548387096775,4.4,4.6,1.4,0.9,0.6,1.0,0.366,0.314,0.783,30.0,0.36333333333333334,10.8,5.1,0.6,0.5,1.3,0.9,0.467,0.348,0.82,27.1,0.6420664206642067,10.3,4.7,3.0,1.1,0.2,1.2,0.418,0.384,0.636,26.7,0.6779026217228465,10.9,7.1,1.0,0.8,0.4,0.8,0.546,0.5,0.697,21.5,0.9023255813953488,6.5,4.3,1.4,0.7,0.5,0.4,0.443,0.393,0.824,21.1,0.6161137440758293
2020-21,MIN,1610612750,0,Missed Playoffs,0.194,107.9,43.3,25.2,8.6,5.6,14.7,0.435,0.346,0.764,-9.1,7.0,29.0,102.7,111.3,-8.6,104.2,0.5164666666666666,0.75,20.5,4.6,2.5,0.8,0.2,1.6,0.455,0.406,0.847,33.1,0.8157099697885196,22.0,10.9,3.9,0.9,1.7,3.2,0.494,0.375,0.909,32.7,1.1070336391437308,19.3,2.6,5.1,1.1,0.5,2.7,0.426,0.399,0.75,29.2,0.8869863013698631,14.9,4.0,2.5,0.9,0.4,1.8,0.371,0.302,0.805,29.1,0.7182130584192438,8.0,3.1,6.4,1.2,0.0,2.1,0.39,0.329,0.824,25.4,0.6535433070866141,11.9,4.8,1.3,0.6,1.2,1.1,0.515,0.34,0.733,20.6,0.9077669902912621,7.2,4.7,0.8,0.6,0.4,1.2,0.422,0.229,0.6,19.8,0.6313131313131314,5.4,2.3,4.7,1.0,0.2,1.1,0.376,0.348,0.8,19.4,0.6443298969072165
2020-21,NOP,1610612740,0,Missed Playoffs,0.417,115.5,46.1,25.6,7.3,4.0,13.9,0.484,0.359,0.732,-0.4,15.0,21.0,113.7,114.2,-0.6,100.9,0.5164666666666666,0.5,23.9,5.1,4.8,0.7,0.8,2.3,0.472,0.379,0.886,34.8,0.9482758620689656,25.6,7.2,3.4,0.9,0.7,2.6,0.614,0.316,0.695,33.1,1.0634441087613293,14.5,4.2,5.1,1.3,0.5,2.0,0.428,0.387,0.775,31.8,0.7421383647798742,12.6,3.5,3.8,0.8,0.3,1.6,0.435,0.385,0.679,29.7,0.6531986531986533,9.2,7.3,2.1,0.8,0.3,0.8,0.447,0.333,0.757,28.7,0.6585365853658538,8.0,8.9,2.1,0.9,0.6,1.5,0.615,0.0,0.443,27.8,0.6834532374100719,7.3,7.0,1.3,0.4,0.5,0.6,0.545,0.2,0.667,18.0,0.8833333333333333,5.9,3.1,1.7,0.9,0.8,1.0,0.464,0.259,0.538,17.9,0.6368715083798884
2020-21,NYK,1610612752,1,First Round Exit,0.514,104.9,46.5,21.2,6.7,4.8,13.8,0.455,0.372,0.777,0.5,19.0,18.0,106.6,106.5,0.1,98.2,0.4826,0.625,23.2,11.1,5.5,0.8,0.2,3.2,0.483,0.408,0.805,36.7,1.0245231607629426,16.5,6.0,2.9,0.6,0.2,1.9,0.443,0.35,0.73,33.2,0.7319277108433735,8.4,8.4,0.5,1.2,1.5,0.8,0.66,0.0,0.478,28.8,0.6666666666666666,12.7,3.8,3.7,0.7,0.2,1.9,0.443,0.25,0.743,28.2,0.6808510638297872,8.5,3.4,1.3,0.6,0.2,0.7,0.406,0.372,0.833,26.3,0.5057034220532319,11.1,4.3,2.0,0.7,0.2,1.1,0.405,0.402,0.839,24.7,0.6963562753036435,13.5,2.2,4.5,1.2,0.4,1.9,0.43,0.377,0.851,23.5,0.8468085106382978,4.9,6.1,0.6,1.0,2.0,1.2,0.613,0.0,0.667,22.2,0.6036036036036037
2020-21,OKC,1610612760,0,Missed Playoffs,0.417,105.9,44.3,23.0,7.1,4.3,14.6,0.446,0.34,0.735,-5.5,15.0,21.0,102.5,108.0,-5.5,102.4,0.5164666666666666,0.5,23.2,5.1,6.2,0.8,0.7,2.9,0.511,0.412,0.794,34.0,0.973529411764706,11.9,7.5,1.5,0.5,0.6,1.8,0.392,0.29,0.704,30.7,0.6579804560260586,18.5,3.6,4.6,1.1,0.4,2.2,0.388,0.366,0.914,30.0,0.8666666666666668,12.3,3.5,1.5,0.9,0.3,1.5,0.388,0.325,0.75,29.7,0.5723905723905724,7.8,3.0,3.3,1.0,0.1,1.8,0.394,0.354,0.75,25.7,0.5214007782101168,9.3,2.8,3.3,0.8,0.0,0.5,0.5,0.368,0.0,24.9,0.6305220883534138,8.6,5.4,1.8,0.8,0.6,1.3,0.521,0.34,0.724,21.3,0.7464788732394367,6.2,4.0,1.6,0.8,0.2,0.9,0.554,0.42,0.625,18.9,0.6296296296296297
2020-21,ORL,1610612753,0,Missed Playoffs,0.361,105.6,46.4,22.8,7.0,4.2,13.0,0.432,0.356,0.791,-6.6,13.0,23.0,104.0,110.7,-6.7,101.2,0.4826,0.375,9.7,2.5,1.7,0.9,0.2,0.7,0.442,0.32,0.733,30.6,0.46732026143790845,15.5,3.5,2.2,1.1,0.5,1.7,0.41,0.344,0.9,29.5,0.7152542372881356,12.3,7.8,2.3,0.7,0.8,1.9,0.535,0.35,0.733,26.9,0.8178438661710039,12.9,3.1,5.4,1.0,0.3,2.3,0.394,0.25,0.895,26.9,0.758364312267658,11.0,4.4,3.8,0.7,0.4,2.0,0.375,0.325,0.836,26.7,0.6853932584269662,9.0,4.8,4.1,0.6,0.5,1.9,0.403,0.258,0.763,26.4,0.6477272727272728,10.1,2.9,1.0,0.6,0.1,0.7,0.413,0.333,0.826,24.6,0.5691056910569106,11.6,6.3,2.0,0.6,0.2,0.9,0.444,0.4,0.833,23.2,0.8534482758620691
2020-21,PHI,1610612755,2,Second Round Exit,0.667,114.7,45.8,23.4,8.6,6.2,15.6,0.478,0.365,0.785,3.5,24.0,12.0,110.4,106.3,4.1,103.3,0.4826,0.5,20.2,7.6,3.4,0.8,0.8,1.9,0.513,0.402,0.887,34.4,0.8982558139534884,16.1,7.9,7.6,1.6,0.7,3.4,0.578,0.286,0.671,33.9,0.8997050147492628,30.2,11.6,3.3,1.2,1.4,3.2,0.521,0.416,0.856,33.0,1.3484848484848482,12.5,2.0,2.8,0.9,0.3,1.5,0.469,0.448,0.923,29.9,0.5685618729096991,8.5,3.6,1.7,1.3,0.8,1.3,0.393,0.376,0.65,28.3,0.5159010600706714,11.8,2.1,3.1,0.9,0.1,0.9,0.508,0.386,0.84,26.3,0.6501901140684411,13.8,2.1,3.0,0.6,0.3,1.5,0.441,0.313,0.887,25.1,0.7290836653386454,3.3,3.2,0.8,0.4,0.2,0.5,0.295,0.274,0.889,19.1,0.38743455497382195
2020-21,PHX,1610612756,4,Finals Loss,0.686,113.6,43.5,27.1,6.5,4.3,13.0,0.484,0.38,0.834,6.5,24.0,11.0,113.1,107.1,6.0,99.0,0.5164666666666666,0.625,24.9,3.6,4.4,0.9,0.3,3.3,0.496,0.362,0.839,33.9,0.9085545722713863,13.7,5.1,2.2,0.7,0.9,0.8,0.524,0.42,0.841,32.3,0.674922600619195,16.0,4.7,8.8,1.2,0.3,2.4,0.486,0.391,0.954,31.8,0.89937106918239,14.5,11.4,1.7,0.3,1.1,1.7,0.594,0.235,0.75,31.1,0.8778135048231511,10.1,5.0,2.1,0.8,0.3,0.9,0.402,0.376,0.829,27.6,0.6304347826086957,10.4,3.4,1.4,0.6,0.3,0.8,0.437,0.378,0.865,24.2,0.6322314049586777,11.5,4.0,1.3,0.8,0.2,1.2,0.483,0.377,0.919,18.1,0.9171270718232044,6.6,1.8,3.6,0.6,0.2,1.0,0.48,0.421,0.929,16.4,0.7195121951219512
2020-21,POR,1610612757,1,First Round Exit,0.6,114.5,44.3,19.9,7.2,5.1,11.6,0.445,0.382,0.825,-0.4,21.0,14.0,113.0,113.8,-0.8,100.9,0.5164666666666666,0.375,29.9,4.3,8.0,1.0,0.3,3.3,0.445,0.384,0.934,36.0,1.1166666666666665,26.7,3.9,5.0,1.3,0.3,1.0,0.473,0.441,0.844,33.8,1.071005917159763,7.9,6.6,1.7,1.6,1.2,1.2,0.374,0.333,0.821,31.9,0.5579937304075235,18.4,3.0,1.7,1.2,0.1,1.7,0.488,0.438,0.899,29.6,0.7668918918918919,8.1,4.8,0.9,0.8,1.1,0.7,0.505,0.333,0.645,27.0,0.5555555555555556,11.9,11.9,1.1,0.5,0.7,1.2,0.594,0.0,0.75,26.3,0.946768060836502,13.8,3.3,1.5,0.9,0.8,1.0,0.413,0.387,0.839,25.6,0.75390625,9.8,7.7,2.8,0.9,0.9,1.9,0.485,0.25,0.556,23.4,0.8632478632478633
2020-21,SAC,1610612758,0,Missed Playoffs,0.389,114.7,42.4,26.0,6.6,4.8,13.7,0.48,0.369,0.718,-5.6,14.0,22.0,111.7,117.2,-5.5,102.4,0.5164666666666666,0.625,16.7,6.1,3.6,0.8,0.2,1.4,0.492,0.392,0.826,35.7,0.7282913165266106,16.4,4.5,3.2,0.8,0.3,1.8,0.391,0.378,0.844,34.8,0.6724137931034483,23.0,3.2,7.6,1.2,0.5,3.3,0.466,0.342,0.672,34.2,0.9415204678362573,13.2,3.6,5.4,1.4,0.6,1.5,0.494,0.433,0.833,30.1,0.7541528239202658,13.0,8.3,1.7,0.7,1.5,1.3,0.651,0.167,0.806,29.4,0.8129251700680272,10.7,4.6,4.9,1.4,0.5,1.2,0.468,0.384,0.785,29.2,0.7157534246575342,14.1,7.6,1.0,0.5,0.5,1.4,0.5,0.37,0.529,26.1,0.8544061302681992,5.3,2.0,0.9,0.2,0.1,0.5,0.424,0.364,0.913,16.1,0.496894409937888
2020-21,SAS,1610612759,0,Missed Playoffs,0.563,111.0,45.0,25.3,7.3,4.9,11.2,0.456,0.363,0.79,0.0,18.0,14.0,108.0,108.3,-0.3,101.9,0.5164666666666666,1.0,20.0,4.9,7.2,0.9,0.3,1.7,0.484,0.308,0.893,33.8,0.9349112426035503,15.8,7.0,5.4,1.6,0.1,1.7,0.456,0.324,0.812,31.0,0.9096774193548389,14.1,6.7,2.2,0.8,0.5,1.4,0.472,0.326,0.782,29.1,0.7869415807560137,11.3,2.9,1.8,0.5,0.4,1.1,0.402,0.358,0.8,27.3,0.5787545787545787,13.3,1.8,2.7,0.6,0.0,1.1,0.448,0.402,0.9,25.8,0.6705426356589147,11.8,1.8,3.9,1.0,1.0,0.9,0.395,0.341,0.733,23.6,0.788135593220339,6.5,7.3,1.8,0.6,1.6,1.2,0.61,0.0,0.319,23.4,0.7094017094017097,11.2,5.2,1.5,0.7,0.5,1.2,0.419,0.366,0.767,22.0,0.8136363636363636
2020-21,TOR,1610612761,0,Missed Playoffs,0.472,113.0,41.3,25.2,8.5,5.5,13.7,0.453,0.383,0.832,1.4,17.0,19.0,111.0,109.3,1.7,102.0,0.4826,0.625,20.1,4.4,6.6,1.7,0.8,2.0,0.4,0.383,0.894,36.7,0.8610354223433242,20.1,7.5,4.8,1.2,0.7,2.2,0.453,0.295,0.819,35.8,0.8966480446927375,18.0,5.5,7.0,1.2,0.2,2.8,0.457,0.403,0.858,34.6,0.8410404624277455,13.8,5.7,1.7,1.6,0.7,1.7,0.479,0.395,0.755,33.4,0.6526946107784432,15.2,2.2,1.5,0.8,0.2,0.7,0.423,0.406,0.778,31.2,0.6153846153846154,13.6,6.5,1.0,0.6,1.9,0.7,0.534,0.445,0.759,23.6,0.9703389830508475,5.9,5.3,1.1,0.6,0.7,0.5,0.497,0.308,0.739,20.1,0.6517412935323381,6.3,5.4,1.1,0.3,0.3,0.9,0.44,0.243,0.75,19.7,0.6345177664974619
2020-21,UTA,1610612762,2,Second Round Exit,0.75,116.6,48.0,23.9,6.4,5.3,14.2,0.468,0.398,0.779,8.8,27.0,9.0,115.4,106.3,9.1,101.0,0.5164666666666666,0.875,24.7,4.7,5.4,1.0,0.3,3.0,0.421,0.382,0.824,33.9,0.9764011799410028,7.6,6.8,2.6,0.8,0.6,1.2,0.441,0.411,0.821,32.8,0.5243902439024392,14.2,13.1,1.3,0.5,2.7,1.8,0.641,0.0,0.599,30.7,0.9771986970684038,15.7,3.9,1.9,0.5,0.1,1.4,0.432,0.405,0.852,30.6,0.676470588235294,16.1,3.5,5.7,1.4,0.1,1.9,0.444,0.422,0.829,29.4,0.8469387755102042,11.5,3.3,4.4,0.5,0.3,1.6,0.522,0.465,0.895,26.5,0.6943396226415095,17.9,4.0,2.3,0.9,0.2,1.7,0.447,0.37,0.967,26.0,0.9076923076923076,6.3,5.5,0.8,0.5,0.9,0.6,0.649,0.0,0.789,16.2,0.8271604938271606
2020-21,WAS,1610612764,1,First Round Exit,0.412,114.8,44.4,24.9,7.6,3.7,14.2,0.46,0.344,0.764,-4.4,14.0,20.0,107.8,111.8,-3.9,106.2,0.4826,0.625,32.9,5.4,4.7,1.4,0.4,3.3,0.482,0.335,0.903,35.7,1.1624649859943976,20.3,9.7,9.8,1.1,0.3,4.8,0.428,0.294,0.583,34.2,1.0643274853801168,12.5,5.4,1.7,0.7,0.1,1.0,0.457,0.304,0.758,30.1,0.6445182724252491,14.3,6.1,1.5,0.4,0.8,1.1,0.648,0.429,0.667,27.1,0.8118081180811806,11.5,3.1,0.9,0.6,0.2,0.6,0.388,0.384,0.853,26.1,0.6015325670498084,5.9,4.7,1.3,0.7,0.2,0.8,0.433,0.356,0.579,21.5,0.5581395348837209,5.2,3.5,4.7,0.8,0.2,1.0,0.379,0.25,0.4,20.6,0.6504854368932038,7.9,2.3,2.1,1.1,0.1,0.7,0.449,0.373,0.833,20.4,0.6274509803921569
2021-22,ATL,1610612737,1,First Round Exit,0.483,112.2,44.4,24.4,6.9,4.4,12.4,0.468,0.377,0.807,0.5,28.0,30.0,112.5,111.7,0.8,99.9,0.4917999999999999,0.875,27.8,3.9,9.3,1.0,0.1,4.1,0.456,0.383,0.898,34.4,1.1046511627906976,16.8,7.9,1.9,0.6,1.1,1.1,0.537,0.388,0.794,31.3,0.8690095846645368,13.0,3.4,1.2,0.6,0.4,1.4,0.448,0.382,0.72,29.1,0.5910652920962198,11.6,3.2,2.8,0.6,0.4,1.3,0.462,0.377,0.811,29.0,0.596551724137931,13.3,3.9,3.0,1.0,0.2,1.1,0.433,0.375,0.815,28.7,0.7073170731707317,10.7,12.1,1.4,0.7,1.4,0.6,0.586,0.0,0.467,28.0,0.9178571428571426,7.3,4.3,0.0,0.3,0.0,0.3,0.444,0.6,0.75,27.4,0.4233576642335766,10.6,4.4,1.4,0.5,0.2,0.6,0.418,0.395,0.917,23.4,0.7051282051282051
2021-22,BOS,1610612738,4,Finals Loss,0.567,108.9,46.6,23.6,7.2,6.0,14.1,0.453,0.344,0.814,5.4,34.0,26.0,108.8,102.7,6.1,99.0,0.4917999999999999,0.75,25.7,8.4,4.2,1.0,0.7,2.9,0.434,0.329,0.848,36.1,1.027700831024931,23.7,6.5,3.3,1.1,0.3,2.9,0.46,0.353,0.773,34.3,0.9329446064139942,11.7,3.9,5.3,1.8,0.3,2.0,0.411,0.311,0.783,32.7,0.6422018348623852,14.2,3.6,5.5,1.1,0.9,1.8,0.423,0.306,0.86,30.3,0.7755775577557755,10.0,9.7,2.0,0.9,2.2,1.2,0.732,0.0,0.693,30.0,0.7866666666666666,10.1,7.5,3.4,0.6,1.3,1.0,0.445,0.307,0.835,28.3,0.7738515901060071,5.0,4.0,1.0,0.0,0.0,0.0,0.667,0.5,0.0,27.4,0.36496350364963503,7.5,3.2,1.1,0.5,0.7,0.7,0.49,0.446,0.898,23.2,0.5301724137931034
2021-22,BKN,1610612751,1,First Round Exit,0.525,110.8,44.8,24.8,7.0,5.3,13.8,0.467,0.351,0.806,0.0,31.0,28.0,109.3,108.5,0.7,101.4,0.4917999999999999,0.625,29.3,7.4,5.8,0.8,0.9,3.0,0.52,0.372,0.894,36.5,1.128767123287671,24.1,4.8,5.4,1.1,0.6,2.4,0.452,0.368,0.925,36.2,0.9281767955801107,15.2,3.4,4.1,0.8,0.2,1.9,0.485,0.41,0.878,34.7,0.6282420749279538,13.4,2.2,2.6,0.8,0.3,1.0,0.425,0.419,0.854,31.1,0.5884244372990355,11.3,4.0,1.0,0.5,0.1,1.1,0.452,0.466,0.833,30.2,0.52317880794702,6.4,4.3,0.6,0.8,0.6,1.0,0.394,0.33,0.8,24.6,0.4756097560975609,13.8,5.7,0.8,0.3,1.1,1.0,0.559,0.308,0.855,22.9,0.903930131004367,6.5,4.3,1.3,1.0,0.5,0.6,0.486,0.317,0.737,21.3,0.6103286384976526
2021-22,CHA,1610612766,0,Missed Playoffs,0.483,113.8,45.1,27.2,8.7,4.8,13.4,0.456,0.356,0.737,-0.9,29.0,31.0,109.3,109.9,-0.5,103.0,0.4917999999999999,0.75,20.0,7.2,3.6,1.0,0.9,2.0,0.481,0.308,0.798,36.3,0.8457300275482095,18.7,4.3,4.3,1.1,0.4,1.3,0.428,0.36,0.819,33.7,0.8160237388724035,20.0,7.1,7.5,1.6,0.4,3.2,0.423,0.367,0.857,32.7,1.021406727828746,16.1,4.6,3.6,1.0,0.5,1.7,0.46,0.39,0.846,32.2,0.7484472049689442,16.2,4.1,1.1,1.2,0.4,1.0,0.435,0.34,0.676,28.5,0.7719298245614034,8.0,4.2,2.6,1.3,0.5,0.9,0.454,0.41,0.671,27.2,0.5772058823529411,6.7,8.0,3.1,0.9,0.6,1.4,0.631,0.0,0.379,25.5,0.7019607843137255,9.8,5.6,2.0,0.8,0.9,1.3,0.443,0.376,0.723,25.4,0.7007874015748031
2021-22,CHI,1610612741,1,First Round Exit,0.644,112.6,43.4,24.5,7.1,4.5,13.0,0.483,0.376,0.817,2.3,38.0,21.0,112.0,109.3,2.8,100.6,0.4917999999999999,0.5,28.1,5.2,5.1,0.9,0.3,2.3,0.517,0.343,0.866,35.6,1.0477528089887642,13.0,5.4,5.1,1.8,0.9,2.3,0.423,0.423,0.75,34.6,0.6907514450867052,24.6,4.9,4.5,0.6,0.4,2.7,0.482,0.399,0.869,34.6,0.9335260115606935,18.2,11.7,3.6,1.0,1.2,1.9,0.474,0.317,0.756,33.9,0.9970501474926255,14.0,3.1,2.8,0.5,0.3,1.3,0.453,0.401,0.84,28.2,0.6879432624113476,8.4,3.9,3.9,1.9,0.4,1.4,0.429,0.345,0.814,27.7,0.6173285198555956,8.1,2.8,3.1,0.7,0.4,1.2,0.523,0.407,0.677,25.9,0.5366795366795366,6.6,2.2,0.6,0.6,0.4,0.4,0.565,0.5,1.0,24.9,0.40160642570281124
2021-22,CLE,1610612739,0,Missed Playoffs,0.603,106.7,44.9,25.3,7.2,4.3,14.8,0.466,0.353,0.755,4.1,35.0,23.0,108.2,104.1,4.1,98.5,0.4917999999999999,0.625,20.3,3.3,8.0,1.2,0.1,3.7,0.477,0.378,0.911,34.6,0.8439306358381504,14.9,8.1,2.6,0.8,1.6,2.0,0.503,0.265,0.672,34.1,0.7624633431085045,16.2,11.0,1.8,0.7,1.3,1.8,0.666,0.1,0.702,32.6,0.8957055214723926,18.2,3.6,4.4,1.0,0.4,1.9,0.443,0.32,0.76,31.1,0.8263665594855306,13.6,5.3,1.5,0.8,0.6,0.8,0.436,0.342,0.863,30.2,0.695364238410596,16.0,3.3,2.1,0.9,0.0,2.8,0.45,0.244,0.744,28.8,0.6770833333333334,9.0,3.1,1.9,0.8,0.3,1.0,0.464,0.316,0.778,28.8,0.48958333333333337,10.8,2.3,2.0,0.9,0.2,0.9,0.42,0.356,0.64,23.0,0.6652173913043478
2021-22,DAL,1610612742,3,Conference Finals,0.593,106.6,43.6,23.7,7.0,4.1,12.5,0.455,0.343,0.766,3.4,35.0,24.0,108.7,105.1,3.6,97.6,0.5085999999999999,0.75,27.5,9.2,9.0,1.1,0.5,4.4,0.449,0.335,0.731,35.4,1.2118644067796611,10.1,4.8,1.9,1.2,0.5,1.1,0.442,0.372,0.682,32.9,0.5288753799392096,16.3,3.8,5.4,0.9,0.1,1.7,0.503,0.372,0.813,32.1,0.7725856697819314,12.3,4.6,5.7,0.6,0.2,1.6,0.378,0.307,0.785,30.1,0.724252491694352,14.2,3.7,2.2,0.9,0.1,0.8,0.394,0.336,0.757,29.6,0.6858108108108106,8.0,6.0,1.1,0.5,1.0,0.7,0.435,0.372,0.771,25.3,0.6284584980237155,8.2,3.4,1.0,0.5,0.1,0.5,0.415,0.363,0.857,25.3,0.5019762845849802,7.4,4.4,1.1,0.5,0.4,0.8,0.649,0.387,0.744,20.6,0.6310679611650485
2021-22,DEN,1610612743,1,First Round Exit,0.569,109.9,43.9,27.1,7.1,3.7,14.4,0.473,0.355,0.79,2.1,33.0,25.0,109.7,108.8,0.9,99.2,0.5085999999999999,0.875,26.0,13.8,7.9,1.3,0.7,3.8,0.57,0.372,0.808,33.0,1.3909090909090909,15.2,5.0,3.9,0.8,0.5,1.9,0.444,0.37,0.784,32.3,0.7275541795665635,14.5,5.8,2.6,0.7,0.5,1.8,0.516,0.333,0.735,31.8,0.7012578616352201,12.7,3.0,4.3,0.7,0.2,1.0,0.476,0.375,0.852,30.0,0.6633333333333333,9.9,6.6,1.9,1.1,0.2,1.3,0.359,0.208,0.556,29.4,0.6258503401360545,10.4,3.1,1.2,0.3,0.4,0.9,0.51,0.323,0.827,24.5,0.5918367346938775,6.0,1.7,1.1,0.7,0.1,0.9,0.413,0.346,0.704,21.0,0.41428571428571426,6.0,1.9,3.7,1.1,0.4,1.2,0.378,0.32,0.806,20.3,0.5862068965517242
2021-22,DET,1610612765,0,Missed Playoffs,0.224,102.6,42.8,22.7,7.7,4.8,14.6,0.421,0.32,0.775,-10.1,13.0,45.0,100.7,110.9,-10.2,101.3,0.4917999999999999,0.75,6.3,3.3,7.0,2.3,1.3,3.7,0.231,0.231,1.0,36.1,0.4570637119113574,15.9,5.8,2.8,0.9,0.2,1.3,0.388,0.346,0.83,33.6,0.7232142857142856,19.0,4.3,2.5,1.0,1.1,2.0,0.416,0.339,0.842,32.2,0.8043478260869565,15.7,5.5,5.2,1.3,0.7,3.5,0.394,0.327,0.856,31.8,0.7830188679245282,8.3,8.4,1.1,0.3,1.1,1.3,0.523,0.125,0.667,26.0,0.6884615384615387,6.2,2.9,4.1,1.0,0.5,1.7,0.361,0.274,0.816,24.4,0.5327868852459017,8.1,2.5,3.9,0.7,0.3,1.4,0.452,0.432,0.85,24.4,0.5778688524590164,11.1,4.9,1.3,1.2,0.3,1.0,0.494,0.241,0.65,22.6,0.7876106194690266
2021-22,GSW,1610612744,5,Champion,0.712,110.6,45.8,27.2,9.3,4.8,15.2,0.466,0.362,0.763,6.9,42.0,17.0,109.7,102.1,7.6,100.9,0.5085999999999999,0.75,25.8,5.3,6.3,1.4,0.4,3.2,0.427,0.379,0.919,34.8,1.0344827586206895,17.7,4.2,2.1,1.0,0.7,1.5,0.481,0.414,0.661,31.7,0.7634069400630915,7.9,7.6,7.4,1.4,1.2,3.1,0.537,0.286,0.597,29.9,0.749163879598662,16.4,3.1,3.5,0.8,0.3,2.3,0.438,0.338,0.922,28.8,0.7569444444444444,17.1,3.8,3.1,0.6,0.4,1.4,0.418,0.374,0.935,25.3,0.9328063241106721,8.4,5.2,1.5,1.1,0.5,0.5,0.474,0.391,0.757,21.6,0.7500000000000001,6.3,7.6,1.7,0.6,0.7,0.9,0.548,0.0,0.631,21.4,0.7476635514018691,7.8,3.1,0.9,0.7,0.1,0.6,0.452,0.37,0.851,20.3,0.5911330049261083
2021-22,HOU,1610612745,0,Missed Playoffs,0.259,108.5,42.3,23.0,7.2,4.6,17.0,0.451,0.343,0.716,-9.7,15.0,43.0,104.3,114.6,-10.2,103.4,0.5085999999999999,0.5,17.5,10.2,2.2,0.8,0.9,1.9,0.484,0.372,0.616,30.9,0.9611650485436893,14.6,3.1,2.3,0.6,0.2,2.2,0.387,0.311,0.818,30.4,0.611842105263158,13.7,3.9,6.2,1.2,0.3,3.5,0.399,0.38,0.606,30.1,0.724252491694352,14.3,2.0,3.0,0.5,0.4,2.0,0.482,0.417,0.758,29.7,0.6127946127946128,14.2,3.4,4.4,0.8,0.1,2.2,0.436,0.343,0.852,29.2,0.7089041095890413,12.6,5.6,3.1,0.9,0.6,1.9,0.507,0.286,0.717,27.4,0.7627737226277373,11.4,3.4,1.0,0.7,0.3,0.7,0.411,0.371,0.809,27.4,0.5875912408759125,8.6,3.9,1.3,0.4,0.5,0.8,0.526,0.314,0.648,20.0,0.6950000000000001
2021-22,IND,1610612754,0,Missed Playoffs,0.333,109.3,44.5,24.5,6.9,5.5,14.3,0.457,0.335,0.761,-2.7,20.0,40.0,107.6,111.5,-3.8,100.0,0.4917999999999999,0.375,14.7,3.9,7.7,1.7,0.6,2.3,0.46,0.417,0.833,34.8,0.7557471264367815,18.5,5.1,5.9,0.9,0.4,2.2,0.448,0.307,0.861,33.4,0.8562874251497006,12.9,7.1,1.0,0.7,2.8,1.3,0.509,0.333,0.752,29.4,0.7891156462585034,14.8,4.2,2.1,0.8,0.3,1.6,0.389,0.366,0.866,29.3,0.7030716723549488,13.4,4.1,2.2,1.0,0.2,1.7,0.435,0.364,0.792,28.7,0.6689895470383275,13.1,4.1,6.6,1.4,0.2,2.6,0.363,0.339,0.854,28.5,0.7999999999999998,8.4,3.3,4.8,1.0,0.4,1.2,0.503,0.28,0.8,24.2,0.6900826446280992,7.2,4.7,0.8,0.6,0.4,0.8,0.408,0.333,0.634,20.3,0.6354679802955665
2021-22,LAC,1610612746,0,Missed Playoffs,0.492,106.9,43.9,23.6,7.6,4.6,14.2,0.455,0.363,0.782,-0.8,30.0,31.0,105.7,106.5,-0.8,100.8,0.5085999999999999,0.75,24.7,7.1,5.5,2.0,0.4,4.2,0.421,0.323,0.88,35.5,0.9999999999999998,18.8,3.3,2.2,1.0,0.4,1.6,0.457,0.407,0.807,32.9,0.7325227963525835,16.6,3.4,4.5,0.7,0.2,2.2,0.395,0.325,0.835,30.9,0.7508090614886731,16.2,4.8,2.2,0.6,0.3,1.3,0.439,0.388,0.847,29.9,0.7625418060200669,10.5,5.2,2.4,0.7,0.1,1.0,0.484,0.36,0.743,28.9,0.6193771626297577,7.6,5.5,1.4,1.5,1.2,1.2,0.391,0.34,0.816,28.5,0.5614035087719298,11.8,3.5,2.3,0.7,0.1,0.9,0.446,0.448,0.885,27.8,0.6294964028776979,8.8,4.5,1.5,1.0,0.7,0.7,0.487,0.418,0.667,24.8,0.6370967741935484
2021-22,LAL,1610612747,0,Missed Playoffs,0.466,110.9,44.8,24.2,8.0,5.7,14.7,0.466,0.349,0.72,-1.5,27.0,31.0,106.9,108.0,-1.1,102.3,0.5085999999999999,0.375,29.1,7.9,6.5,1.6,1.0,3.2,0.522,0.353,0.748,36.8,1.1657608695652175,23.1,9.7,2.9,1.2,2.3,2.1,0.537,0.182,0.709,35.1,1.0569800569800567,18.3,7.8,7.5,1.1,0.3,4.1,0.437,0.299,0.668,34.6,0.8930635838150288,13.0,3.3,2.4,0.7,0.4,1.4,0.471,0.399,0.772,27.1,0.6789667896678966,13.4,4.2,1.0,0.7,0.8,0.9,0.437,0.392,0.824,26.5,0.7245283018867925,9.5,3.4,2.7,0.9,0.6,1.5,0.41,0.273,0.8,25.9,0.6023166023166024,6.6,2.3,0.8,0.9,0.2,0.7,0.411,0.381,0.857,23.8,0.42436974789915966,6.5,3.2,1.4,0.7,0.4,0.5,0.48,0.314,0.677,22.0,0.5318181818181817
2021-22,MEM,1610612763,2,Second Round Exit,0.683,113.8,48.9,25.3,10.1,6.3,13.3,0.459,0.341,0.734,4.9,41.0,19.0,110.4,106.0,4.4,102.4,0.5085999999999999,0.625,26.8,5.8,6.9,1.2,0.4,3.4,0.495,0.33,0.755,33.2,1.1355421686746987,17.9,4.5,2.5,1.2,0.4,1.6,0.46,0.419,0.907,30.2,0.824503311258278,18.4,3.3,2.7,1.3,0.2,1.8,0.426,0.327,0.889,27.9,0.8637992831541218,16.7,6.0,1.1,1.0,2.2,1.7,0.415,0.318,0.802,27.8,0.9100719424460432,7.0,9.6,3.2,0.9,0.7,1.6,0.546,0.0,0.556,26.1,0.7586206896551723,9.9,4.5,2.7,1.6,0.5,1.4,0.387,0.343,0.713,22.7,0.7841409691629958,7.6,5.2,2.7,1.1,0.6,1.0,0.431,0.333,0.636,21.7,0.7465437788018435,7.3,1.8,0.9,0.6,0.2,0.6,0.441,0.284,0.76,21.5,0.47441860465116276
2021-22,MIA,1610612748,3,Conference Finals,0.644,108.9,44.8,25.8,7.5,3.2,14.9,0.46,0.373,0.812,4.5,38.0,21.0,110.3,105.3,5.0,97.8,0.4917999999999999,0.75,21.8,6.4,6.0,1.8,0.5,2.2,0.478,0.192,0.896,34.3,1.0,13.3,4.6,7.9,1.2,0.3,3.0,0.425,0.352,0.84,34.3,0.7084548104956268,18.6,10.2,3.5,1.5,0.7,2.9,0.524,0.0,0.751,33.4,0.9461077844311379,20.0,4.8,3.9,0.6,0.2,2.8,0.427,0.374,0.879,32.7,0.8165137614678898,8.5,5.5,2.1,0.8,0.2,1.0,0.495,0.45,0.722,28.6,0.5629370629370629,11.8,3.0,1.6,0.6,0.2,0.9,0.398,0.364,0.833,27.5,0.5927272727272729,9.2,2.0,3.4,0.9,0.2,1.5,0.423,0.374,0.822,24.0,0.5916666666666667,10.7,3.2,1.3,0.3,0.2,0.8,0.436,0.401,0.767,23.8,0.6260504201680671
2021-22,MIL,1610612749,2,Second Round Exit,0.6,113.2,46.5,23.4,7.7,4.1,13.6,0.46,0.361,0.775,3.4,36.0,24.0,110.9,107.6,3.3,101.7,0.4917999999999999,0.75,18.1,4.6,6.6,1.5,0.5,2.7,0.507,0.407,0.759,33.0,0.8666666666666668,29.4,11.2,6.0,1.0,1.4,3.3,0.547,0.309,0.721,32.7,1.3975535168195716,19.4,5.5,5.3,1.2,0.3,2.9,0.438,0.356,0.884,32.1,0.897196261682243,15.3,9.1,1.3,0.8,0.8,1.5,0.482,0.402,0.755,28.8,0.8958333333333334,8.0,5.0,0.0,1.0,3.0,0.0,0.333,0.5,0.0,28.2,0.6028368794326241,11.5,3.4,1.5,0.8,0.3,0.6,0.425,0.392,0.857,28.0,0.6035714285714285,10.1,4.4,1.2,0.9,0.3,0.6,0.467,0.407,0.811,27.0,0.6037037037037036,7.0,3.2,2.5,0.8,0.1,0.9,0.436,0.316,0.96,25.5,0.49803921568627446
2021-22,MIN,1610612750,1,First Round Exit,0.525,113.2,44.8,25.1,8.7,5.8,14.5,0.447,0.347,0.763,1.5,31.0,28.0,108.9,108.2,0.7,102.9,0.5085999999999999,0.875,21.9,4.8,3.6,1.5,0.7,2.8,0.435,0.355,0.776,34.6,0.8583815028901733,24.4,9.7,4.0,1.0,1.1,3.3,0.522,0.409,0.819,34.3,1.0758017492711371,18.8,3.5,7.0,0.9,0.5,2.5,0.408,0.351,0.802,32.2,0.8757763975155278,9.2,4.4,4.9,1.2,1.0,1.3,0.41,0.333,0.707,26.4,0.7348484848484849,8.9,4.3,1.2,0.8,0.7,1.1,0.445,0.296,0.789,26.3,0.5627376425855513,7.2,8.8,1.4,1.5,0.7,1.0,0.596,0.182,0.656,26.0,0.7153846153846153,11.9,3.0,1.5,0.5,0.2,0.6,0.375,0.353,0.762,25.3,0.652173913043478,8.1,3.9,0.9,0.4,1.0,1.0,0.469,0.35,0.739,15.9,0.8364779874213837
2021-22,NOP,1610612740,1,First Round Exit,0.39,106.3,45.0,24.7,7.5,4.2,14.4,0.447,0.328,0.794,-3.2,23.0,36.0,106.5,110.4,-3.9,99.2,0.5085999999999999,0.25,21.5,4.5,4.6,1.0,0.5,2.0,0.447,0.389,0.718,35.4,0.8502824858757063,22.1,5.7,5.4,0.6,0.5,2.6,0.448,0.333,0.816,34.3,0.9241982507288631,18.0,11.5,2.6,0.5,0.9,2.5,0.538,0.385,0.825,31.3,0.9904153354632588,13.0,2.6,4.4,0.9,0.1,1.5,0.36,0.342,0.841,30.7,0.6351791530944626,9.6,3.9,2.1,1.4,0.9,1.3,0.499,0.358,0.855,29.9,0.5551839464882943,6.9,5.6,2.0,1.0,0.4,0.7,0.515,0.306,0.653,23.2,0.6551724137931035,5.4,2.5,1.3,0.7,0.4,0.7,0.379,0.316,0.683,19.2,0.5000000000000001,8.7,3.9,0.5,0.4,0.7,0.7,0.647,0.269,0.767,17.0,0.7941176470588235
2021-22,NYK,1610612752,0,Missed Playoffs,0.424,105.1,46.1,21.5,6.9,5.1,13.6,0.434,0.352,0.752,-1.5,25.0,34.0,106.7,107.4,-0.7,98.2,0.4917999999999999,0.75,19.8,10.2,5.2,0.8,0.6,3.5,0.421,0.306,0.765,35.7,0.9271708683473389,18.0,5.7,2.6,0.5,0.3,2.0,0.412,0.354,0.695,33.1,0.7583081570996979,14.5,2.9,1.9,1.0,0.3,1.4,0.424,0.394,0.723,29.5,0.6508474576271186,10.9,4.4,2.7,1.1,0.3,1.0,0.379,0.385,0.822,26.6,0.6917293233082707,11.6,3.0,3.5,0.7,0.2,1.3,0.403,0.367,0.845,25.6,0.6914062499999999,8.4,8.7,0.4,0.7,1.7,0.8,0.762,0.0,0.519,25.4,0.7519685039370079,12.0,3.0,4.0,0.8,0.5,1.5,0.445,0.402,0.968,24.5,0.7673469387755102,3.4,5.6,0.9,1.2,1.2,0.8,0.533,0.0,0.7,22.5,0.5111111111111111
2021-22,OKC,1610612760,0,Missed Playoffs,0.31,101.2,46.1,21.4,7.5,4.7,13.5,0.418,0.313,0.762,-6.6,18.0,40.0,100.4,107.0,-6.7,100.3,0.5085999999999999,0.5,22.7,4.7,5.5,1.1,0.8,2.4,0.424,0.278,0.811,34.6,0.9364161849710981,17.2,4.2,1.7,0.9,0.4,1.7,0.404,0.332,0.843,32.7,0.694189602446483,12.4,7.8,6.4,0.9,0.4,3.2,0.418,0.267,0.705,31.4,0.7866242038216561,9.8,6.6,1.3,0.8,1.1,1.3,0.4,0.294,0.697,27.3,0.6703296703296704,7.1,5.8,1.0,0.6,0.3,0.8,0.401,0.333,0.714,23.0,0.608695652173913,7.1,3.4,1.1,0.7,0.2,0.8,0.464,0.307,0.706,22.4,0.5223214285714285,7.4,4.5,2.2,0.9,0.2,0.9,0.461,0.339,0.545,21.9,0.6529680365296805,8.7,2.2,1.0,0.7,0.2,0.8,0.383,0.365,0.75,20.0,0.5999999999999999
2021-22,ORL,1610612753,0,Missed Playoffs,0.217,103.3,43.4,23.2,6.9,4.7,14.7,0.433,0.33,0.787,-8.6,13.0,47.0,101.4,110.5,-9.1,101.4,0.4917999999999999,0.75,17.7,5.8,5.9,0.8,0.3,2.9,0.398,0.337,0.855,33.0,0.8363636363636364,15.6,4.6,3.0,0.9,0.5,1.6,0.466,0.362,0.854,32.0,0.7187499999999999,11.4,2.1,1.9,0.9,0.2,1.1,0.441,0.38,0.848,29.4,0.5238095238095238,14.0,10.2,2.7,0.6,0.7,1.7,0.507,0.321,0.706,29.4,0.9013605442176871,12.6,3.7,4.4,1.3,0.4,3.0,0.367,0.228,0.776,28.2,0.6879432624113476,10.0,7.9,1.3,0.6,1.8,1.2,0.468,0.344,0.8,26.0,0.7846153846153847,10.6,2.5,2.0,0.5,0.2,1.3,0.406,0.316,0.867,24.2,0.5991735537190082,8.2,4.7,1.6,1.4,0.6,0.8,0.381,0.308,0.837,23.9,0.6569037656903766
2021-22,PHI,1610612755,2,Second Round Exit,0.603,107.5,42.3,23.0,7.6,5.6,12.5,0.462,0.355,0.813,1.6,35.0,23.0,108.9,107.1,1.8,98.1,0.4917999999999999,0.75,22.5,8.0,10.2,1.3,0.7,4.8,0.414,0.332,0.869,37.0,1.0243243243243245,16.9,3.5,4.6,0.6,0.5,1.2,0.469,0.39,0.871,35.6,0.699438202247191,18.7,7.3,3.7,0.6,0.7,1.8,0.484,0.345,0.851,35.3,0.8271954674220964,29.6,11.2,4.5,1.0,1.4,3.0,0.495,0.369,0.813,32.9,1.3586626139817628,5.6,2.3,1.2,1.8,1.1,0.7,0.49,0.286,0.696,26.4,0.4280303030303031,9.9,3.1,2.8,0.7,0.4,1.2,0.417,0.298,0.87,24.3,0.6460905349794238,8.9,3.0,2.3,0.6,0.1,0.8,0.396,0.298,0.833,24.0,0.5874999999999999,9.4,2.7,1.5,0.4,0.2,0.8,0.433,0.397,0.863,23.4,0.5726495726495727
2021-22,PHX,1610612756,2,Second Round Exit,0.828,113.7,46.2,27.0,8.5,4.2,12.9,0.482,0.36,0.791,8.1,48.0,10.0,112.1,103.1,8.9,101.7,0.5085999999999999,1.0,13.4,4.3,2.1,1.2,0.4,0.8,0.53,0.365,0.84,34.8,0.5919540229885057,25.5,5.2,4.5,1.0,0.4,2.4,0.446,0.369,0.863,34.1,1.002932551319648,14.9,4.5,10.7,1.9,0.3,2.4,0.487,0.33,0.843,33.0,0.906060606060606,16.5,10.3,1.4,0.8,0.8,1.6,0.633,0.222,0.728,29.1,0.9690721649484535,8.9,5.3,1.5,1.3,0.5,0.8,0.395,0.337,0.81,28.2,0.5921985815602837,11.9,4.2,1.3,0.9,0.2,0.6,0.46,0.43,0.846,26.0,0.6884615384615385,10.5,2.8,3.6,0.6,0.3,1.8,0.404,0.336,0.864,20.4,0.7843137254901963,6.5,3.9,1.1,0.5,0.4,0.8,0.463,0.336,0.75,20.2,0.5742574257425742
2021-22,POR,1610612757,0,Missed Playoffs,0.424,108.2,44.1,22.9,7.6,4.6,13.8,0.449,0.356,0.762,-3.9,25.0,34.0,108.0,111.4,-3.5,100.2,0.5085999999999999,0.5,24.0,4.1,7.3,0.6,0.4,2.9,0.402,0.324,0.878,36.4,0.9203296703296704,14.1,7.6,4.1,1.1,0.3,2.1,0.514,0.351,0.754,33.7,0.7448071216617209,17.0,2.7,3.9,0.5,0.1,1.9,0.447,0.4,0.885,29.3,0.7610921501706485,15.0,11.1,2.8,1.1,0.6,2.6,0.535,0.268,0.69,28.2,0.9929078014184398,9.8,5.6,1.3,0.6,0.9,1.0,0.46,0.331,0.734,25.9,0.6640926640926641,9.9,3.4,4.2,1.3,0.4,2.1,0.421,0.313,0.761,25.2,0.6785714285714285,7.2,2.9,3.5,0.5,0.1,1.0,0.404,0.347,0.773,24.9,0.5301204819277109,9.1,1.6,0.9,0.4,0.1,0.6,0.397,0.374,0.784,18.8,0.6117021276595744
2021-22,SAC,1610612758,0,Missed Playoffs,0.367,109.9,43.7,23.3,7.2,4.6,14.2,0.456,0.345,0.765,-5.0,22.0,38.0,107.0,112.2,-5.2,102.0,0.5085999999999999,0.5,18.8,12.0,5.1,1.0,0.5,3.0,0.579,0.315,0.739,34.5,0.9971014492753623,21.8,3.9,5.1,1.1,0.4,2.8,0.464,0.271,0.754,34.4,0.8575581395348837,17.0,6.1,2.5,0.7,0.2,1.6,0.466,0.409,0.828,33.7,0.7388724035608307,11.0,2.7,1.9,0.7,0.4,1.0,0.409,0.378,0.837,29.1,0.5395189003436426,10.4,2.4,3.5,0.7,0.3,1.2,0.406,0.326,0.558,26.0,0.6192307692307693,11.0,7.4,1.1,0.4,1.0,1.3,0.669,0.4,0.77,24.7,0.7935222672064777,9.0,5.9,1.1,0.8,0.6,1.0,0.436,0.28,0.773,22.2,0.7387387387387389,7.5,3.7,2.1,0.9,0.2,1.5,0.322,0.272,0.886,20.8,0.6201923076923076
2021-22,SAS,1610612759,0,Missed Playoffs,0.39,111.8,45.3,28.0,7.7,5.1,12.5,0.466,0.354,0.743,0.1,23.0,36.0,108.6,108.8,-0.1,102.3,0.5085999999999999,0.625,19.9,8.3,9.3,2.0,0.3,2.4,0.459,0.319,0.758,34.4,1.0872093023255813,15.7,6.0,1.8,0.8,0.1,1.3,0.467,0.425,0.748,31.3,0.7380191693290735,13.1,9.2,2.8,0.7,1.8,1.6,0.614,1.0,0.466,28.9,0.8996539792387542,11.5,4.2,1.7,1.0,0.6,0.7,0.434,0.345,0.804,25.7,0.7120622568093385,9.6,2.8,1.5,0.8,0.5,0.9,0.441,0.399,0.859,24.5,0.5836734693877551,11.9,2.5,1.2,0.3,0.1,0.8,0.471,0.441,0.75,24.5,0.6204081632653061,11.2,2.6,2.3,0.6,0.3,1.1,0.395,0.294,0.808,22.8,0.6973684210526315,4.7,2.4,0.4,0.5,0.4,0.4,0.429,0.349,0.588,16.6,0.48192771084337344
2021-22,TOR,1610612761,1,First Round Exit,0.561,108.7,44.8,22.0,9.2,4.8,12.8,0.443,0.354,0.758,1.8,32.0,25.0,108.9,107.7,1.2,98.6,0.4917999999999999,0.75,21.6,4.6,7.0,1.6,0.5,2.7,0.419,0.401,0.874,38.4,0.8489583333333334,21.9,8.7,5.2,1.3,0.7,2.8,0.495,0.348,0.738,37.8,0.925925925925926,17.5,5.5,2.6,1.5,0.6,1.8,0.436,0.351,0.748,36.7,0.7057220708446866,14.4,7.4,3.3,1.0,0.8,1.8,0.47,0.313,0.733,35.4,0.7090395480225989,18.6,2.7,1.9,1.9,0.3,1.0,0.43,0.397,0.814,34.9,0.6991404011461317,7.5,6.9,1.1,0.5,0.6,1.0,0.423,0.305,0.579,23.1,0.6753246753246753,9.1,5.9,0.3,0.7,1.0,0.6,0.462,0.284,0.771,20.2,0.8118811881188118,5.0,4.5,1.1,0.8,0.5,0.5,0.508,0.0,0.761,18.7,0.6096256684491979
2021-22,UTA,1610612762,1,First Round Exit,0.621,113.7,46.1,22.3,7.2,4.9,14.2,0.473,0.361,0.783,6.9,36.0,22.0,113.7,106.6,7.1,100.2,0.5085999999999999,0.75,25.7,4.2,5.2,1.6,0.3,2.9,0.456,0.351,0.873,33.4,1.0209580838323353,15.7,14.8,1.2,0.8,2.3,1.8,0.711,0.0,0.689,32.1,1.02803738317757,7.6,4.9,2.5,1.3,0.5,0.9,0.49,0.406,0.795,31.4,0.5063694267515924,17.8,4.4,1.7,0.5,0.0,1.7,0.455,0.38,0.87,31.0,0.7322580645161291,13.8,3.1,5.3,1.2,0.3,1.7,0.438,0.41,0.838,28.3,0.7773851590106008,15.5,3.3,2.4,0.7,0.2,1.6,0.403,0.32,0.832,26.4,0.7765151515151514,12.3,3.2,2.7,0.8,0.4,1.6,0.374,0.31,0.722,25.4,0.7007874015748031,8.9,4.6,1.1,0.6,0.3,0.9,0.418,0.34,0.79,20.0,0.73
2021-22,WAS,1610612764,0,Missed Playoffs,0.466,107.1,43.8,24.0,6.3,4.9,13.3,0.464,0.328,0.78,-2.8,27.0,31.0,107.4,110.0,-2.5,99.1,0.4917999999999999,0.5,23.2,4.7,6.6,0.9,0.4,3.4,0.451,0.3,0.833,36.0,0.8999999999999999,16.3,8.8,3.1,0.7,0.8,2.4,0.452,0.334,0.703,33.2,0.822289156626506,19.2,7.7,2.0,0.7,1.7,1.6,0.451,0.283,0.865,29.5,1.006779661016949,11.6,3.4,1.7,1.1,0.4,1.2,0.41,0.38,0.899,29.4,0.5782312925170068,7.7,5.1,1.7,0.8,0.6,0.8,0.441,0.307,0.767,23.4,0.6452991452991453,8.8,6.0,1.0,0.4,1.5,0.9,0.67,0.0,0.75,20.4,0.823529411764706,7.8,2.0,2.8,0.8,0.0,1.2,0.455,0.244,0.747,20.3,0.600985221674877,6.8,2.5,0.9,0.4,0.2,0.6,0.43,0.322,0.884,19.8,0.5151515151515151
2022-23,ATL,1610612737,1,First Round Exit,0.492,116.4,43.9,24.7,7.0,4.9,12.7,0.478,0.347,0.816,-0.4,29.0,30.0,112.0,112.3,-0.3,103.0,0.5103333333333332,0.75,20.7,5.5,6.1,1.5,0.3,2.2,0.462,0.363,0.836,36.5,0.8739726027397259,26.7,2.9,10.3,1.0,0.2,4.1,0.428,0.324,0.885,35.4,1.0451977401129944,15.9,4.4,1.4,0.6,0.2,1.2,0.46,0.359,0.829,32.0,0.665625,13.2,7.1,1.2,0.7,1.2,1.2,0.506,0.248,0.813,31.1,0.7138263665594854,14.6,3.4,3.0,0.9,0.3,1.2,0.428,0.383,0.766,29.8,0.7046979865771812,14.5,4.7,1.6,0.9,0.2,1.0,0.404,0.348,0.862,28.5,0.7333333333333333,12.2,11.3,0.8,0.7,1.2,0.8,0.627,0.0,0.613,26.9,0.9442379182156134,9.3,7.3,1.0,0.7,1.3,1.0,0.631,0.2,0.741,23.9,0.7782426778242679
2022-23,BOS,1610612738,3,Conference Finals,0.712,117.9,45.1,26.4,6.3,5.3,13.5,0.474,0.378,0.826,6.1,42.0,17.0,115.7,109.1,6.6,100.7,0.5103333333333332,0.875,30.6,8.6,4.5,1.0,0.8,2.9,0.464,0.357,0.864,37.3,1.1420911528150135,26.5,7.0,3.2,1.1,0.5,3.0,0.487,0.331,0.779,35.6,0.9915730337078652,11.1,3.5,7.1,1.4,0.4,2.4,0.425,0.333,0.767,32.4,0.6512345679012346,9.3,6.2,2.6,0.5,0.9,0.6,0.464,0.422,0.722,30.7,0.6156351791530944,8.7,4.8,1.8,0.6,0.4,1.1,0.464,0.414,0.83,27.9,0.5448028673835126,11.8,3.3,3.9,0.7,0.9,1.1,0.451,0.385,0.862,27.7,0.7039711191335739,14.7,4.2,3.7,0.6,0.3,1.6,0.482,0.455,0.886,25.3,0.8656126482213438,8.3,8.9,1.7,0.5,1.1,1.0,0.739,0.0,0.652,23.6,0.8262711864406781
2022-23,BKN,1610612751,1,First Round Exit,0.586,114.0,40.3,25.8,6.8,6.5,14.2,0.502,0.392,0.793,1.7,34.0,24.0,114.1,110.6,3.5,100.6,0.5103333333333332,0.25,17.6,4.4,3.6,1.2,0.8,1.4,0.468,0.396,0.894,36.3,0.7217630853994492,17.7,3.2,5.3,0.8,0.3,1.7,0.452,0.399,0.827,34.1,0.750733137829912,9.2,4.7,3.9,0.8,0.7,1.6,0.396,0.402,0.727,33.4,0.529940119760479,8.9,4.9,1.4,0.9,0.5,0.9,0.409,0.349,0.733,32.0,0.49062500000000003,12.8,9.0,1.6,0.7,2.6,1.3,0.722,0.0,0.506,29.5,0.8610169491525425,6.9,6.3,6.1,1.3,0.6,2.3,0.566,0.0,0.439,26.3,0.7186311787072243,14.0,3.9,1.7,1.0,0.4,0.5,0.462,0.423,0.791,25.9,0.7915057915057914,8.6,2.6,1.6,0.5,0.3,0.6,0.462,0.423,0.625,23.8,0.5462184873949579
2022-23,CHA,1610612766,0,Missed Playoffs,0.283,112.5,44.9,25.3,8.1,5.1,13.8,0.455,0.326,0.745,-6.4,17.0,43.0,107.5,113.4,-6.0,103.7,0.5103333333333332,0.875,21.8,4.3,4.9,1.1,0.3,2.1,0.419,0.333,0.82,35.6,0.8511235955056179,23.3,6.3,8.4,1.3,0.3,3.5,0.408,0.365,0.864,35.4,1.019774011299435,15.2,4.7,2.4,0.9,1.1,1.4,0.442,0.349,0.745,32.9,0.6960486322188449,20.2,5.1,1.2,1.6,0.4,1.3,0.421,0.308,0.714,32.6,0.8343558282208587,13.9,4.2,3.6,0.9,0.2,1.9,0.462,0.315,0.811,31.2,0.6698717948717949,8.4,2.8,4.4,1.4,0.4,1.6,0.428,0.208,0.738,25.0,0.632,5.0,3.4,1.6,0.6,0.1,0.3,0.389,0.214,0.571,19.1,0.544502617801047,8.0,5.8,0.5,0.2,1.0,0.9,0.619,0.0,0.726,17.3,0.8439306358381502
2022-23,CHI,1610612741,0,Missed Playoffs,0.441,113.1,42.9,24.1,7.5,4.5,13.9,0.486,0.359,0.812,-0.3,26.0,33.0,110.7,110.0,0.7,101.7,0.5103333333333332,0.875,25.4,4.7,5.1,1.0,0.5,2.2,0.507,0.318,0.881,36.3,0.9504132231404957,24.0,4.9,4.1,1.0,0.2,2.6,0.465,0.369,0.836,36.0,0.8777777777777778,17.9,11.5,3.4,0.7,0.8,1.7,0.516,0.356,0.821,34.0,0.9588235294117645,10.1,4.4,1.3,0.8,0.8,1.3,0.457,0.398,0.889,29.1,0.5532646048109966,9.5,3.1,2.8,0.7,0.4,1.4,0.503,0.324,0.806,28.4,0.5316901408450703,6.4,3.1,2.6,0.9,0.6,0.9,0.402,0.348,0.78,26.9,0.4721189591078067,5.5,3.1,3.2,1.7,0.7,1.3,0.442,0.381,0.793,24.3,0.5308641975308641,8.8,2.7,2.0,0.7,0.1,0.8,0.417,0.353,0.83,22.3,0.6053811659192824
2022-23,CLE,1610612739,1,First Round Exit,0.623,111.8,41.9,24.9,7.0,4.4,13.9,0.489,0.363,0.778,5.6,38.0,23.0,113.3,107.1,6.2,97.7,0.5103333333333332,0.875,27.3,4.1,4.9,1.5,0.4,2.7,0.48,0.387,0.873,35.5,0.9999999999999998,21.7,2.7,8.0,1.3,0.1,3.0,0.468,0.419,0.862,35.2,0.8749999999999999,15.7,8.9,2.7,0.8,1.4,2.0,0.551,0.194,0.694,34.2,0.804093567251462,14.7,9.9,1.7,0.8,1.2,1.5,0.655,0.125,0.717,33.3,0.8048048048048049,12.0,3.9,3.9,0.9,0.2,1.7,0.41,0.364,0.716,30.4,0.631578947368421,5.5,3.7,0.9,0.7,0.5,0.4,0.447,0.387,0.652,21.7,0.5023041474654377,6.3,2.5,1.1,0.7,0.4,0.6,0.489,0.346,0.735,21.2,0.4905660377358491,8.9,2.2,1.5,0.5,0.1,0.7,0.458,0.35,0.675,21.0,0.5952380952380953
2022-23,DAL,1610612742,0,Missed Playoffs,0.517,113.0,38.7,22.4,6.5,3.7,12.4,0.473,0.364,0.749,0.5,31.0,29.0,113.9,113.1,0.8,98.0,0.49019999999999997,0.75,27.2,5.1,5.4,1.0,0.8,2.3,0.49,0.379,0.893,37.1,1.0026954177897573,33.3,8.8,8.1,1.5,0.5,3.7,0.505,0.349,0.73,36.5,1.328767123287671,6.8,3.5,1.4,0.8,0.2,0.5,0.395,0.37,0.686,30.4,0.40131578947368424,13.7,3.7,1.7,0.8,0.1,0.9,0.377,0.353,0.752,30.2,0.6324503311258278,17.8,8.0,1.8,0.5,1.2,1.9,0.528,0.378,0.758,27.7,0.9891696750902528,6.2,3.5,1.0,0.3,1.0,0.6,0.49,0.369,0.786,25.7,0.443579766536965,9.2,2.7,1.6,0.9,0.1,1.0,0.545,0.411,0.72,24.9,0.5421686746987951,6.8,4.3,0.8,0.6,0.4,0.9,0.727,0.0,0.708,19.7,0.6091370558375635
2022-23,DEN,1610612743,5,Champion,0.695,117.1,42.7,29.1,7.6,4.5,14.9,0.512,0.392,0.75,4.4,41.0,18.0,115.7,111.4,4.3,100.8,0.49019999999999997,0.375,24.7,11.5,10.1,1.3,0.7,3.5,0.632,0.391,0.822,33.6,1.3333333333333335,20.2,4.1,5.8,1.0,0.2,2.1,0.461,0.396,0.833,32.5,0.8984615384615383,11.4,3.0,2.4,1.4,0.4,1.2,0.473,0.45,0.839,31.4,0.554140127388535,17.3,6.9,2.9,0.8,0.8,1.6,0.587,0.397,0.623,30.3,0.8943894389438944,16.8,5.4,1.0,0.7,0.5,1.1,0.476,0.406,0.79,29.4,0.7925170068027212,11.3,3.8,3.7,1.1,0.6,1.7,0.491,0.388,0.716,28.8,0.6527777777777779,10.9,2.2,3.5,0.7,0.1,1.8,0.418,0.35,0.924,25.7,0.6070038910505837,11.7,6.5,0.7,0.3,0.5,0.7,0.654,0.431,0.743,20.6,0.9223300970873786
2022-23,DET,1610612765,0,Missed Playoffs,0.254,112.3,42.2,22.8,7.2,3.7,14.9,0.455,0.354,0.773,-7.6,15.0,44.0,108.6,116.4,-7.8,102.3,0.5103333333333332,0.5,19.9,6.2,6.0,0.8,0.6,3.3,0.415,0.279,0.837,33.3,0.9069069069069068,21.8,3.7,2.6,0.6,0.1,2.3,0.491,0.407,0.883,32.1,0.825545171339564,15.2,3.9,4.6,0.9,0.2,2.8,0.42,0.332,0.725,30.1,0.7308970099667771,11.5,8.0,1.4,0.4,0.7,1.4,0.444,0.323,0.731,28.5,0.7228070175438596,9.5,2.7,5.8,1.3,0.3,2.0,0.372,0.305,0.792,26.7,0.6591760299625469,8.6,8.7,1.1,0.6,0.9,1.2,0.653,0.0,0.611,25.1,0.745019920318725,12.9,2.9,2.2,0.7,0.1,1.2,0.44,0.424,0.817,22.1,0.7963800904977376,10.6,5.9,0.6,0.5,0.7,0.9,0.537,0.273,0.769,21.3,0.8169014084507042
2022-23,GSW,1610612744,2,Second Round Exit,0.5,118.6,43.7,29.9,7.1,3.7,16.4,0.479,0.386,0.788,0.1,29.0,29.0,112.5,112.1,0.4,104.7,0.49019999999999997,0.75,29.4,6.3,6.4,1.0,0.4,3.2,0.495,0.427,0.922,34.5,1.1681159420289853,21.4,3.9,2.5,0.7,0.3,1.7,0.421,0.398,0.88,32.8,0.8262195121951219,17.1,5.0,2.3,1.2,0.8,1.3,0.473,0.396,0.611,32.2,0.7795031055900621,8.2,7.3,6.9,1.0,0.8,2.6,0.523,0.333,0.7,31.7,0.6813880126182965,20.9,2.8,4.5,0.8,0.2,3.3,0.44,0.335,0.86,30.7,0.8436482084690553,9.0,4.1,3.3,1.3,0.1,1.5,0.432,0.416,0.825,25.2,0.6468253968253969,6.8,8.8,2.6,0.6,0.6,0.5,0.656,0.0,0.615,23.3,0.811158798283262,7.2,3.2,1.7,0.5,0.3,1.0,0.507,0.4,0.718,19.5,0.6102564102564103
2022-23,HOU,1610612745,0,Missed Playoffs,0.224,109.8,46.6,22.4,7.1,5.0,17.0,0.451,0.326,0.755,-8.4,13.0,45.0,106.1,116.0,-9.9,102.3,0.49019999999999997,0.75,19.2,5.5,5.6,1.3,0.4,3.6,0.437,0.346,0.766,34.0,0.8352941176470586,21.8,4.0,3.6,0.8,0.2,2.9,0.409,0.333,0.788,33.9,0.8112094395280237,12.0,7.0,1.2,0.5,1.0,1.5,0.389,0.303,0.794,29.9,0.6755852842809364,15.1,8.8,3.7,0.8,1.0,2.5,0.562,0.316,0.753,28.3,0.9505300353356889,11.6,5.6,1.5,0.4,0.4,1.2,0.56,0.327,0.638,26.3,0.6958174904942964,7.7,3.9,2.6,0.6,0.2,1.7,0.452,0.308,0.649,21.0,0.6333333333333333,8.7,5.5,0.9,1.1,0.6,1.1,0.444,0.345,0.758,19.4,0.809278350515464,3.7,1.7,2.5,0.6,0.1,1.4,0.345,0.309,0.71,15.5,0.46451612903225803
2022-23,IND,1610612754,0,Missed Playoffs,0.433,114.5,41.6,26.4,8.0,5.8,15.2,0.459,0.362,0.796,-2.6,26.0,34.0,109.3,113.8,-4.5,103.7,0.5103333333333332,0.625,19.9,3.8,10.1,1.8,0.4,2.6,0.481,0.399,0.864,33.4,0.9999999999999998,17.5,4.9,2.7,1.1,0.3,1.9,0.453,0.426,0.87,32.0,0.76875,17.5,8.0,1.3,0.6,2.3,1.6,0.535,0.38,0.785,29.8,0.9429530201342282,17.2,4.1,1.4,0.6,0.1,1.8,0.429,0.319,0.829,28.2,0.7659574468085106,8.1,2.8,4.2,1.0,0.2,1.7,0.424,0.339,0.867,27.1,0.5387453874538745,9.8,3.8,1.2,0.8,0.4,0.9,0.418,0.357,0.866,24.5,0.6163265306122448,7.7,2.9,5.0,1.0,0.1,1.8,0.522,0.439,0.854,19.6,0.7602040816326531,7.9,2.4,1.5,0.5,0.2,0.9,0.36,0.297,0.833,19.3,0.6010362694300517
2022-23,LAC,1610612746,1,First Round Exit,0.541,111.4,43.5,22.9,6.8,4.6,14.0,0.469,0.378,0.777,0.3,33.0,28.0,111.1,111.0,0.1,99.7,0.49019999999999997,0.5,23.3,6.1,5.3,1.5,0.3,3.3,0.461,0.382,0.874,34.2,0.9707602339181285,22.1,6.2,4.0,1.4,0.5,1.5,0.497,0.38,0.87,32.4,1.009259259259259,13.0,2.1,3.0,0.7,0.4,1.7,0.436,0.348,0.818,29.9,0.5852842809364549,10.2,10.1,1.1,0.4,1.3,1.7,0.617,0.0,0.699,29.4,0.7278911564625851,15.9,6.2,7.5,1.0,0.4,3.5,0.417,0.296,0.655,28.7,0.9581881533101045,12.3,4.2,1.8,0.6,0.4,0.8,0.43,0.381,0.78,28.7,0.6445993031358885,12.1,9.5,3.6,0.6,0.6,1.5,0.673,0.0,0.615,28.1,0.8861209964412813,17.0,3.1,1.8,0.8,0.3,1.6,0.486,0.417,0.805,25.8,0.8294573643410853
2022-23,LAL,1610612747,3,Conference Finals,0.458,117.0,45.3,25.2,6.4,4.6,14.0,0.482,0.337,0.775,-1.2,27.0,32.0,110.8,112.4,-1.5,104.1,0.49019999999999997,0.375,30.0,8.4,7.0,1.0,0.6,3.2,0.508,0.31,0.762,36.3,1.2066115702479339,26.0,12.3,2.5,1.2,2.0,2.1,0.562,0.25,0.82,33.4,1.2544910179640718,17.9,3.1,6.2,1.1,0.4,2.7,0.464,0.39,0.85,32.8,0.7926829268292683,12.4,2.6,4.2,0.7,0.1,1.6,0.422,0.346,0.865,30.7,0.5993485342019543,10.5,3.0,2.2,0.5,0.4,1.3,0.491,0.372,0.874,27.9,0.5483870967741935,13.2,2.1,1.3,0.6,0.3,0.9,0.454,0.368,0.885,26.7,0.6217228464419476,13.3,3.5,1.7,0.8,0.1,1.1,0.395,0.357,0.841,26.4,0.6931818181818182,12.4,4.8,1.0,0.4,0.4,1.0,0.482,0.325,0.703,24.8,0.725806451612903
2022-23,MEM,1610612763,1,First Round Exit,0.614,116.1,47.7,25.3,8.4,6.1,14.3,0.47,0.345,0.718,3.9,35.0,22.0,110.9,107.3,3.6,104.3,0.49019999999999997,1.0,27.3,6.0,8.3,1.0,0.3,3.5,0.466,0.32,0.736,32.7,1.2048929663608559,21.5,4.9,4.2,1.0,0.4,2.2,0.465,0.427,0.902,31.2,0.9551282051282051,14.8,3.3,2.6,0.8,0.2,1.5,0.391,0.312,0.788,30.5,0.6622950819672132,16.9,6.7,0.9,1.1,3.3,1.6,0.502,0.356,0.775,27.2,1.0036764705882353,8.6,11.5,2.3,0.9,1.1,1.9,0.597,0.0,0.364,27.0,0.8333333333333335,9.8,2.2,4.5,1.0,0.1,0.9,0.431,0.372,0.814,23.1,0.722943722943723,5.9,4.7,1.4,1.0,0.3,0.6,0.434,0.371,0.87,22.4,0.5669642857142859,9.5,4.7,1.2,0.7,0.7,0.7,0.478,0.373,0.738,22.1,0.7285067873303166
2022-23,MIA,1610612748,4,Finals Loss,0.542,108.3,41.4,23.4,8.5,3.0,13.3,0.452,0.334,0.828,0.0,32.0,27.0,108.8,108.6,0.2,98.9,0.5103333333333332,0.875,20.6,5.7,4.4,0.9,0.3,2.5,0.437,0.369,0.922,35.4,0.8305084745762713,21.6,10.0,3.3,1.2,0.8,2.5,0.544,0.091,0.805,35.3,0.9745042492917847,21.7,6.0,5.1,2.0,0.4,1.7,0.507,0.303,0.851,33.7,0.9940652818991095,12.0,4.3,5.3,1.1,0.4,2.0,0.396,0.333,0.855,33.3,0.6336336336336337,10.1,5.2,1.6,1.0,0.4,1.2,0.454,0.361,0.764,30.3,0.5643564356435644,12.6,3.6,2.2,0.6,0.2,1.0,0.403,0.338,0.88,30.2,0.6026490066225165,11.2,3.5,3.9,1.7,0.2,1.8,0.404,0.296,0.754,28.4,0.658450704225352,10.0,2.3,2.6,0.9,0.1,1.5,0.399,0.329,0.877,26.3,0.5475285171102662
2022-23,MIL,1610612749,1,First Round Exit,0.707,114.8,49.2,24.7,6.6,5.0,15.0,0.463,0.359,0.738,3.2,41.0,17.0,110.9,108.4,2.5,102.4,0.5103333333333332,0.875,31.8,12.2,5.4,0.8,0.8,4.0,0.538,0.27,0.646,33.1,1.4199395770392746,19.4,5.2,7.1,1.3,0.4,3.1,0.462,0.377,0.868,33.0,0.9181818181818179,14.5,6.5,1.2,0.5,2.4,1.4,0.507,0.374,0.77,30.3,0.7821782178217821,10.5,3.4,2.4,0.8,0.2,1.1,0.444,0.405,0.904,27.6,0.5869565217391304,14.4,10.1,1.8,0.5,0.2,1.3,0.499,0.341,0.829,26.8,0.958955223880597,8.5,5.1,1.3,0.7,0.1,0.6,0.395,0.354,0.607,25.4,0.594488188976378,7.5,2.6,2.6,1.0,0.4,1.1,0.432,0.417,0.815,22.5,0.5777777777777777,6.2,2.9,3.2,0.6,0.1,1.2,0.379,0.342,0.846,22.5,0.5244444444444445
2022-23,MIN,1610612750,1,First Round Exit,0.508,115.7,41.4,25.5,8.1,5.3,15.7,0.492,0.356,0.773,-0.1,31.0,30.0,111.3,110.9,0.4,103.7,0.49019999999999997,0.5,24.9,5.9,4.5,1.6,0.6,3.4,0.464,0.364,0.776,36.2,0.9419889502762431,20.8,8.2,5.3,0.8,0.7,3.1,0.505,0.325,0.885,33.8,0.9674556213017751,13.3,11.6,0.9,0.8,1.3,1.8,0.676,0.0,0.67,30.5,0.8557377049180327,11.4,3.9,2.0,0.9,1.0,1.4,0.515,0.385,0.74,30.5,0.5836065573770493,10.5,2.5,7.6,1.1,0.2,1.7,0.404,0.358,0.81,29.7,0.6801346801346803,8.6,4.7,4.1,1.2,0.8,1.4,0.503,0.426,0.779,26.1,0.689655172413793,8.5,2.4,1.6,0.5,0.4,1.2,0.496,0.397,0.833,21.3,0.5727699530516432,5.4,1.7,1.5,0.6,0.1,0.5,0.456,0.36,0.857,20.8,0.4230769230769231
2022-23,NOP,1610612740,0,Missed Playoffs,0.508,114.9,44.1,25.7,8.5,4.2,15.0,0.48,0.355,0.78,1.4,30.0,29.0,111.4,110.1,1.3,102.0,0.49019999999999997,0.75,21.1,4.3,5.9,1.0,0.6,2.6,0.435,0.385,0.796,35.0,0.8657142857142859,26.0,7.0,4.6,1.1,0.6,3.4,0.608,0.368,0.714,33.0,1.0878787878787881,22.4,5.0,4.9,0.8,0.5,3.3,0.469,0.407,0.876,32.2,0.9409937888198755,12.9,3.7,1.3,1.0,0.5,0.8,0.481,0.397,0.911,29.3,0.6348122866894198,9.7,3.8,2.2,1.7,0.7,1.3,0.441,0.283,0.748,28.8,0.5833333333333333,9.7,3.7,2.5,0.8,0.2,1.3,0.428,0.318,0.774,24.9,0.6265060240963854,14.4,9.7,1.7,0.3,0.5,1.9,0.544,0.341,0.825,24.7,1.0000000000000002,11.3,2.8,3.2,1.1,0.3,1.5,0.435,0.35,0.853,23.9,0.7196652719665274
2022-23,NYK,1610612752,2,Second Round Exit,0.55,114.6,47.0,22.4,6.1,4.0,12.7,0.461,0.345,0.771,2.2,33.0,27.0,113.7,111.2,2.5,99.3,0.5103333333333332,0.625,24.8,10.8,4.1,0.7,0.3,2.8,0.46,0.338,0.755,35.9,1.0557103064066855,23.9,3.6,6.2,0.9,0.3,2.0,0.485,0.411,0.838,35.1,0.9373219373219372,19.7,5.2,2.8,0.5,0.2,2.2,0.428,0.323,0.747,34.5,0.7594202898550725,10.0,8.0,3.9,1.1,0.2,1.5,0.513,0.341,0.732,33.0,0.6575757575757576,10.1,3.4,1.9,0.7,0.4,1.0,0.445,0.348,0.8,30.2,0.5132450331125827,12.7,4.0,3.2,0.8,0.1,1.1,0.437,0.352,0.824,27.7,0.7111913357400722,7.2,8.9,1.0,0.9,1.8,0.5,0.674,0.0,0.506,26.9,0.7174721189591079,5.2,6.6,0.9,0.6,0.8,0.8,0.518,0.235,0.755,19.7,0.6751269035532995
2022-23,OKC,1610612760,0,Missed Playoffs,0.491,117.9,43.8,24.7,8.3,4.9,13.6,0.471,0.364,0.803,1.6,28.0,29.0,112.5,110.8,1.7,103.8,0.49019999999999997,0.875,30.8,4.7,5.7,1.6,1.1,2.9,0.508,0.343,0.912,35.4,1.1581920903954805,16.3,7.8,5.9,0.8,0.5,3.0,0.489,0.316,0.786,30.8,0.9188311688311689,14.0,4.1,2.2,1.0,0.3,1.3,0.412,0.356,0.756,29.9,0.6789297658862877,12.2,4.1,2.9,1.2,0.5,1.6,0.508,0.324,0.759,29.0,0.6655172413793101,7.8,5.0,2.0,0.8,0.3,0.6,0.519,0.382,0.438,22.5,0.6800000000000002,8.8,5.1,2.0,0.6,1.3,1.3,0.44,0.376,0.636,21.9,0.7534246575342466,8.2,4.8,0.9,0.8,0.4,0.6,0.481,0.363,0.781,20.9,0.6937799043062203,8.0,2.3,1.5,0.6,0.2,1.0,0.393,0.31,0.684,18.4,0.6304347826086957
2022-23,ORL,1610612753,0,Missed Playoffs,0.407,110.9,42.6,22.7,7.1,4.6,15.2,0.472,0.35,0.787,-2.8,24.0,35.0,109.3,111.5,-2.2,101.2,0.5103333333333332,0.75,19.9,6.6,3.6,0.9,0.5,2.7,0.419,0.281,0.753,33.7,0.8545994065281899,18.9,3.9,3.5,0.9,0.2,2.1,0.484,0.366,0.83,33.2,0.762048192771084,15.4,8.5,2.6,0.4,0.6,2.2,0.532,0.37,0.752,30.1,0.840531561461794,13.0,4.0,5.5,1.5,0.4,2.3,0.501,0.3,0.767,29.1,0.7594501718213057,12.0,4.6,4.1,0.6,0.6,1.5,0.443,0.331,0.884,25.0,0.8160000000000003,8.7,2.1,1.2,0.9,0.2,0.7,0.487,0.462,0.885,24.5,0.5061224489795918,10.4,6.2,0.9,0.4,1.3,1.8,0.581,0.337,0.75,23.2,0.75,9.4,2.7,3.4,1.3,0.5,1.9,0.429,0.307,0.684,23.0,0.6695652173913044
2022-23,PHI,1610612755,2,Second Round Exit,0.667,114.4,40.5,25.1,8.0,4.7,13.8,0.483,0.384,0.83,3.9,38.0,19.0,114.2,109.3,4.9,99.7,0.5103333333333332,0.625,21.4,6.2,10.8,1.2,0.6,3.4,0.451,0.389,0.863,36.4,1.0109890109890112,33.1,10.2,4.1,1.2,1.5,3.5,0.537,0.355,0.858,34.9,1.335243553008596,15.4,6.0,2.6,1.0,0.5,1.3,0.496,0.373,0.866,33.6,0.7202380952380952,19.8,2.8,3.6,0.8,0.1,1.5,0.455,0.394,0.808,32.8,0.780487804878049,10.7,4.2,2.7,1.7,0.5,1.4,0.428,0.401,0.789,28.5,0.6456140350877192,10.4,4.8,1.9,1.1,0.5,1.4,0.449,0.327,0.848,26.3,0.6577946768060836,3.4,3.9,0.8,0.5,0.2,0.7,0.43,0.402,0.889,25.7,0.3151750972762646,9.2,2.7,3.0,0.3,0.2,1.4,0.496,0.387,0.854,21.5,0.6511627906976744
2022-23,PHX,1610612756,2,Second Round Exit,0.533,112.7,43.9,27.2,7.4,5.0,14.2,0.465,0.378,0.793,1.4,32.0,28.0,111.1,109.8,1.3,100.7,0.49019999999999997,0.625,29.7,6.7,5.3,0.8,1.5,3.5,0.559,0.376,0.934,36.0,1.1249999999999998,26.6,4.5,5.5,0.9,0.4,2.5,0.476,0.358,0.849,33.9,1.0442477876106195,13.7,4.2,9.1,1.6,0.5,2.1,0.426,0.374,0.829,32.0,0.84375,18.7,10.1,2.0,0.6,0.7,1.9,0.593,0.304,0.736,30.2,1.0000000000000002,7.8,5.7,1.6,0.7,0.6,1.0,0.456,0.403,0.73,25.9,0.5945945945945946,12.1,2.3,5.3,0.9,0.2,2.0,0.412,0.378,0.776,24.0,0.7833333333333332,8.1,2.1,1.3,0.6,0.2,0.9,0.43,0.369,0.727,22.5,0.5066666666666666,8.8,3.2,1.5,0.5,0.1,1.2,0.439,0.439,0.905,22.1,0.5837104072398189
2022-23,POR,1610612757,0,Missed Playoffs,0.483,114.9,41.6,24.2,6.3,4.3,14.6,0.482,0.374,0.803,-0.2,28.0,30.0,114.4,114.3,0.1,100.2,0.49019999999999997,0.625,31.4,4.3,7.3,0.8,0.3,3.2,0.467,0.372,0.916,36.2,1.129834254143646,20.8,4.3,2.3,0.8,0.8,1.8,0.484,0.406,0.806,35.7,0.761904761904762,21.4,2.7,4.2,0.7,0.2,2.2,0.45,0.381,0.913,35.5,0.76056338028169,13.8,9.4,2.9,0.9,0.9,2.4,0.524,0.39,0.686,27.3,0.9340659340659341,6.8,5.0,3.4,1.0,0.4,1.5,0.409,0.311,0.714,26.8,0.5634328358208955,8.8,1.6,1.1,0.8,0.4,0.7,0.454,0.329,0.882,22.1,0.5429864253393666,7.9,2.5,0.6,0.4,0.2,0.6,0.479,0.356,0.667,20.3,0.541871921182266,5.9,4.9,1.1,0.5,1.2,0.8,0.681,0.429,0.68,19.5,0.6564102564102564
2022-23,SAC,1610612758,1,First Round Exit,0.561,119.5,41.8,26.8,6.9,3.3,14.0,0.494,0.365,0.802,2.3,32.0,25.0,115.6,113.3,2.3,102.8,0.49019999999999997,0.625,18.8,12.3,6.9,0.8,0.5,2.9,0.611,0.348,0.764,34.6,1.052023121387283,24.8,4.3,6.2,1.1,0.3,2.7,0.507,0.325,0.797,34.0,1.0,14.9,4.6,1.6,0.8,0.1,1.1,0.471,0.374,0.832,32.6,0.6411042944785277,14.9,3.4,2.9,1.1,0.3,1.4,0.478,0.392,0.699,30.5,0.6950819672131149,11.9,4.6,1.1,0.7,0.5,0.9,0.442,0.415,0.794,29.5,0.6067796610169492,13.4,2.6,3.9,0.7,0.2,2.0,0.443,0.328,0.913,22.6,0.8318584070796459,5.6,1.3,2.1,0.5,0.2,0.8,0.445,0.318,0.8,17.8,0.4999999999999999,7.2,3.6,0.8,0.3,0.5,0.8,0.468,0.364,0.823,15.9,0.729559748427673
2022-23,SAS,1610612759,0,Missed Playoffs,0.237,112.4,43.0,26.9,7.0,3.9,15.6,0.469,0.341,0.747,-10.2,14.0,45.0,107.3,117.8,-10.5,103.7,0.49019999999999997,0.75,21.8,4.7,2.7,0.7,0.2,2.1,0.444,0.328,0.778,32.6,0.8588957055214722,19.4,4.0,3.6,1.2,0.4,1.6,0.445,0.404,0.793,31.3,0.8626198083067091,12.8,3.6,6.3,1.3,0.2,1.8,0.436,0.265,0.891,29.3,0.764505119453925,10.0,4.9,2.5,0.8,0.5,1.7,0.448,0.262,0.693,25.9,0.6563706563706564,7.0,3.3,4.5,0.3,0.5,2.8,0.346,0.25,0.778,23.3,0.5493562231759657,9.1,2.1,1.9,0.5,0.1,1.0,0.445,0.315,0.778,22.0,0.5772727272727273,10.0,5.9,2.6,0.4,0.6,1.9,0.539,0.358,0.743,21.2,0.8301886792452832,10.0,2.2,1.5,0.2,0.1,0.9,0.462,0.417,0.745,20.5,0.6390243902439023
2022-23,TOR,1610612761,0,Missed Playoffs,0.475,113.3,42.8,23.3,9.3,5.3,11.8,0.456,0.336,0.782,0.9,28.0,31.0,112.2,111.9,0.3,100.1,0.5103333333333332,0.875,25.2,7.8,6.1,0.8,0.6,2.6,0.482,0.343,0.765,37.6,1.0079787234042552,19.7,4.3,6.6,1.6,0.6,1.9,0.394,0.344,0.893,36.9,0.8373983739837401,16.9,5.5,2.0,2.1,0.8,2.2,0.457,0.366,0.821,35.8,0.7011173184357543,15.6,7.1,4.9,1.0,0.9,2.0,0.457,0.301,0.768,35.2,0.7812499999999999,18.6,2.6,1.6,1.7,0.3,0.9,0.442,0.369,0.834,33.6,0.711309523809524,12.2,8.9,3.0,0.8,1.2,2.1,0.629,0.0,0.588,26.1,0.9195402298850575,10.5,6.7,1.0,0.7,0.7,1.2,0.488,0.253,0.691,23.6,0.7796610169491525,9.8,5.8,0.4,0.7,0.8,0.5,0.491,0.319,0.739,20.8,0.8173076923076923
2022-23,UTA,1610612762,0,Missed Playoffs,0.483,117.6,44.7,25.7,6.4,4.9,15.2,0.475,0.362,0.788,0.3,29.0,31.0,114.0,114.0,0.0,102.4,0.49019999999999997,0.125,24.9,8.6,1.8,0.6,0.6,1.8,0.512,0.412,0.877,34.3,1.011661807580175,21.0,4.1,4.2,0.5,0.2,3.0,0.446,0.345,0.818,32.5,0.8307692307692308,12.1,5.3,3.3,1.0,0.6,2.2,0.496,0.405,0.853,28.2,0.7127659574468086,14.3,2.2,2.9,0.6,0.1,1.8,0.507,0.41,0.822,24.0,0.7625000000000001,8.2,7.7,0.8,0.4,2.1,0.8,0.712,0.0,0.544,21.3,0.8638497652582159,7.7,2.5,2.9,0.6,0.4,1.2,0.406,0.261,0.735,16.5,0.7818181818181819,5.8,3.2,2.2,0.5,0.2,1.1,0.533,0.45,0.667,15.6,0.6923076923076923,4.6,1.7,0.5,0.1,0.1,0.3,0.492,0.397,0.625,15.1,0.44370860927152317
2022-23,WAS,1610612764,0,Missed Playoffs,0.483,113.6,44.0,25.3,6.9,5.4,14.1,0.485,0.359,0.786,0.3,28.0,30.0,111.9,111.7,0.1,101.1,0.5103333333333332,0.75,21.4,7.6,3.9,0.5,0.5,2.9,0.451,0.337,0.719,34.9,0.8882521489971347,23.1,3.5,5.2,0.9,0.6,2.8,0.52,0.375,0.854,32.9,0.9270516717325229,22.8,8.6,2.5,0.9,1.5,2.2,0.487,0.37,0.843,32.5,1.049230769230769,10.3,3.4,5.3,0.7,0.2,1.0,0.481,0.401,0.806,28.1,0.6725978647686832,9.5,2.7,1.2,0.6,0.1,0.8,0.48,0.415,0.864,27.2,0.48897058823529405,9.1,6.3,2.5,0.9,0.5,1.4,0.434,0.294,0.752,26.3,0.6806083650190113,6.2,3.2,3.7,2.0,0.3,1.0,0.443,0.313,0.903,22.5,0.6400000000000001,8.4,5.3,0.9,0.4,1.3,0.9,0.745,0.0,0.64,18.7,0.823529411764706
2023-24,ATL,1610612737,0,Missed Playoffs,0.436,121.3,44.9,26.2,7.6,4.5,13.4,0.466,0.361,0.813,-2.6,24.0,31.0,115.6,118.4,-2.8,104.0,0.47479999999999994,1.0,26.7,2.7,10.9,1.4,0.2,4.3,0.427,0.371,0.858,36.5,1.0301369863013699,21.4,5.1,5.3,1.3,0.3,2.3,0.463,0.364,0.825,35.0,0.8885714285714285,15.7,8.6,3.3,1.2,0.9,1.8,0.524,0.348,0.743,34.0,0.8205882352941175,13.5,6.6,1.5,0.9,0.1,0.8,0.422,0.316,0.829,32.5,0.6707692307692308,16.9,3.3,2.8,1.2,0.3,1.2,0.432,0.372,0.91,28.9,0.8062283737024222,14.9,3.8,1.3,0.8,0.4,1.5,0.47,0.421,0.894,28.4,0.6936619718309859,10.2,7.0,1.3,0.4,1.1,0.8,0.61,0.338,0.8,25.8,0.7441860465116279,11.5,10.6,1.0,0.6,1.5,0.9,0.575,0.0,0.649,25.7,0.945525291828794
2023-24,BOS,1610612738,5,Champion,0.782,120.7,47.3,26.2,6.4,6.5,12.5,0.481,0.38,0.808,10.1,43.0,12.0,118.7,109.0,9.6,100.6,0.47479999999999994,0.75,27.1,8.6,4.8,1.0,0.6,2.5,0.475,0.363,0.824,35.8,1.106145251396648,22.0,5.5,3.7,1.1,0.6,2.5,0.492,0.342,0.718,33.4,0.9101796407185628,13.1,5.9,4.8,0.8,0.7,1.9,0.473,0.44,0.833,33.3,0.7027027027027029,15.6,3.9,4.7,1.0,1.2,1.6,0.462,0.397,0.891,32.3,0.7678018575851393,20.2,6.9,1.9,0.6,1.9,1.7,0.531,0.368,0.845,29.5,1.0101694915254238,8.0,6.7,2.9,0.6,1.0,0.7,0.484,0.409,0.85,27.2,0.6801470588235294,8.1,3.4,1.0,0.4,0.2,0.5,0.443,0.412,0.882,21.5,0.586046511627907,8.1,3.2,2.8,0.4,0.1,0.6,0.435,0.38,0.811,20.7,0.676328502415459
2023-24,BKN,1610612751,0,Missed Playoffs,0.389,113.4,44.4,26.8,6.9,5.4,12.6,0.46,0.368,0.759,-2.3,21.0,33.0,112.4,114.6,-2.3,100.3,0.47479999999999994,0.75,21.7,4.9,3.7,0.9,0.4,2.2,0.452,0.371,0.829,35.2,0.8352272727272726,13.4,2.8,6.1,0.9,0.1,1.6,0.437,0.352,0.842,30.3,0.7161716171617161,21.2,2.8,2.6,0.7,0.3,1.8,0.439,0.364,0.839,29.7,0.8686868686868687,12.2,10.2,1.9,0.6,2.3,1.2,0.625,0.25,0.57,29.4,0.8843537414965987,13.7,4.7,2.6,0.8,0.3,1.0,0.455,0.4,0.734,28.2,0.74822695035461,8.7,4.6,1.4,0.7,0.6,0.8,0.409,0.376,0.654,28.1,0.5409252669039145,6.8,8.4,6.5,0.8,0.7,2.1,0.594,0.0,0.429,25.7,0.8210116731517509,7.2,3.3,4.0,1.2,0.3,1.2,0.44,0.274,0.78,20.0,0.74
2023-24,CHA,1610612766,0,Missed Playoffs,0.241,108.6,41.1,24.9,6.5,4.7,13.8,0.461,0.362,0.788,-10.7,13.0,41.0,107.9,118.2,-10.3,100.5,0.47479999999999994,0.5,21.5,7.1,3.4,1.1,0.6,2.0,0.464,0.371,0.86,37.0,0.8567567567567569,23.9,5.1,8.0,1.8,0.2,3.8,0.433,0.355,0.865,32.3,1.0897832817337463,16.6,4.1,2.3,0.8,0.6,1.7,0.444,0.386,0.836,31.4,0.7229299363057328,12.7,9.7,1.2,0.8,1.1,0.9,0.649,0.0,0.719,26.8,0.917910447761194,8.7,3.8,1.7,0.5,0.6,1.2,0.423,0.374,0.769,26.7,0.5280898876404494,7.7,3.8,3.4,1.0,0.5,1.6,0.391,0.338,0.536,26.3,0.5627376425855513,9.7,7.9,0.8,0.3,1.3,1.1,0.692,0.0,0.731,25.9,0.7297297297297298,3.2,1.8,3.4,0.4,0.1,1.1,0.418,0.5,0.75,17.2,0.45348837209302334
2023-24,CHI,1610612741,0,Missed Playoffs,0.473,111.8,43.5,24.3,7.7,5.2,12.4,0.467,0.361,0.791,-1.1,26.0,29.0,112.0,112.5,-0.4,98.6,0.47479999999999994,0.875,22.7,4.1,5.2,1.2,0.6,1.5,0.472,0.333,0.852,37.7,0.8567639257294428,19.6,4.7,5.3,0.7,0.2,2.2,0.463,0.397,0.824,36.3,0.7796143250688706,19.5,5.2,3.9,0.8,0.3,2.1,0.452,0.349,0.854,34.9,0.7908309455587392,17.5,10.6,3.4,0.7,0.9,1.5,0.471,0.275,0.857,34.4,0.9186046511627908,10.0,3.9,1.5,0.9,0.8,1.3,0.443,0.399,0.788,27.3,0.5787545787545788,9.8,3.8,2.8,1.4,1.2,1.4,0.482,0.401,0.781,27.1,0.6494464944649446,10.1,2.5,2.3,0.8,0.5,1.1,0.505,0.417,0.767,25.5,0.592156862745098,6.1,4.7,1.1,0.6,0.5,0.6,0.425,0.374,0.778,21.0,0.5904761904761905
2023-24,CLE,1610612739,2,Second Round Exit,0.679,114.9,45.0,27.3,7.6,4.8,13.4,0.483,0.361,0.772,5.7,36.0,17.0,114.4,107.9,6.5,100.4,0.47479999999999994,0.75,28.4,5.4,6.3,1.9,0.5,2.8,0.473,0.361,0.864,35.4,1.1214689265536721,12.2,4.9,3.7,0.9,0.5,1.5,0.41,0.336,0.781,32.3,0.6408668730650156,18.2,2.3,5.9,1.4,0.1,3.2,0.471,0.331,0.86,31.8,0.7767295597484276,15.8,10.2,2.8,0.8,1.5,2.0,0.587,0.417,0.759,31.2,0.9326923076923077,15.6,10.6,2.8,0.8,1.2,1.8,0.646,0.0,0.744,30.7,0.9511400651465798,14.4,3.6,4.4,1.0,0.4,1.5,0.424,0.336,0.748,27.5,0.8109090909090908,9.0,3.1,1.9,0.8,0.5,0.8,0.493,0.393,0.684,26.2,0.5534351145038168,8.9,3.6,1.2,0.2,0.2,0.8,0.432,0.352,0.825,21.7,0.6129032258064515
2023-24,DAL,1610612742,4,Finals Loss,0.582,118.7,42.2,25.6,6.6,4.5,12.5,0.478,0.373,0.755,1.4,32.0,23.0,115.6,113.8,1.7,102.8,0.5248,0.5,34.2,8.8,9.5,1.4,0.6,4.0,0.492,0.375,0.777,37.5,1.3466666666666667,25.5,5.2,5.5,1.3,0.5,1.6,0.491,0.414,0.878,33.9,1.0737463126843658,17.3,3.6,1.7,0.5,0.1,1.0,0.414,0.365,0.877,29.7,0.7474747474747476,13.3,5.3,2.2,0.8,0.7,1.5,0.444,0.316,0.69,29.2,0.7123287671232877,9.0,3.3,2.5,0.8,0.2,1.1,0.491,0.412,0.66,27.3,0.5384615384615384,11.1,8.3,1.5,1.0,2.2,1.0,0.683,0.0,0.711,26.2,0.8816793893129771,9.2,7.8,1.3,0.6,1.5,1.1,0.736,0.0,0.559,25.7,0.7509727626459144,9.6,3.7,1.0,0.8,0.7,0.9,0.486,0.341,0.744,25.3,0.5889328063241107
2023-24,DEN,1610612743,2,Second Round Exit,0.655,113.9,44.1,28.6,6.7,5.3,12.6,0.489,0.368,0.756,3.1,36.0,19.0,114.6,112.4,2.2,99.0,0.5248,1.0,26.1,12.0,8.9,1.2,0.9,2.9,0.577,0.352,0.813,33.8,1.3668639053254439,10.0,2.3,2.3,1.3,0.5,1.0,0.443,0.379,0.921,31.9,0.48275862068965525,13.8,6.7,3.1,0.8,0.7,1.4,0.545,0.315,0.641,31.7,0.747634069400631,15.9,6.9,1.4,0.4,0.7,1.1,0.47,0.394,0.791,31.6,0.7658227848101264,20.5,3.9,6.5,0.8,0.7,2.0,0.468,0.411,0.849,31.4,0.9681528662420382,10.9,2.1,4.0,0.6,0.1,1.3,0.457,0.372,0.776,23.1,0.70995670995671,7.0,3.5,1.4,0.4,0.4,0.7,0.438,0.36,0.732,19.0,0.6315789473684211,6.9,2.9,1.0,0.6,0.9,0.7,0.473,0.336,0.7,18.3,0.6338797814207651
2023-24,DET,1610612765,0,Missed Playoffs,0.148,112.9,43.7,26.5,6.0,4.9,15.5,0.472,0.36,0.778,-9.1,8.0,46.0,109.1,117.7,-8.6,103.0,0.47479999999999994,0.75,21.9,4.1,7.5,0.9,0.4,3.6,0.446,0.335,0.857,34.0,0.9176470588235293,11.0,6.8,1.7,0.4,0.8,1.5,0.47,0.374,0.746,30.6,0.6274509803921569,14.0,12.0,2.5,0.4,0.8,1.9,0.631,0.0,0.742,30.1,0.9235880398671096,15.3,3.7,3.6,0.7,0.6,2.5,0.454,0.361,0.729,27.7,0.772563176895307,8.6,6.5,1.9,1.0,0.9,1.3,0.485,0.155,0.619,24.0,0.7333333333333333,6.9,2.8,4.9,0.9,0.5,1.2,0.413,0.297,0.66,24.0,0.6166666666666667,9.3,3.6,1.5,0.6,0.3,1.0,0.45,0.387,0.778,23.4,0.6111111111111112,5.0,2.1,1.1,0.6,0.2,0.7,0.345,0.286,0.667,20.4,0.4068627450980392
2023-24,GSW,1610612744,0,Missed Playoffs,0.509,119.7,46.6,29.0,6.7,4.1,14.4,0.474,0.381,0.787,1.5,27.0,26.0,115.5,114.2,1.3,102.3,0.5248,0.625,28.0,4.4,5.0,0.8,0.4,3.0,0.462,0.421,0.922,33.5,1.062686567164179,17.3,3.5,2.2,0.6,0.5,1.5,0.421,0.373,0.918,30.6,0.738562091503268,8.9,3.8,7.2,1.1,0.1,1.2,0.424,0.361,0.833,27.6,0.7210144927536233,12.5,4.4,1.6,0.6,0.5,1.3,0.449,0.342,0.713,27.1,0.6752767527675276,9.7,6.7,6.1,0.8,0.9,2.4,0.51,0.421,0.761,26.9,0.8104089219330856,9.9,5.8,3.9,0.9,0.2,1.3,0.464,0.385,0.61,26.4,0.7348484848484848,15.5,4.7,1.9,0.7,0.4,1.6,0.534,0.317,0.726,25.6,0.8437499999999998,9.4,5.1,2.4,0.6,0.2,1.2,0.474,0.402,0.864,19.1,0.8638743455497382
2023-24,HOU,1610612745,0,Missed Playoffs,0.444,113.3,45.7,24.8,7.5,4.4,12.9,0.462,0.351,0.772,0.6,24.0,30.0,110.8,110.2,0.6,101.3,0.5248,0.5,16.5,3.7,8.2,1.1,1.0,1.6,0.409,0.374,0.859,36.7,0.7874659400544958,21.2,9.1,5.0,1.1,0.7,2.6,0.541,0.293,0.708,32.5,1.0615384615384615,13.2,8.4,1.4,0.7,0.7,1.3,0.459,0.359,0.81,31.6,0.731012658227848,14.2,3.5,1.6,0.9,0.1,1.4,0.448,0.399,0.853,31.4,0.6019108280254778,18.0,4.8,3.4,0.7,0.3,2.2,0.411,0.307,0.802,30.6,0.8169934640522876,9.8,7.0,1.2,1.4,0.9,0.9,0.466,0.36,0.636,21.8,0.8899082568807338,7.6,5.5,2.5,1.2,0.4,1.5,0.512,0.158,0.634,19.2,0.8177083333333334,7.3,1.9,1.9,0.5,0.1,0.8,0.462,0.409,0.881,17.9,0.6089385474860335
2023-24,IND,1610612754,3,Conference Finals,0.554,123.7,40.6,30.9,7.8,5.8,13.4,0.508,0.381,0.777,1.4,31.0,25.0,117.9,116.8,1.1,104.8,0.47479999999999994,0.75,22.0,6.4,4.9,0.9,0.3,2.0,0.535,0.34,0.729,34.3,0.9475218658892127,21.8,3.9,11.7,1.0,0.7,2.4,0.492,0.4,0.853,32.0,1.146875,17.2,6.9,1.3,0.6,1.8,1.4,0.524,0.336,0.783,27.4,0.9635036496350368,12.6,3.9,1.4,1.1,0.7,1.0,0.519,0.452,0.702,27.1,0.6900369003690037,14.1,3.8,1.9,0.5,0.2,1.7,0.45,0.366,0.825,25.5,0.7372549019607842,9.0,1.8,4.6,0.9,0.1,1.7,0.492,0.344,0.789,22.9,0.6419213973799128,10.7,3.9,1.6,0.5,0.5,0.9,0.568,0.403,0.747,22.5,0.7244444444444444,10.8,5.6,1.0,0.3,0.7,0.8,0.632,0.484,0.703,18.1,0.9723756906077347
2023-24,LAC,1610612746,1,First Round Exit,0.679,118.3,43.0,26.0,8.0,5.2,12.9,0.494,0.395,0.816,5.6,36.0,17.0,117.9,111.5,6.4,100.5,0.5248,0.875,17.5,5.1,8.4,1.2,0.9,2.5,0.45,0.421,0.874,34.6,0.8843930635838151,24.1,6.2,3.7,1.7,0.9,1.6,0.527,0.453,0.891,34.3,1.0204081632653061,22.5,5.3,3.6,1.6,0.4,2.0,0.458,0.393,0.91,33.7,0.9317507418397625,11.9,9.5,1.3,0.2,1.3,1.1,0.656,0.0,0.664,26.5,0.8716981132075471,13.4,2.5,1.0,0.5,0.3,0.8,0.495,0.453,0.843,25.2,0.6706349206349206,7.4,3.1,1.8,0.6,0.2,0.6,0.46,0.301,0.759,24.9,0.5020080321285141,11.4,5.4,4.6,1.1,0.4,2.1,0.463,0.281,0.661,23.2,0.8965517241379309,6.3,1.7,0.8,0.4,0.1,0.4,0.562,0.45,0.891,17.9,0.4972067039106146
2023-24,LAL,1610612747,1,First Round Exit,0.536,117.0,42.7,28.5,7.9,5.6,13.8,0.494,0.37,0.775,-0.1,30.0,26.0,112.5,112.5,0.0,103.3,0.5248,0.625,24.9,12.2,3.8,1.1,2.5,2.1,0.553,0.284,0.81,35.7,1.187675070028011,24.8,7.2,7.8,1.3,0.6,3.2,0.52,0.395,0.741,34.9,1.1031518624641832,17.5,2.8,6.3,0.8,0.5,1.9,0.465,0.417,0.81,31.2,0.8333333333333335,15.8,3.9,5.4,0.9,0.2,2.1,0.49,0.365,0.863,31.1,0.7749196141479099,12.4,3.2,6.0,0.8,0.2,1.3,0.393,0.321,0.783,30.7,0.6938110749185669,9.6,3.0,1.7,0.9,0.5,0.9,0.439,0.39,0.731,30.1,0.4916943521594684,5.4,1.0,3.0,1.2,0.0,0.4,0.375,0.118,0.5,25.5,0.39999999999999997,12.0,3.7,1.1,0.7,0.3,0.7,0.515,0.4,0.728,24.2,0.706611570247934
2023-24,MEM,1610612763,0,Missed Playoffs,0.357,107.1,41.7,25.4,7.8,6.2,14.6,0.441,0.35,0.761,-5.9,20.0,36.0,105.1,111.5,-6.4,101.2,0.5248,0.75,25.1,5.6,8.1,0.8,0.6,3.0,0.471,0.275,0.813,35.3,1.0538243626062325,24.4,4.6,5.3,1.0,0.5,2.7,0.474,0.384,0.864,34.5,0.9594202898550723,22.3,5.4,2.1,1.0,1.5,2.4,0.45,0.325,0.823,31.8,0.9402515723270441,14.5,2.7,4.3,2.1,0.3,3.1,0.43,0.313,0.768,30.2,0.6887417218543047,9.6,5.6,2.9,0.9,0.6,1.4,0.444,0.365,0.815,26.6,0.6842105263157894,10.4,5.5,2.2,0.7,0.7,1.1,0.429,0.344,0.597,24.8,0.7419354838709676,10.9,2.9,3.0,0.4,0.0,1.1,0.444,0.455,0.839,24.7,0.6518218623481781,10.5,3.4,4.5,1.0,0.5,1.9,0.475,0.565,0.714,22.6,0.7964601769911503
2023-24,MIA,1610612748,1,First Round Exit,0.545,110.6,42.2,25.9,7.3,3.1,13.0,0.463,0.372,0.824,0.2,30.0,25.0,111.5,110.8,0.7,99.2,0.47479999999999994,0.625,20.2,10.6,4.2,1.1,1.0,2.4,0.51,0.091,0.784,34.6,1.0028901734104048,20.6,4.1,6.4,1.0,0.4,1.9,0.44,0.337,0.863,34.1,0.8973607038123167,21.4,5.5,4.6,1.3,0.3,1.7,0.5,0.44,0.869,33.9,0.9262536873156341,21.0,5.3,4.4,0.8,0.1,2.2,0.437,0.396,0.835,33.7,0.8724035608308607,12.9,3.9,2.6,1.1,0.2,1.7,0.492,0.321,0.815,29.5,0.6440677966101697,13.3,2.4,2.8,0.6,0.2,1.3,0.459,0.412,0.89,27.4,0.6569343065693432,10.0,4.5,2.1,0.8,0.3,1.1,0.451,0.35,0.763,26.6,0.6240601503759399,9.9,2.8,2.4,0.6,0.3,0.8,0.444,0.347,0.944,25.6,0.5937499999999999
2023-24,MIL,1610612749,1,First Round Exit,0.625,122.0,44.0,26.7,6.9,5.2,12.9,0.494,0.375,0.77,3.2,35.0,21.0,117.3,113.8,3.5,103.7,0.47479999999999994,0.625,30.8,11.2,6.4,1.4,1.1,3.5,0.616,0.255,0.653,35.0,1.3542857142857143,24.6,4.1,6.7,1.0,0.2,2.5,0.423,0.341,0.925,34.9,0.9770773638968484,13.0,5.6,1.6,0.6,2.7,0.9,0.483,0.342,0.835,31.5,0.7174603174603176,11.4,3.9,1.4,0.8,0.1,0.7,0.468,0.444,0.64,29.5,0.5728813559322035,14.8,4.3,5.0,0.9,0.3,2.1,0.487,0.378,0.832,26.3,0.8821292775665399,7.0,3.3,1.6,0.8,0.2,0.5,0.44,0.37,0.667,24.7,0.5020242914979758,12.7,6.9,1.1,0.7,0.4,1.0,0.494,0.385,0.791,24.0,0.8666666666666667,5.2,3.3,2.0,0.5,0.2,0.6,0.456,0.385,0.69,21.3,0.4976525821596244
2023-24,MIN,1610612750,3,Conference Finals,0.709,114.0,43.9,26.4,7.5,5.9,14.8,0.49,0.393,0.785,7.3,39.0,16.0,113.5,105.9,7.6,100.0,0.5248,1.0,26.3,5.2,5.3,1.2,0.5,3.3,0.471,0.386,0.841,35.0,1.0057142857142858,13.7,12.5,1.2,0.6,2.1,1.5,0.647,0.0,0.645,33.4,0.8562874251497007,22.5,8.4,2.9,0.7,0.6,2.8,0.517,0.437,0.878,32.7,0.9877675840978594,10.6,2.9,6.4,1.0,0.2,1.1,0.444,0.442,0.923,28.9,0.6920415224913494,10.7,2.7,1.3,0.9,0.5,1.3,0.505,0.357,0.795,28.7,0.5156794425087108,7.0,1.9,2.5,0.9,0.5,1.0,0.429,0.376,0.763,23.1,0.5108225108225108,12.2,4.6,1.0,0.7,0.7,1.2,0.489,0.418,0.753,22.5,0.7999999999999998,6.1,3.5,4.1,0.8,0.5,1.2,0.464,0.219,0.7,21.8,0.6330275229357798
2023-24,NOP,1610612740,1,First Round Exit,0.6,116.5,44.2,27.1,8.4,4.8,13.2,0.489,0.377,0.766,4.2,33.0,22.0,115.6,110.6,5.0,100.9,0.5248,0.875,21.4,5.0,5.8,0.8,0.6,2.5,0.49,0.362,0.794,33.3,0.9339339339339339,19.0,4.3,4.6,1.1,0.8,1.6,0.461,0.421,0.798,32.1,0.8785046728971962,22.4,5.5,4.8,0.9,0.5,2.5,0.585,0.364,0.684,30.5,1.0360655737704916,11.0,3.7,2.4,1.2,0.8,1.2,0.497,0.407,0.86,28.7,0.6236933797909407,12.7,3.7,1.6,0.7,0.5,0.5,0.435,0.361,0.806,25.8,0.7248062015503876,13.7,9.4,2.3,0.5,1.0,1.4,0.573,0.341,0.796,25.5,1.0000000000000002,5.5,3.7,2.6,1.4,0.4,1.0,0.438,0.291,0.64,21.9,0.5753424657534246,8.6,2.2,1.0,0.4,0.1,1.1,0.447,0.471,0.929,21.6,0.5185185185185185
2023-24,NYK,1610612752,2,Second Round Exit,0.6,114.5,45.9,23.7,7.3,3.9,13.1,0.467,0.368,0.787,4.5,33.0,22.0,114.7,111.7,3.0,99.1,0.47479999999999994,0.625,27.6,3.8,6.5,0.9,0.2,2.4,0.483,0.411,0.835,35.9,1.0194986072423402,24.0,9.2,5.0,0.5,0.3,3.5,0.472,0.311,0.781,35.4,1.0028248587570623,15.3,4.2,2.3,1.3,0.7,1.5,0.498,0.379,0.774,34.2,0.652046783625731,19.7,3.4,2.4,0.8,0.2,2.1,0.467,0.408,0.771,32.6,0.7484662576687114,7.8,7.1,3.2,0.8,0.3,1.3,0.423,0.306,0.839,29.9,0.5986622073578595,6.2,10.3,0.7,1.5,1.3,1.0,0.592,0.0,0.368,29.2,0.6506849315068494,7.1,8.7,2.0,1.2,1.1,1.2,0.619,0.333,0.707,25.6,0.7382812499999999,13.6,3.3,2.5,1.2,0.3,1.2,0.458,0.415,0.729,25.0,0.7879999999999999
2023-24,OKC,1610612760,2,Second Round Exit,0.685,120.8,41.1,27.3,8.1,6.7,12.5,0.5,0.393,0.832,7.2,37.0,17.0,117.7,110.0,7.7,102.2,0.5248,0.5,31.1,5.5,6.5,2.2,0.9,2.2,0.546,0.371,0.883,34.5,1.2753623188405796,19.2,4.1,4.6,1.0,0.5,1.8,0.544,0.453,0.811,32.1,0.8598130841121494,14.5,4.7,4.6,1.1,0.5,2.0,0.468,0.361,0.765,31.9,0.7335423197492162,16.7,7.6,2.7,0.7,2.6,1.6,0.535,0.393,0.773,30.1,0.9534883720930231,10.6,3.8,1.4,0.8,0.7,0.9,0.439,0.39,0.814,28.5,0.575438596491228,11.5,6.1,4.5,0.7,0.5,2.0,0.447,0.325,0.831,24.9,0.855421686746988,5.2,6.4,1.7,0.3,1.1,1.3,0.563,0.0,0.478,23.9,0.5606694560669456,6.8,2.2,1.3,0.7,0.4,0.5,0.504,0.412,0.846,20.7,0.5265700483091788
2023-24,ORL,1610612753,1,First Round Exit,0.545,111.7,42.9,24.9,8.1,5.2,14.6,0.473,0.348,0.756,0.9,30.0,25.0,110.7,109.7,0.9,100.3,0.47479999999999994,1.0,23.0,6.9,5.3,1.1,0.5,3.0,0.462,0.365,0.702,35.0,0.9657142857142856,21.1,5.6,4.1,1.1,0.4,2.0,0.477,0.318,0.858,33.3,0.9099099099099102,12.3,3.3,2.4,1.4,0.6,1.9,0.445,0.384,0.76,26.9,0.6728624535315986,11.4,6.5,1.6,0.4,0.5,1.2,0.535,0.402,0.727,26.2,0.732824427480916,8.4,3.5,3.7,1.3,0.3,1.1,0.491,0.143,0.563,24.0,0.6708333333333334,11.9,4.0,3.0,0.8,0.4,1.8,0.432,0.326,0.839,23.0,0.7956521739130433,6.8,1.6,1.8,0.8,0.3,0.5,0.432,0.331,0.781,22.5,0.4800000000000001,11.1,4.4,1.2,0.5,0.3,1.2,0.586,0.325,0.795,18.4,0.8858695652173915
2023-24,PHI,1610612755,1,First Round Exit,0.593,118.3,43.2,24.9,8.6,5.8,11.9,0.475,0.359,0.828,4.4,32.0,22.0,115.9,112.2,3.7,101.4,0.47479999999999994,0.5,25.7,3.7,6.4,1.0,0.5,1.7,0.449,0.378,0.854,37.2,0.9569892473118278,35.3,11.3,5.7,1.1,1.8,3.7,0.533,0.366,0.883,34.0,1.514705882352941,17.7,6.0,3.4,1.0,0.5,1.5,0.507,0.346,0.896,34.0,0.7970588235294117,11.8,4.0,3.2,1.6,0.5,1.2,0.393,0.363,0.827,29.1,0.6838487972508591,14.0,4.5,1.1,1.1,0.6,0.8,0.461,0.319,0.736,29.0,0.706896551724138,8.2,3.5,4.0,1.1,0.4,1.4,0.426,0.385,0.833,28.0,0.5642857142857143,12.7,3.3,3.0,0.9,0.6,1.3,0.452,0.39,0.838,26.6,0.7218045112781954,5.7,3.9,2.3,0.7,0.7,0.6,0.519,0.454,0.643,24.9,0.5100401606425702
2023-24,PHX,1610612756,1,First Round Exit,0.6,117.6,43.2,26.8,7.6,6.1,14.9,0.499,0.378,0.81,3.3,33.0,22.0,115.5,112.1,3.4,101.3,0.5248,0.25,28.2,6.6,5.7,0.9,1.3,3.2,0.538,0.443,0.871,37.0,1.0675675675675673,27.5,4.6,7.0,0.9,0.4,2.6,0.5,0.379,0.87,35.5,1.064788732394366,12.8,3.9,3.2,0.8,0.6,1.3,0.51,0.482,0.892,32.9,0.60790273556231,18.2,4.3,4.5,0.9,0.3,2.4,0.495,0.363,0.775,32.6,0.7914110429447853,12.6,2.1,2.3,0.9,0.5,1.3,0.46,0.388,0.824,29.7,0.5757575757575757,11.8,10.2,3.7,1.0,1.0,2.1,0.519,0.25,0.686,27.2,0.9411764705882353,7.4,4.5,2.8,0.8,0.6,1.0,0.39,0.371,0.64,24.4,0.6188524590163935,8.3,4.1,1.6,0.5,0.2,1.1,0.404,0.304,0.687,22.9,0.5938864628820961
2023-24,POR,1610612757,0,Missed Playoffs,0.278,107.9,41.4,22.6,7.7,4.6,14.9,0.44,0.353,0.796,-8.8,15.0,39.0,105.7,115.0,-9.3,100.6,0.5248,0.5,21.7,3.7,2.7,0.7,0.7,2.0,0.456,0.403,0.813,34.0,0.8088235294117646,22.9,3.5,5.3,0.5,0.1,2.6,0.433,0.388,0.913,33.5,0.8865671641791045,15.9,5.0,2.9,0.9,0.4,2.3,0.406,0.333,0.824,33.1,0.6888217522658608,13.8,10.4,1.7,1.1,0.8,1.7,0.56,0.0,0.809,31.7,0.8233438485804419,15.7,3.8,5.5,0.7,0.2,1.5,0.44,0.412,0.819,28.7,0.8501742160278746,12.9,3.0,4.7,0.6,0.2,3.0,0.375,0.31,0.818,27.0,0.6814814814814816,7.0,4.8,1.0,1.0,0.5,1.2,0.436,0.308,0.724,23.6,0.5550847457627119,5.3,1.9,1.3,1.6,0.8,0.5,0.388,0.342,0.8,23.0,0.45217391304347826
2023-24,SAC,1610612758,0,Missed Playoffs,0.574,118.4,43.3,28.6,7.2,4.0,13.5,0.482,0.37,0.732,0.5,31.0,23.0,114.2,114.5,-0.3,102.4,0.5248,0.875,20.1,13.2,8.3,0.9,0.5,3.3,0.622,0.426,0.697,35.7,1.1120448179271707,26.8,4.1,5.5,1.9,0.4,2.6,0.464,0.376,0.706,35.6,1.0140449438202246,14.8,5.3,1.7,1.1,0.6,0.9,0.459,0.35,0.807,32.5,0.6953846153846155,12.2,2.9,1.2,0.7,0.2,0.7,0.483,0.397,0.82,29.9,0.5518394648829432,15.1,2.8,5.3,0.6,0.6,2.2,0.449,0.375,0.815,25.9,0.8571428571428573,10.8,3.6,2.6,0.7,0.4,0.8,0.452,0.368,0.791,25.0,0.6919999999999998,7.6,4.5,1.2,0.3,0.3,0.6,0.463,0.405,0.681,20.1,0.6616915422885572,5.7,1.6,1.8,0.3,0.0,0.6,0.4,0.174,1.0,17.3,0.508670520231214
2023-24,SAS,1610612759,0,Missed Playoffs,0.2,111.8,43.2,29.3,7.3,6.1,14.8,0.459,0.339,0.783,-8.6,11.0,44.0,106.9,115.8,-8.9,103.9,0.5248,0.75,18.9,3.7,3.7,1.1,0.3,1.4,0.465,0.369,0.806,31.7,0.8296529968454259,16.1,5.7,3.0,0.9,0.4,1.5,0.448,0.33,0.78,29.9,0.822742474916388,11.4,6.0,3.5,0.8,0.5,1.9,0.442,0.335,0.774,29.4,0.6904761904761906,20.5,10.0,3.2,1.1,3.2,3.5,0.468,0.32,0.811,28.4,1.2147887323943665,9.6,3.2,5.8,1.0,0.1,1.4,0.495,0.278,0.877,26.0,0.703846153846154,11.5,5.5,3.1,0.5,0.7,2.0,0.475,0.267,0.782,24.2,0.7975206611570248,8.0,2.0,2.2,0.4,0.1,1.1,0.426,0.31,0.933,20.2,0.5742574257425742,7.1,2.5,1.7,0.5,0.2,0.7,0.474,0.377,0.68,18.0,0.6277777777777778
2023-24,TOR,1610612761,0,Missed Playoffs,0.345,113.9,43.6,29.2,7.6,4.9,13.5,0.476,0.355,0.748,-3.9,19.0,36.0,111.9,115.1,-3.3,101.3,0.47479999999999994,0.375,20.1,8.1,6.0,1.2,1.5,2.7,0.473,0.353,0.779,35.2,0.9715909090909091,19.2,5.4,2.9,0.6,0.4,1.9,0.475,0.343,0.747,31.3,0.8498402555910544,11.3,4.6,2.8,1.0,0.3,1.2,0.472,0.32,0.85,28.6,0.6573426573426573,15.5,3.1,3.8,0.6,0.1,1.1,0.43,0.4,0.854,27.2,0.8088235294117648,11.0,8.5,2.4,0.7,1.5,1.6,0.675,0.0,0.557,26.7,0.842696629213483,11.5,2.2,1.5,1.0,0.1,0.7,0.416,0.418,0.667,26.3,0.5931558935361217,8.2,5.0,4.2,0.8,0.2,1.6,0.556,0.418,0.851,20.2,0.8316831683168315,5.3,2.4,0.9,0.5,0.5,0.7,0.416,0.318,0.739,19.4,0.4587628865979382
2023-24,UTA,1610612762,0,Missed Playoffs,0.464,118.0,46.7,28.4,6.7,6.0,15.8,0.471,0.359,0.822,-2.7,26.0,30.0,113.4,116.7,-3.3,102.8,0.5248,0.625,23.4,8.6,1.9,0.8,0.5,1.3,0.491,0.403,0.887,32.8,1.0335365853658538,17.3,3.3,4.8,0.5,0.1,2.7,0.415,0.299,0.879,30.2,0.7715231788079472,14.3,8.2,1.2,0.6,0.8,1.4,0.523,0.335,0.78,27.8,0.8525179856115108,11.7,2.8,4.3,0.5,0.1,2.0,0.391,0.348,0.818,24.9,0.6987951807228917,17.9,2.6,4.6,0.7,0.2,1.9,0.487,0.39,0.868,24.6,0.9796747967479675,8.5,7.5,0.9,0.5,2.8,1.0,0.652,0.222,0.56,23.4,0.8205128205128205,10.4,2.4,3.9,1.0,0.3,1.5,0.411,0.331,0.782,20.2,0.8168316831683169,5.4,2.9,4.1,1.0,0.5,1.3,0.477,0.416,0.696,18.0,0.7
2023-24,WAS,1610612764,0,Missed Playoffs,0.167,114.8,40.7,28.1,7.8,5.4,13.9,0.474,0.351,0.768,-9.1,9.0,45.0,109.2,117.2,-8.0,105.4,0.47479999999999994,0.375,21.8,6.3,4.2,0.4,0.7,2.6,0.456,0.329,0.801,31.7,0.9716088328075712,15.6,2.4,3.7,1.1,0.3,2.2,0.4,0.303,0.859,29.2,0.7157534246575343,12.6,2.8,6.8,1.1,0.3,0.9,0.5,0.426,0.778,29.0,0.7827586206896553,13.8,6.6,3.8,0.8,0.4,2.0,0.521,0.405,0.74,28.2,0.8297872340425532,8.3,4.1,1.7,0.8,0.8,1.5,0.444,0.363,0.702,26.9,0.5278810408921933,12.0,2.5,1.6,0.4,0.2,1.0,0.481,0.361,0.78,22.5,0.6977777777777777,11.3,5.6,1.1,0.3,0.6,1.3,0.578,0.25,0.748,20.1,0.8756218905472637,7.6,1.4,1.3,0.6,0.2,0.6,0.441,0.357,0.814,15.1,0.695364238410596
