SEASON,TEAM,TEAM_ID,PLAYOFF_RESULT,PLAYOFF_LABEL,TEAM_W_PCT,TEAM_PTS,TEAM_REB,TEAM_AST,TEAM_STL,TEAM_BLK,TEAM_TOV,TEAM_FG_PCT,TEAM_FG3_PCT,TEAM_FT_PCT,TEAM_PLUS_MINUS,TEAM_W,TEAM_L,TEAM_E_OFF_RATING,TEAM_E_DEF_RATING,TEAM_E_NET_RATING,TEAM_E_PACE,CONF_STRENGTH,ROSTER_CONTINUITY,P1_PTS,P1_REB,P1_AST,P1_STL,P1_BLK,P1_TOV,P1_FG_PCT,P1_FG3_PCT,P1_FT_PCT,P1_MIN,P1_PER_APPROX,P2_PTS,P2_REB,P2_AST,P2_STL,P2_BLK,P2_TOV,P2_FG_PCT,P2_FG3_PCT,P2_FT_PCT,P2_MIN,P2_PER_APPROX,P3_PTS,P3_REB,P3_AST,P3_STL,P3_BLK,P3_TOV,P3_FG_PCT,P3_FG3_PCT,P3_FT_PCT,P3_MIN,P3_PER_APPROX,P4_PTS,P4_REB,P4_AST,P4_STL,P4_BLK,P4_TOV,P4_FG_PCT,P4_FG3_PCT,P4_FT_PCT,P4_MIN,P4_PER_APPROX,P5_PTS,P5_REB,P5_AST,P5_STL,P5_BLK,P5_TOV,P5_FG_PCT,P5_FG3_PCT,P5_FT_PCT,P5_MIN,P5_PER_APPROX,P6_PTS,P6_REB,P6_AST,P6_STL,P6_BLK,P6_TOV,P6_FG_PCT,P6_FG3_PCT,P6_FT_PCT,P6_MIN,P6_PER_APPROX,P7_PTS,P7_REB,P7_AST,P7_STL,P7_BLK,P7_TOV,P7_FG_PCT,P7_FG3_PCT,P7_FT_PCT,P7_MIN,P7_PER_APPROX,P8_PTS,P8_REB,P8_AST,P8_STL,P8_BLK,P8_TOV,P8_FG_PCT,P8_FG3_PCT,P8_FT_PCT,P8_MIN,P8_PER_APPROX
2003-04,ATL,1610612737,0,Missed Playoffs,0.341,92.8,42.7,20.1,7.6,5.0,16.5,0.433,0.335,0.776,-4.6,28.0,54.0,98.2,103.1,-4.9,93.5,0.4511428571428571,0.5,16.8,4.1,5.4,1.5,0.2,2.8,0.417,0.347,0.827,37.2,0.6774193548387095,18.1,4.6,3.1,1.8,0.3,2.8,0.425,0.34,0.785,36.8,0.6820652173913045,11.3,5.6,0.9,0.6,0.6,1.6,0.479,0.25,0.788,27.3,0.6373626373626373,4.5,4.5,2.4,0.8,0.5,1.7,0.447,0.231,0.602,25.2,0.4365079365079365,10.2,3.1,0.8,0.7,0.4,1.0,0.448,0.389,0.866,21.6,0.6574074074074073,7.5,4.1,2.9,0.8,0.2,1.3,0.416,0.266,0.757,20.7,0.6859903381642511,2.9,6.5,0.4,0.3,1.0,1.1,0.36,0.0,0.419,20.3,0.4926108374384237,3.8,1.6,2.7,0.6,0.0,1.2,0.386,0.15,0.779,17.8,0.4213483146067416
2003-04,BOS,1610612738,1,First Round Exit,0.439,95.3,40.1,20.5,9.4,4.0,16.2,0.443,0.346,0.75,-1.5,36.0,46.0,99.9,101.4,-1.5,95.2,0.4511428571428571,0.5,23.0,6.5,5.1,1.6,0.7,3.8,0.402,0.299,0.819,38.7,0.8552971576227392,14.4,4.5,3.3,1.2,0.3,2.4,0.469,0.371,0.718,31.3,0.6805111821086262,10.3,7.2,0.9,1.0,1.3,1.8,0.566,0.0,0.719,29.3,0.6450511945392491,9.2,3.7,2.3,1.2,0.1,1.6,0.428,0.381,0.743,27.0,0.5518518518518518,7.9,3.1,1.6,0.9,0.3,1.2,0.388,0.374,0.756,24.7,0.5101214574898786,8.4,1.5,3.5,0.7,0.0,1.4,0.397,0.336,0.753,24.0,0.5291666666666667,7.8,4.6,1.4,0.5,0.8,0.6,0.46,0.2,0.769,19.4,0.7474226804123711,6.3,5.4,0.3,0.5,0.8,1.2,0.488,0.0,0.663,17.5,0.6914285714285715
2003-04,CHI,1610612741,0,Missed Playoffs,0.28,89.7,43.5,21.9,8.0,4.8,16.1,0.414,0.342,0.725,-6.4,23.0,59.0,93.9,100.5,-6.7,94.8,0.4511428571428571,0.5,12.0,3.4,6.8,1.3,0.3,2.7,0.386,0.39,0.804,35.6,0.5926966292134832,17.3,3.5,5.1,1.4,0.4,2.4,0.386,0.317,0.833,35.2,0.7187499999999999,8.9,8.4,1.7,0.5,0.8,1.4,0.403,0.0,0.765,32.2,0.5869565217391305,14.7,6.2,0.9,0.3,1.1,2.4,0.496,1.0,0.671,29.6,0.7027027027027027,9.6,3.4,1.6,1.2,0.3,1.5,0.392,0.237,0.735,25.2,0.5793650793650793,6.2,7.0,1.1,1.3,0.1,1.1,0.47,0.0,0.684,23.9,0.6108786610878661,6.1,7.7,0.7,0.5,1.2,1.1,0.424,0.0,0.669,22.5,0.6711111111111111,6.7,2.0,1.1,0.6,0.2,0.9,0.482,0.2,0.651,20.1,0.4825870646766168
2003-04,CLE,1610612739,0,Missed Playoffs,0.427,92.9,45.6,22.0,7.1,6.5,14.8,0.433,0.314,0.753,-2.6,35.0,47.0,98.4,101.2,-2.8,93.6,0.4511428571428571,0.5,20.9,5.5,5.9,1.6,0.7,3.5,0.417,0.29,0.754,39.6,0.7853535353535354,15.5,11.4,2.0,1.0,0.7,1.8,0.523,0.167,0.768,34.6,0.8323699421965317,11.8,2.5,6.1,1.0,0.1,1.7,0.447,0.362,0.797,34.0,0.5823529411764706,15.3,8.1,1.3,0.5,2.5,2.0,0.483,0.286,0.746,31.4,0.8184713375796179,10.0,4.0,1.7,1.0,0.1,1.2,0.386,0.276,0.76,26.5,0.588679245283019,3.8,1.8,4.8,1.0,0.5,1.3,0.304,0.0,0.5,22.8,0.4649122807017543,5.6,4.9,0.8,0.4,0.9,0.9,0.443,0.222,0.742,20.2,0.5792079207920793,4.0,2.4,1.1,0.4,0.3,0.8,0.391,0.105,0.783,19.5,0.3794871794871795
2003-04,DAL,1610612742,1,First Round Exit,0.634,105.2,45.3,23.9,8.0,5.3,12.2,0.459,0.348,0.796,4.4,52.0,30.0,109.6,105.0,4.6,95.4,0.5454666666666667,0.5,18.6,4.5,2.9,1.2,0.5,1.2,0.443,0.405,0.85,38.6,0.6865284974093264,21.8,8.7,2.7,1.2,1.4,1.8,0.462,0.341,0.877,37.9,0.8970976253298155,14.0,8.3,4.5,0.8,0.8,2.5,0.428,0.269,0.554,34.6,0.7485549132947977,14.5,3.0,8.8,0.9,0.1,2.7,0.47,0.405,0.916,33.5,0.7343283582089553,14.8,6.3,0.9,1.0,0.4,1.0,0.535,0.4,0.748,29.0,0.7724137931034483,8.6,5.5,1.4,1.0,0.8,1.0,0.43,0.303,0.703,23.7,0.6877637130801688,8.5,2.6,2.1,0.9,0.2,0.8,0.494,0.306,0.769,18.5,0.7297297297297296,6.0,1.8,0.8,0.8,0.2,0.5,0.38,0.303,0.841,15.6,0.5833333333333334
2003-04,DEN,1610612743,1,First Round Exit,0.524,97.2,42.3,21.9,9.1,6.3,15.6,0.443,0.336,0.767,1.1,43.0,39.0,100.8,99.7,1.1,96.2,0.5454666666666667,0.5,21.0,6.1,2.8,1.2,0.5,3.0,0.426,0.322,0.777,36.5,0.7835616438356164,14.8,4.5,6.1,1.7,0.3,2.6,0.457,0.185,0.832,34.7,0.7146974063400575,11.8,6.5,2.2,1.5,0.5,2.4,0.53,0.0,0.682,32.6,0.6165644171779141,14.2,2.7,2.1,0.8,0.2,1.4,0.422,0.367,0.791,30.7,0.6058631921824105,8.6,10.1,1.8,1.2,2.6,1.4,0.477,0.0,0.721,30.1,0.760797342192691,10.2,1.7,3.6,0.6,0.0,1.2,0.419,0.322,0.877,22.4,0.6651785714285714,6.2,2.2,2.6,1.0,0.1,0.9,0.404,0.37,0.845,19.1,0.5863874345549738,3.4,4.2,0.5,0.5,1.6,0.7,0.443,0.0,0.589,14.5,0.6551724137931034
2003-04,DET,1610612765,5,Champion,0.659,90.1,42.8,20.8,8.0,7.0,15.1,0.435,0.344,0.753,5.8,54.0,28.0,99.1,92.7,6.4,90.4,0.4511428571428571,0.5,9.5,12.4,1.7,1.8,3.0,1.5,0.421,0.125,0.49,37.8,0.7116402116402116,17.6,3.6,4.0,1.3,0.2,2.7,0.455,0.265,0.868,35.7,0.6722689075630253,16.9,3.5,5.7,1.1,0.1,2.4,0.394,0.388,0.878,35.5,0.7014084507042254,16.0,6.8,2.3,0.9,1.8,1.8,0.436,0.331,0.736,35.2,0.7386363636363635,10.3,4.8,2.3,0.8,0.8,1.5,0.467,0.363,0.766,32.9,0.5319148936170214,9.3,2.9,4.2,1.2,0.0,1.5,0.414,0.377,0.811,27.1,0.5940959409594097,9.6,5.9,1.0,0.5,0.9,1.4,0.463,0.375,0.775,22.4,0.7366071428571429,9.5,3.2,0.7,0.4,0.3,1.4,0.505,0.0,0.731,19.9,0.6381909547738693
2003-04,GSW,1610612744,0,Missed Playoffs,0.451,93.3,43.1,20.5,7.0,4.7,14.8,0.442,0.334,0.725,-0.7,37.0,45.0,100.5,101.3,-0.8,92.0,0.5454666666666667,0.5,18.7,6.7,2.9,1.1,0.5,2.5,0.438,0.282,0.684,37.7,0.7267904509283819,11.8,3.9,3.3,0.8,0.9,2.1,0.387,0.357,0.711,34.7,0.5360230547550431,12.3,12.0,0.8,0.4,1.9,1.8,0.535,0.0,0.654,32.5,0.7876923076923076,12.6,2.7,5.3,0.5,0.1,2.0,0.39,0.307,0.707,32.2,0.5962732919254659,11.7,5.9,2.9,0.9,0.2,1.9,0.449,0.37,0.741,31.2,0.6314102564102564,10.6,2.6,4.5,1.6,0.2,1.7,0.427,0.182,0.813,26.6,0.6691729323308271,7.6,3.3,1.7,0.8,0.2,1.1,0.481,0.0,0.61,26.1,0.478927203065134,10.0,6.2,0.7,0.4,0.6,1.2,0.44,0.294,0.75,21.9,0.7625570776255708
2003-04,HOU,1610612745,1,First Round Exit,0.549,89.8,42.6,19.3,6.8,5.4,16.7,0.442,0.366,0.773,1.7,45.0,37.0,98.1,96.2,1.9,90.3,0.5454666666666667,0.5,16.6,5.5,6.2,1.8,0.4,3.7,0.403,0.292,0.775,40.5,0.6617283950617284,15.8,4.5,3.2,1.3,0.4,2.3,0.426,0.39,0.811,40.4,0.5668316831683168,12.9,6.1,2.8,1.1,0.3,2.2,0.424,0.4,0.843,39.0,0.5384615384615385,17.5,9.0,1.5,0.3,1.9,2.5,0.522,0.0,0.809,32.9,0.8419452887537994,11.5,5.1,1.4,0.6,0.6,2.0,0.48,0.0,0.736,27.7,0.6209386281588449,6.1,6.8,1.0,0.8,1.4,1.2,0.447,0.0,0.676,25.3,0.5889328063241106,5.0,3.9,0.6,0.6,0.3,0.7,0.493,0.0,0.736,16.8,0.5773809523809524,4.1,1.5,0.5,0.3,0.1,0.6,0.377,0.352,0.875,14.3,0.4125874125874125
2003-04,IND,1610612754,3,Conference Finals,0.744,91.4,41.7,21.6,8.9,5.0,14.4,0.435,0.351,0.764,5.8,61.0,21.0,100.9,94.6,6.4,90.0,0.4511428571428571,0.5,18.3,5.3,3.7,2.1,0.7,2.8,0.421,0.31,0.733,37.2,0.7338709677419355,20.1,10.0,2.1,0.8,2.6,2.3,0.434,0.111,0.757,35.8,0.9301675977653632,13.3,6.4,1.7,1.0,0.3,2.1,0.463,0.273,0.734,30.9,0.6666666666666667,10.0,2.4,3.1,0.8,0.1,0.9,0.438,0.401,0.885,28.3,0.5477031802120141,8.3,2.6,5.8,1.6,0.3,2.1,0.414,0.372,0.731,26.5,0.6226415094339622,6.1,7.4,0.8,0.9,0.3,0.7,0.544,0.0,0.669,23.8,0.6218487394957984,6.2,1.8,2.8,0.9,0.1,1.0,0.406,0.336,0.798,22.0,0.4909090909090909,6.0,1.8,2.8,0.6,0.1,1.1,0.441,0.25,0.729,20.7,0.4927536231884057
2003-04,LAC,1610612746,0,Missed Playoffs,0.341,94.8,43.5,20.2,7.2,4.6,16.4,0.428,0.321,0.785,-4.6,28.0,54.0,99.8,104.6,-4.8,94.4,0.5454666666666667,0.5,20.0,10.3,3.3,0.9,2.2,2.8,0.493,0.0,0.773,38.8,0.8737113402061858,20.7,5.9,3.1,0.9,0.2,2.8,0.447,0.329,0.848,36.0,0.7777777777777778,17.2,6.4,2.1,1.0,0.3,2.2,0.398,0.352,0.74,36.0,0.688888888888889,8.5,3.0,4.8,1.6,0.3,2.0,0.388,0.34,0.733,30.3,0.5346534653465347,7.8,4.7,1.7,0.9,0.3,1.3,0.394,0.167,0.834,24.5,0.5755102040816327,6.1,5.6,1.0,0.3,0.9,1.9,0.46,0.0,0.697,22.6,0.5309734513274336,8.6,4.7,0.8,0.4,0.3,1.2,0.521,0.0,0.7,20.6,0.6601941747572817,6.8,2.3,2.5,1.1,0.1,1.1,0.359,0.375,0.8,19.7,0.5939086294416244
2003-04,LAL,1610612747,4,Finals Loss,0.683,98.2,43.1,23.8,8.3,4.6,13.8,0.454,0.327,0.693,3.9,56.0,26.0,102.7,98.6,4.1,94.8,0.5454666666666667,0.5,24.0,5.5,5.1,1.7,0.4,2.6,0.438,0.327,0.852,37.7,0.9045092838196286,21.5,11.5,2.9,0.5,2.5,2.9,0.584,0.0,0.49,36.8,0.9782608695652176,14.6,4.2,5.5,1.2,0.2,1.8,0.471,0.333,0.714,34.6,0.6907514450867052,13.2,8.7,3.9,1.2,0.5,2.5,0.483,0.0,0.747,32.8,0.7621951219512195,7.4,4.0,1.4,1.0,0.5,1.1,0.408,0.349,0.76,23.8,0.5546218487394958,4.8,2.7,2.6,0.8,0.1,1.3,0.392,0.246,0.733,22.3,0.4349775784753363,7.1,1.9,2.3,1.3,0.0,1.0,0.352,0.291,0.797,21.5,0.5395348837209303,8.3,5.0,0.8,0.6,0.3,0.9,0.441,0.0,0.767,21.3,0.6619718309859155
2003-04,MEM,1610612763,1,First Round Exit,0.61,96.7,41.8,23.4,9.7,6.9,15.0,0.445,0.34,0.727,2.4,50.0,32.0,101.9,99.4,2.6,93.9,0.5454666666666667,0.5,17.7,7.7,2.5,0.6,1.7,2.4,0.482,0.267,0.714,31.4,0.8853503184713376,13.7,4.9,1.5,1.7,0.5,1.4,0.478,0.386,0.83,29.8,0.7013422818791947,10.9,2.0,6.8,1.3,0.1,1.9,0.407,0.33,0.837,29.3,0.6552901023890786,11.1,3.3,3.6,0.9,0.2,1.6,0.438,0.372,0.723,27.1,0.6457564575645754,12.3,3.6,1.9,1.3,0.3,2.2,0.427,0.319,0.754,26.0,0.6615384615384616,9.4,6.8,1.1,0.7,0.9,1.2,0.439,0.0,0.733,25.8,0.686046511627907,8.5,3.8,1.3,1.3,0.7,0.7,0.446,0.349,0.732,24.7,0.6032388663967613,5.7,2.2,5.0,1.1,0.2,1.8,0.371,0.245,0.652,20.7,0.5990338164251208
2003-04,MIA,1610612748,1,First Round Exit,0.512,90.3,41.5,19.1,7.2,3.8,13.9,0.425,0.357,0.762,0.5,42.0,40.0,99.3,98.7,0.6,90.6,0.4511428571428571,0.5,17.1,9.7,4.1,1.1,0.9,3.0,0.43,0.298,0.742,37.5,0.7973333333333333,17.3,3.8,3.2,1.1,0.4,1.6,0.409,0.37,0.835,37.0,0.654054054054054,16.2,4.0,4.5,1.4,0.6,3.2,0.465,0.302,0.747,35.0,0.6714285714285714,10.2,2.8,4.5,1.4,0.2,1.6,0.376,0.371,0.769,31.5,0.5555555555555555,8.7,6.9,0.9,0.7,0.5,1.1,0.471,0.0,0.782,30.3,0.5478547854785478,9.2,4.8,1.9,1.1,0.2,1.3,0.38,0.238,0.756,29.8,0.5335570469798657,7.3,6.3,0.7,0.4,0.3,1.0,0.459,0.0,0.765,24.0,0.5833333333333334,6.8,1.4,0.5,0.2,0.3,0.6,0.476,0.463,0.762,15.0,0.5733333333333334
2003-04,MIL,1610612749,2,Second Round Exit,0.5,98.0,42.2,22.8,6.8,4.7,13.5,0.447,0.35,0.775,1.1,41.0,41.0,103.5,102.4,1.1,94.2,0.4511428571428571,0.5,21.7,5.0,2.3,1.0,0.1,1.4,0.44,0.35,0.868,36.8,0.7798913043478263,16.1,7.0,1.7,0.9,0.5,2.3,0.454,0.399,0.859,32.5,0.7353846153846153,14.4,4.4,1.9,0.7,0.3,1.8,0.472,0.231,0.769,30.9,0.6440129449838188,10.9,8.5,1.0,0.6,1.2,1.1,0.439,0.2,0.859,29.7,0.7104377104377104,10.5,7.3,0.9,0.5,1.1,1.4,0.497,0.0,0.572,28.2,0.6702127659574469,7.1,3.2,6.5,1.1,0.1,2.5,0.384,0.238,0.816,27.0,0.5740740740740742,7.0,2.1,5.8,0.4,0.0,1.3,0.401,0.359,0.764,24.5,0.5714285714285714,8.4,3.7,2.7,0.8,0.3,1.5,0.417,0.292,0.729,20.7,0.6956521739130436
2003-04,MIN,1610612750,3,Conference Finals,0.707,94.5,42.9,23.0,6.8,5.6,12.7,0.462,0.363,0.781,5.5,58.0,24.0,103.3,97.3,6.0,91.2,0.5454666666666667,0.5,24.2,13.9,5.0,1.5,2.2,2.6,0.499,0.256,0.791,39.5,1.118987341772152,16.8,3.8,3.5,1.1,0.3,1.9,0.409,0.331,0.814,37.8,0.6243386243386245,19.8,3.3,7.3,1.3,0.2,2.7,0.488,0.398,0.873,35.2,0.8295454545454546,5.0,3.2,1.6,0.4,0.7,0.6,0.465,0.308,0.787,27.9,0.3691756272401433,6.7,3.4,1.4,0.8,0.1,0.6,0.465,0.442,0.845,22.7,0.5198237885462555,10.2,3.1,1.2,0.4,0.0,1.0,0.449,0.435,0.828,22.3,0.6233183856502241,6.5,5.7,0.6,0.4,1.6,1.3,0.425,0.0,0.59,21.5,0.6279069767441859,7.5,1.2,2.4,0.2,0.0,1.2,0.386,0.403,0.818,17.4,0.5804597701149425
2003-04,BKN,1610612751,2,Second Round Exit,0.573,90.3,40.7,24.5,8.6,3.9,14.7,0.441,0.336,0.753,2.5,47.0,35.0,98.2,95.5,2.7,91.8,0.4511428571428571,0.5,18.5,5.7,3.8,1.1,0.3,2.4,0.498,0.364,0.763,38.2,0.7068062827225131,15.5,6.4,9.2,1.8,0.2,3.2,0.384,0.321,0.827,36.8,0.8125000000000001,16.7,9.5,2.5,1.5,1.3,2.6,0.488,0.28,0.684,34.7,0.8328530259365993,13.1,4.0,2.5,1.5,0.5,1.2,0.453,0.351,0.787,34.7,0.5878962536023055,5.9,5.1,2.0,0.9,0.7,1.2,0.424,0.0,0.739,28.5,0.4701754385964912,6.9,2.0,2.0,0.6,0.0,0.8,0.404,0.376,0.846,21.8,0.4908256880733944,7.8,4.4,2.0,0.9,0.4,1.4,0.41,0.329,0.765,20.5,0.6878048780487804,6.3,4.1,1.1,0.5,0.6,1.2,0.503,0.333,0.677,18.6,0.6129032258064515
2003-04,NOP,1610612740,1,First Round Exit,0.5,91.8,42.8,20.9,8.6,4.2,15.0,0.42,0.319,0.751,-0.1,41.0,41.0,99.1,99.3,-0.1,91.9,0.5454666666666667,0.5,22.9,4.3,7.5,2.4,0.4,3.2,0.395,0.321,0.673,40.1,0.855361596009975,20.8,6.2,2.5,0.7,0.3,1.9,0.392,0.284,0.813,38.4,0.7447916666666667,10.5,8.6,1.9,1.0,0.9,1.3,0.476,0.0,0.854,34.5,0.6260869565217391,13.6,10.3,1.0,0.5,1.2,2.5,0.473,0.0,0.751,34.1,0.7067448680351905,14.0,2.2,2.9,1.2,0.2,1.6,0.389,0.323,0.753,32.9,0.5744680851063828,10.6,2.9,3.9,1.7,0.2,2.0,0.395,0.315,0.854,28.4,0.6091549295774648,4.8,4.0,1.5,0.6,0.2,0.8,0.397,0.309,0.667,21.7,0.4746543778801843,5.8,2.5,1.2,0.8,0.2,1.1,0.412,0.143,0.791,20.6,0.4563106796116504
2003-04,NYK,1610612752,1,First Round Exit,0.476,92.0,42.6,20.7,7.4,4.8,15.7,0.442,0.364,0.793,-1.5,39.0,43.0,99.1,100.6,-1.6,91.9,0.4511428571428571,0.5,20.2,3.2,8.9,1.6,0.1,3.1,0.431,0.318,0.817,40.2,0.7686567164179103,18.5,2.4,2.0,0.8,0.0,2.0,0.435,0.431,0.913,35.9,0.6044568245125348,11.1,8.3,1.9,0.7,1.0,1.7,0.473,0.0,0.835,31.8,0.6698113207547168,14.7,4.8,1.9,1.0,0.3,1.8,0.446,0.376,0.784,31.7,0.6593059936908517,9.2,3.8,2.3,0.9,0.3,1.4,0.411,0.38,0.804,27.6,0.5471014492753623,7.9,2.8,1.5,0.9,0.2,1.5,0.422,0.281,0.764,24.6,0.4796747967479674,9.8,5.2,1.2,0.5,0.6,1.4,0.481,0.333,0.726,24.5,0.6489795918367347,5.6,6.7,0.4,0.3,1.9,0.8,0.478,0.0,0.681,23.1,0.6103896103896104
2003-04,ORL,1610612753,0,Missed Playoffs,0.256,94.0,40.9,19.3,6.7,3.8,13.7,0.429,0.344,0.737,-7.0,21.0,61.0,99.3,106.7,-7.4,94.0,0.4511428571428571,0.5,28.0,6.0,5.5,1.4,0.6,2.7,0.417,0.339,0.796,40.1,0.967581047381546,17.0,7.0,2.0,0.7,0.3,2.2,0.453,0.0,0.809,35.6,0.6966292134831461,10.5,2.5,4.2,0.8,0.1,1.6,0.433,0.383,0.771,30.7,0.5374592833876222,11.4,3.7,2.0,0.7,0.2,1.5,0.432,0.268,0.676,30.6,0.5392156862745098,11.6,6.5,1.1,0.8,0.9,1.6,0.445,0.214,0.637,27.1,0.7121771217712177,6.8,4.3,1.3,0.6,0.1,1.0,0.403,0.358,0.631,24.5,0.4938775510204081,3.2,4.5,0.6,0.7,0.5,0.8,0.477,0.0,0.815,17.0,0.5117647058823529,2.1,2.3,0.6,0.4,0.1,0.7,0.288,0.083,0.438,14.6,0.3287671232876712
2003-04,PHI,1610612755,0,Missed Playoffs,0.402,88.0,40.8,20.0,8.0,4.4,15.9,0.428,0.342,0.753,-2.5,33.0,49.0,96.1,98.8,-2.7,90.8,0.4511428571428571,0.5,26.4,3.7,6.8,2.4,0.1,4.4,0.387,0.286,0.745,42.6,0.8215962441314554,13.6,10.1,1.5,1.1,0.4,2.3,0.469,0.2,0.752,36.5,0.6684931506849314,10.3,3.4,6.9,1.2,0.1,2.3,0.413,0.111,0.797,36.3,0.5399449035812673,16.6,4.5,1.4,1.0,0.2,2.5,0.448,0.34,0.832,32.0,0.6625,9.2,3.4,2.6,1.1,0.3,1.4,0.459,0.436,0.757,28.2,0.5390070921985816,9.4,5.7,0.8,0.5,0.3,1.1,0.415,0.0,0.79,27.1,0.5756457564575647,8.0,7.6,0.3,0.5,2.3,1.0,0.541,0.0,0.644,26.9,0.6579925650557621,8.0,5.6,1.4,0.7,0.8,1.7,0.413,0.222,0.754,24.9,0.5943775100401607
2003-04,PHX,1610612756,0,Missed Playoffs,0.354,94.2,40.6,19.3,9.0,4.7,15.2,0.443,0.345,0.746,-3.7,29.0,53.0,98.8,102.7,-3.9,95.1,0.5454666666666667,0.5,16.7,4.7,4.4,1.1,0.3,2.4,0.43,0.305,0.75,40.7,0.6093366093366093,19.0,9.3,2.7,2.1,1.3,2.0,0.44,0.34,0.851,40.6,0.7980295566502462,20.6,9.0,1.4,1.2,1.6,3.2,0.475,0.2,0.713,36.8,0.831521739130435,6.6,5.2,0.9,0.6,0.4,1.2,0.507,0.0,0.74,24.2,0.5165289256198348,6.0,2.6,1.3,0.6,0.1,0.9,0.417,0.417,0.82,23.5,0.4127659574468085,6.9,6.1,0.9,0.9,0.6,1.4,0.47,0.0,0.551,22.1,0.6334841628959276,6.9,1.9,4.1,0.8,0.1,1.5,0.368,0.319,0.854,21.8,0.5642201834862386,7.9,1.8,2.4,1.3,0.1,1.7,0.447,0.395,0.77,21.4,0.5514018691588787
2003-04,POR,1610612757,0,Missed Playoffs,0.5,90.7,41.7,21.6,7.5,5.4,14.8,0.448,0.346,0.731,-1.3,41.0,41.0,100.5,101.9,-1.4,88.9,0.5454666666666667,0.5,13.4,3.8,6.1,1.2,0.1,2.2,0.401,0.365,0.876,38.1,0.5879265091863517,20.1,10.5,2.0,0.8,0.5,3.0,0.485,0.2,0.761,37.9,0.8153034300791556,13.6,3.6,4.5,1.3,0.1,1.8,0.376,0.305,0.824,35.5,0.6,16.3,7.5,2.0,0.8,0.4,2.2,0.475,0.265,0.869,31.7,0.7823343848580442,7.9,7.2,0.8,0.6,3.6,1.4,0.485,0.0,0.645,31.3,0.5974440894568692,10.9,4.5,2.1,0.8,0.8,1.6,0.485,0.175,0.642,26.3,0.6653992395437263,6.9,3.7,1.9,1.2,0.3,1.4,0.506,0.167,0.553,22.6,0.5575221238938053,4.4,5.2,0.9,0.6,0.8,0.5,0.473,0.0,0.613,22.2,0.5135135135135136
2003-04,SAC,1610612758,2,Second Round Exit,0.671,102.8,41.2,26.2,8.7,4.0,13.9,0.462,0.401,0.795,5.0,55.0,27.0,107.3,102.1,5.2,95.4,0.5454666666666667,0.5,24.2,6.3,2.1,1.3,0.2,1.9,0.48,0.433,0.927,40.4,0.7970297029702972,14.1,10.3,4.3,0.9,1.2,2.0,0.51,0.316,0.778,36.5,0.7890410958904108,18.4,3.4,5.4,1.4,0.2,2.1,0.45,0.392,0.815,36.4,0.7335164835164834,18.7,8.7,4.6,1.3,0.9,2.6,0.413,0.2,0.711,36.2,0.8729281767955799,10.1,4.0,4.2,1.8,0.5,1.9,0.461,0.345,0.86,33.9,0.5516224188790562,9.9,5.7,5.3,0.7,1.0,2.1,0.47,0.154,0.654,28.6,0.7167832167832168,13.8,3.5,2.1,1.0,0.2,1.3,0.444,0.37,0.752,23.8,0.8109243697478992,5.7,2.0,1.6,0.7,0.1,1.0,0.448,0.482,0.836,18.4,0.4945652173913044
2003-04,SAS,1610612759,2,Second Round Exit,0.695,91.5,45.1,20.4,8.1,6.5,14.7,0.442,0.358,0.681,7.2,57.0,25.0,99.8,91.9,7.9,91.3,0.5454666666666667,0.5,22.3,12.4,3.1,0.9,2.7,2.7,0.501,0.167,0.599,36.6,1.0573770491803278,14.7,3.2,5.5,0.8,0.1,2.4,0.447,0.312,0.702,34.4,0.6366279069767443,6.9,3.1,1.4,1.0,0.4,1.1,0.42,0.363,0.579,32.0,0.365625,12.8,4.5,3.8,1.8,0.2,2.1,0.418,0.359,0.802,29.3,0.7167235494880546,8.7,7.7,1.4,0.6,2.0,1.3,0.469,0.0,0.474,28.8,0.6631944444444443,9.2,4.5,1.9,1.0,0.4,1.2,0.406,0.419,0.708,26.0,0.6076923076923078,7.9,4.8,1.0,0.5,0.4,1.7,0.428,0.0,0.813,18.7,0.6898395721925135,6.0,2.0,3.0,0.9,0.2,1.4,0.41,0.408,0.741,17.6,0.6079545454545454
2003-04,OKC,1610612760,0,Missed Playoffs,0.451,97.1,39.3,21.7,8.1,4.7,14.5,0.446,0.373,0.765,-0.6,37.0,45.0,104.0,104.7,-0.7,92.8,0.5454666666666667,0.5,23.0,5.1,4.8,1.3,0.2,2.8,0.44,0.392,0.904,38.5,0.8207792207792207,17.8,6.5,2.2,1.2,0.7,1.7,0.435,0.376,0.763,36.7,0.7275204359673024,10.8,3.5,5.8,1.4,0.3,2.4,0.504,0.452,0.827,30.6,0.6339869281045752,12.0,5.3,1.8,1.0,0.5,1.4,0.425,0.371,0.748,30.2,0.6357615894039736,12.4,2.5,2.5,1.0,0.3,1.8,0.425,0.293,0.715,24.7,0.6842105263157895,7.1,4.4,0.8,0.3,0.4,1.2,0.489,0.0,0.641,21.9,0.538812785388128,8.0,2.0,4.2,0.6,0.1,0.9,0.47,0.362,0.842,21.3,0.6572769953051643,2.9,5.4,0.4,0.7,0.1,0.9,0.406,0.0,0.561,17.1,0.5029239766081871
2003-04,TOR,1610612761,0,Missed Playoffs,0.402,85.4,39.6,19.2,7.4,4.9,14.2,0.418,0.356,0.75,-3.0,33.0,49.0,94.6,97.9,-3.3,89.0,0.4511428571428571,0.5,22.5,4.8,4.8,1.2,0.9,3.1,0.417,0.383,0.806,38.2,0.8141361256544503,15.5,4.0,5.0,0.8,0.3,3.2,0.402,0.342,0.81,38.1,0.5879265091863517,14.7,9.9,1.5,1.1,1.5,1.4,0.461,0.403,0.736,36.4,0.7500000000000001,11.5,7.4,1.0,0.8,1.4,1.4,0.459,0.357,0.701,33.6,0.6160714285714285,8.8,2.7,4.0,1.0,0.2,1.4,0.405,0.292,0.776,31.0,0.4935483870967742,8.3,3.2,1.4,1.1,0.2,0.8,0.405,0.371,0.809,26.1,0.5134099616858236,9.0,3.9,1.9,0.7,0.3,1.5,0.39,0.336,0.769,23.8,0.6008403361344538,4.4,1.7,3.1,0.7,0.2,1.5,0.349,0.154,0.662,20.5,0.4195121951219512
2003-04,UTA,1610612762,0,Missed Playoffs,0.512,88.7,41.2,20.4,7.1,6.0,16.6,0.436,0.321,0.746,-1.2,42.0,40.0,98.3,99.6,-1.4,89.8,0.5454666666666667,0.5,16.5,8.1,3.1,1.9,2.8,2.8,0.443,0.338,0.79,37.3,0.7935656836461126,16.2,8.0,2.0,0.7,0.1,2.1,0.471,0.242,0.688,36.5,0.6821917808219178,12.6,2.6,5.0,0.9,0.1,2.2,0.441,0.325,0.804,28.2,0.6737588652482269,11.3,3.1,1.7,0.8,0.2,1.4,0.436,0.395,0.854,28.0,0.5607142857142857,6.8,7.4,1.6,0.4,1.8,1.3,0.476,0.0,0.579,27.6,0.6050724637681159,11.2,2.9,1.3,0.8,0.2,1.4,0.409,0.373,0.786,24.6,0.6097560975609755,6.0,3.9,1.0,0.3,0.2,1.0,0.498,0.0,0.718,21.4,0.485981308411215,7.0,1.9,3.7,0.8,0.0,2.1,0.431,0.294,0.863,19.8,0.5707070707070708
2003-04,WAS,1610612764,0,Missed Playoffs,0.305,91.8,42.8,18.7,8.9,5.0,17.5,0.421,0.342,0.714,-5.6,25.0,57.0,95.9,101.7,-5.8,95.1,0.4511428571428571,0.5,19.6,4.6,5.0,1.9,0.2,4.1,0.392,0.375,0.748,37.6,0.723404255319149,18.8,5.3,2.4,1.6,0.4,2.5,0.397,0.341,0.797,33.9,0.7669616519174042,10.9,7.4,1.5,0.9,0.7,1.9,0.489,0.5,0.683,30.1,0.6478405315614618,13.9,3.6,4.0,0.9,0.1,3.4,0.399,0.354,0.806,29.8,0.6409395973154363,9.6,3.8,1.5,1.0,0.2,1.6,0.4,0.305,0.786,29.2,0.4965753424657533,8.9,6.7,0.9,0.5,1.6,1.4,0.489,0.0,0.647,24.0,0.7166666666666668,5.7,5.2,1.1,0.6,0.3,1.3,0.379,0.194,0.614,23.4,0.4957264957264957,9.4,2.1,1.9,1.2,0.1,1.5,0.388,0.298,0.799,20.8,0.6346153846153846
2004-05,ATL,1610612737,0,Missed Playoffs,0.159,92.7,41.9,19.7,7.7,4.2,16.1,0.441,0.312,0.711,-9.7,13.0,69.0,97.9,108.1,-10.2,93.9,0.4748666666666667,0.125,17.5,7.0,3.2,1.3,0.2,3.1,0.459,0.216,0.672,38.6,0.6761658031088082,10.1,6.0,1.9,0.9,0.4,1.3,0.47,0.232,0.823,29.6,0.608108108108108,11.2,2.1,4.6,0.5,0.0,1.5,0.451,0.355,0.861,28.7,0.5888501742160278,9.7,6.2,1.7,0.8,1.9,1.8,0.455,0.174,0.688,27.7,0.667870036101083,11.9,2.3,1.9,0.8,0.1,1.0,0.416,0.356,0.757,24.1,0.6639004149377593,5.1,4.1,1.4,0.9,0.4,1.2,0.411,0.308,0.767,20.5,0.5219512195121951,8.4,3.4,0.7,0.6,0.3,1.1,0.438,0.352,0.8,20.3,0.6059113300492611,4.8,2.6,2.3,0.6,0.3,1.3,0.422,0.18,0.74,18.1,0.5138121546961325
2004-05,BOS,1610612738,1,First Round Exit,0.549,101.3,40.8,22.1,8.1,5.2,15.8,0.468,0.349,0.764,0.9,45.0,37.0,104.8,103.9,0.9,95.6,0.4748666666666667,0.5,19.1,9.0,3.4,1.2,0.8,3.3,0.422,0.323,0.539,38.5,0.7844155844155843,21.6,6.6,4.2,1.6,0.5,2.8,0.455,0.37,0.822,36.1,0.8781163434903049,11.3,3.1,6.1,1.1,0.2,1.9,0.468,0.326,0.761,33.1,0.6012084592145015,16.0,3.0,3.0,1.1,0.3,2.5,0.462,0.339,0.815,32.8,0.6371951219512196,11.1,6.9,1.2,0.5,1.2,0.9,0.496,0.364,0.811,27.5,0.7272727272727273,9.4,4.8,1.6,0.4,0.8,1.9,0.529,0.0,0.713,26.1,0.578544061302682,6.4,2.9,0.8,1.0,0.3,1.0,0.475,0.387,0.737,16.3,0.638036809815951,6.7,4.4,0.3,0.3,0.8,0.9,0.528,0.0,0.63,14.7,0.7891156462585036
2004-05,CHA,1610612766,0,Missed Playoffs,0.22,94.3,41.7,21.9,8.5,5.4,14.5,0.432,0.363,0.709,-6.0,18.0,64.0,98.0,104.2,-6.2,95.3,0.4748666666666667,0.5,15.1,10.9,0.9,0.8,1.7,1.7,0.447,0.0,0.609,35.6,0.7780898876404494,13.0,7.4,1.2,0.5,0.8,1.5,0.512,0.0,0.745,31.7,0.6750788643533123,11.1,5.5,2.0,1.7,1.3,2.3,0.449,0.274,0.661,30.7,0.6286644951140066,10.1,2.6,9.0,2.0,0.1,2.2,0.422,0.15,0.852,29.5,0.7322033898305085,9.5,2.7,5.0,1.3,0.2,1.4,0.449,0.368,0.785,25.5,0.6784313725490196,9.6,3.1,1.8,0.9,0.1,1.6,0.381,0.329,0.727,24.3,0.5720164609053497,7.3,4.1,1.0,0.4,0.9,1.5,0.432,0.0,0.575,21.0,0.5809523809523809,8.4,1.9,1.4,0.4,0.1,1.0,0.387,0.372,0.771,20.1,0.5572139303482587
2004-05,CHI,1610612741,1,First Round Exit,0.573,94.5,43.8,21.3,7.0,4.5,16.7,0.432,0.357,0.75,1.1,47.0,35.0,98.5,97.4,1.1,95.2,0.4748666666666667,0.5,15.7,3.9,6.4,1.6,0.3,2.3,0.397,0.355,0.792,36.3,0.7052341597796145,16.1,5.4,0.6,0.3,0.9,2.6,0.538,0.0,0.72,28.8,0.71875,8.0,9.7,0.8,0.9,1.8,1.5,0.494,0.0,0.673,27.3,0.7216117216117216,11.7,5.3,2.2,0.8,0.4,1.9,0.434,0.265,0.741,27.2,0.6801470588235294,5.9,2.6,4.9,1.0,0.0,1.5,0.352,0.355,0.731,26.5,0.4867924528301887,7.0,5.9,1.1,0.4,0.6,1.3,0.461,0.0,0.757,25.6,0.5351562499999999,15.1,2.6,2.0,0.6,0.1,2.3,0.411,0.405,0.863,24.5,0.7387755102040817,8.4,4.8,1.5,0.5,0.4,1.7,0.401,0.258,0.766,23.4,0.594017094017094
2004-05,CLE,1610612739,0,Missed Playoffs,0.512,96.5,42.3,22.6,8.0,5.6,13.9,0.447,0.332,0.752,0.8,42.0,40.0,103.2,102.4,0.8,92.7,0.4748666666666667,0.5,27.2,7.4,7.2,2.2,0.7,3.3,0.472,0.351,0.75,42.3,0.9787234042553196,12.8,2.1,5.1,0.7,0.0,1.5,0.412,0.345,0.813,34.9,0.5501432664756447,16.9,8.6,1.3,0.7,2.1,2.4,0.468,0.286,0.799,33.5,0.8119402985074627,14.4,9.2,1.6,0.9,0.9,1.6,0.492,0.179,0.81,30.8,0.8246753246753246,5.9,3.0,1.2,0.7,0.2,0.8,0.429,0.358,0.797,24.7,0.4129554655870444,4.0,1.9,3.9,0.8,0.2,1.1,0.382,0.289,0.738,22.7,0.4273127753303965,6.5,2.4,1.5,0.6,0.1,1.0,0.402,0.309,0.763,18.6,0.543010752688172,5.5,4.5,0.8,0.7,0.7,1.0,0.444,0.0,0.539,18.0,0.6222222222222222
2004-05,DAL,1610612742,2,Second Round Exit,0.707,102.5,42.9,19.6,8.6,5.6,13.4,0.457,0.364,0.789,5.7,58.0,24.0,107.5,101.4,6.0,95.1,0.5253333333333333,0.5,26.1,9.7,3.1,1.2,1.5,2.3,0.459,0.399,0.869,38.8,1.0128865979381445,15.7,4.1,2.6,0.8,0.3,0.9,0.427,0.407,0.831,37.0,0.6108108108108109,12.6,6.4,1.4,1.5,0.6,1.6,0.475,0.296,0.733,32.2,0.6490683229813664,12.4,2.4,5.4,1.4,0.2,1.8,0.501,0.42,0.844,30.0,0.6666666666666666,14.9,3.3,2.3,0.9,0.2,1.9,0.414,0.267,0.849,28.9,0.6816608996539792,9.2,8.5,0.9,0.3,1.4,1.7,0.55,0.0,0.605,27.2,0.6838235294117646,11.2,4.7,1.2,0.6,0.3,1.3,0.456,0.38,0.815,24.2,0.6900826446280992,9.1,3.6,2.1,1.4,0.2,1.4,0.437,0.2,0.737,23.6,0.6355932203389829
2004-05,DEN,1610612743,1,First Round Exit,0.598,99.5,42.0,23.9,9.1,6.0,14.9,0.459,0.34,0.763,2.0,49.0,33.0,103.4,101.3,2.1,95.9,0.5253333333333333,0.75,20.8,5.7,2.6,0.9,0.4,3.0,0.431,0.266,0.796,34.8,0.7873563218390804,13.6,4.1,6.9,1.5,0.1,2.7,0.477,0.154,0.838,34.7,0.6772334293948127,15.5,7.3,2.4,1.4,1.1,2.1,0.49,0.0,0.646,32.6,0.7852760736196318,10.3,10.0,2.3,0.9,3.0,1.6,0.465,0.0,0.723,30.6,0.8137254901960783,12.4,1.7,4.5,1.0,0.1,1.5,0.413,0.337,0.921,26.4,0.6893939393939396,9.6,5.9,1.5,0.9,0.9,1.7,0.503,0.0,0.66,23.9,0.7154811715481171,6.2,3.0,1.9,1.1,0.1,0.7,0.528,0.405,0.778,21.7,0.5345622119815668,9.7,2.0,2.0,0.3,0.0,0.7,0.385,0.333,0.625,18.8,0.7074468085106383
2004-05,DET,1610612765,4,Finals Loss,0.659,93.3,43.4,21.8,7.0,6.1,13.8,0.444,0.345,0.739,3.9,54.0,28.0,102.8,98.5,4.3,89.6,0.4748666666666667,0.625,18.7,3.9,4.9,1.0,0.2,2.9,0.44,0.305,0.858,38.6,0.6683937823834197,14.7,5.3,3.0,0.7,0.9,1.6,0.487,0.341,0.807,37.1,0.6199460916442048,9.7,12.2,1.7,1.4,2.4,1.1,0.453,0.111,0.428,36.1,0.7285318559556785,16.5,3.4,5.8,1.0,0.1,2.3,0.442,0.426,0.898,35.9,0.6824512534818942,14.5,8.2,1.8,0.8,1.5,1.6,0.44,0.318,0.697,34.1,0.7390029325513195,9.6,6.3,0.9,0.6,0.7,1.2,0.513,0.0,0.656,23.4,0.7222222222222222,6.6,1.5,4.0,0.6,0.1,1.5,0.389,0.267,0.799,20.6,0.5485436893203882,3.9,1.8,1.3,0.7,0.2,0.8,0.359,0.257,0.575,15.4,0.4610389610389611
2004-05,GSW,1610612744,0,Missed Playoffs,0.415,98.7,42.7,22.1,7.8,5.1,13.6,0.43,0.352,0.722,-2.2,34.0,48.0,101.9,104.1,-2.2,95.8,0.5253333333333333,0.75,21.7,5.9,3.9,1.5,0.4,2.3,0.446,0.338,0.693,37.8,0.8227513227513228,19.2,3.8,7.9,1.8,0.3,2.8,0.387,0.333,0.761,34.4,0.8779069767441858,15.4,10.8,1.4,0.8,0.5,1.5,0.414,0.399,0.73,34.0,0.8058823529411765,13.4,5.5,2.6,1.0,0.3,1.7,0.451,0.388,0.779,32.5,0.6492307692307693,11.9,2.9,4.1,1.0,0.1,1.7,0.393,0.371,0.862,30.0,0.61,4.5,5.5,0.7,0.3,2.0,0.7,0.502,0.0,0.556,21.8,0.5642201834862386,9.5,2.8,1.2,0.7,0.3,1.4,0.427,0.344,0.698,19.9,0.6582914572864322,4.5,2.3,1.2,0.3,0.3,0.6,0.426,0.0,0.649,17.2,0.4651162790697675
2004-05,HOU,1610612745,1,First Round Exit,0.622,95.1,42.4,21.1,6.9,4.6,13.8,0.443,0.364,0.781,4.0,51.0,31.0,103.2,98.8,4.4,91.3,0.5253333333333333,0.125,25.7,6.2,5.7,1.7,0.7,2.6,0.431,0.326,0.774,40.9,0.9144254278728609,11.9,2.9,3.3,1.2,0.1,1.4,0.398,0.375,0.857,34.7,0.5187319884726226,10.3,5.5,5.2,1.1,0.1,2.4,0.427,0.355,0.75,31.6,0.6265822784810128,18.3,8.4,0.8,0.4,2.0,2.5,0.552,0.0,0.783,30.7,0.8925081433224756,9.6,5.7,1.5,0.5,0.1,1.3,0.451,0.0,0.843,26.6,0.6052631578947368,5.4,2.8,3.1,1.1,0.0,1.3,0.312,0.314,0.846,25.7,0.4319066147859921,11.8,2.8,3.6,0.9,0.1,1.4,0.441,0.386,0.752,25.1,0.709163346613546,6.6,2.3,2.4,0.9,0.1,1.0,0.438,0.43,0.873,21.8,0.5183486238532109
2004-05,IND,1610612754,2,Second Round Exit,0.537,93.0,40.1,18.2,7.5,4.4,14.3,0.432,0.344,0.792,0.8,44.0,38.0,102.4,101.6,0.8,89.8,0.4748666666666667,0.875,24.6,6.4,3.1,1.7,0.9,2.4,0.496,0.412,0.922,41.4,0.8285024154589373,18.7,4.9,2.3,1.3,0.3,2.4,0.403,0.36,0.83,35.2,0.7130681818181819,24.3,8.8,1.9,0.6,2.0,3.0,0.452,0.167,0.754,35.0,0.9885714285714288,15.4,4.0,6.4,2.0,0.3,3.4,0.418,0.372,0.744,32.5,0.76,14.8,2.4,2.2,0.8,0.1,1.2,0.437,0.322,0.933,32.0,0.596875,10.6,3.1,2.5,0.8,0.4,1.5,0.425,0.38,0.85,29.5,0.5389830508474576,8.4,2.8,4.8,0.9,0.2,1.5,0.445,0.38,0.752,27.9,0.5591397849462365,7.0,9.0,0.7,0.8,0.2,0.9,0.519,0.0,0.634,26.3,0.6387832699619772
2004-05,LAC,1610612746,0,Missed Playoffs,0.451,95.7,41.9,23.2,7.3,5.1,15.7,0.459,0.345,0.778,-0.8,37.0,45.0,102.2,103.0,-0.8,92.0,0.5253333333333333,0.625,16.4,5.9,2.7,1.4,0.2,1.8,0.466,0.435,0.846,37.5,0.6613333333333332,22.2,6.0,3.4,1.1,0.1,3.0,0.431,0.304,0.857,37.1,0.8032345013477088,20.0,9.5,2.6,0.8,2.1,2.3,0.503,0.0,0.752,37.1,0.8814016172506739,9.9,3.2,6.1,1.7,0.3,2.0,0.414,0.371,0.72,33.2,0.5783132530120483,7.4,3.0,5.0,1.1,0.4,2.5,0.414,0.0,0.746,27.3,0.5274725274725274,9.1,6.7,1.2,0.4,1.1,1.8,0.497,0.0,0.661,26.0,0.6423076923076922,5.5,2.3,5.1,1.0,0.1,1.6,0.376,0.369,0.77,24.2,0.512396694214876,6.3,2.9,1.8,0.7,0.3,0.6,0.384,0.333,0.6,22.1,0.5158371040723981
2004-05,LAL,1610612747,0,Missed Playoffs,0.415,98.7,43.2,20.4,6.2,4.2,14.3,0.437,0.355,0.777,-3.0,34.0,48.0,104.9,108.0,-3.1,93.6,0.5253333333333333,0.25,27.6,5.9,6.0,1.3,0.8,4.1,0.433,0.339,0.816,40.8,0.9191176470588234,15.2,10.2,3.7,0.7,1.0,2.5,0.473,0.308,0.695,36.2,0.7817679558011048,15.5,5.8,1.9,1.4,0.3,1.6,0.445,0.304,0.862,35.6,0.6544943820224718,13.6,2.4,4.4,0.9,0.0,1.8,0.426,0.387,0.803,35.5,0.5492957746478873,9.8,6.7,0.7,0.2,1.4,1.5,0.507,0.0,0.678,25.0,0.6919999999999998,7.6,5.2,0.9,0.6,0.3,0.6,0.432,0.391,0.733,24.1,0.5809128630705395,7.3,3.5,0.9,0.5,0.1,0.8,0.356,0.362,0.75,20.5,0.5609756097560976,3.8,3.7,0.5,0.3,0.3,0.6,0.493,0.0,0.722,16.6,0.4819277108433735
2004-05,MEM,1610612763,1,First Round Exit,0.549,93.4,39.0,20.9,8.5,5.8,14.6,0.447,0.357,0.754,2.3,45.0,37.0,102.5,100.0,2.5,91.0,0.5253333333333333,0.875,17.8,7.3,2.4,0.7,1.7,2.4,0.514,0.167,0.768,31.8,0.8647798742138365,9.9,5.2,1.6,1.1,1.0,0.9,0.442,0.395,0.789,31.5,0.5682539682539685,13.4,3.9,2.9,0.7,0.3,1.7,0.505,0.433,0.72,30.0,0.65,9.6,7.7,1.1,0.7,0.9,1.3,0.469,0.0,0.662,28.6,0.6538461538461537,8.1,4.4,1.8,1.0,0.5,1.4,0.357,0.309,0.865,27.7,0.5198555956678701,10.1,1.7,5.6,1.1,0.1,1.8,0.413,0.324,0.792,27.5,0.610909090909091,9.0,3.9,2.0,1.5,0.3,1.4,0.37,0.352,0.873,24.7,0.6194331983805668,7.7,2.1,4.5,1.0,0.2,2.1,0.426,0.319,0.659,22.7,0.5903083700440529
2004-05,MIA,1610612748,3,Conference Finals,0.72,101.5,43.0,21.8,6.4,5.8,13.7,0.486,0.377,0.672,6.5,59.0,23.0,108.2,101.3,7.0,92.4,0.4748666666666667,0.5,24.1,5.2,6.8,1.6,1.1,4.2,0.478,0.289,0.762,38.7,0.8940568475452196,12.7,5.1,2.7,1.1,0.5,1.2,0.428,0.372,0.806,35.5,0.5887323943661972,22.9,10.4,2.7,0.5,2.3,2.8,0.601,0.0,0.461,34.2,1.0526315789473684,10.9,9.1,1.4,0.8,0.5,1.4,0.54,0.0,0.791,33.5,0.6358208955223881,11.6,2.8,4.3,0.5,0.1,1.2,0.456,0.432,0.791,31.4,0.5764331210191084,7.6,5.4,0.5,0.2,2.0,1.5,0.472,0.0,0.582,19.0,0.7473684210526316,6.5,2.3,1.0,0.3,0.4,0.6,0.399,0.373,0.771,18.4,0.5380434782608697,3.9,2.9,1.1,0.6,0.2,0.8,0.452,0.172,0.818,17.8,0.4438202247191011
2004-05,MIL,1610612749,0,Missed Playoffs,0.366,97.2,41.3,21.0,6.5,3.5,13.8,0.45,0.351,0.772,-3.0,30.0,52.0,103.4,106.6,-3.2,93.5,0.4748666666666667,0.625,23.0,4.2,2.3,0.8,0.1,1.8,0.441,0.355,0.854,38.0,0.7526315789473684,17.2,3.9,2.7,0.7,0.3,2.1,0.443,0.125,0.802,36.1,0.6288088642659279,11.0,7.3,0.9,0.6,0.5,1.1,0.514,0.0,0.768,30.7,0.6254071661237784,10.2,3.1,6.1,0.9,0.1,2.5,0.438,0.323,0.85,28.3,0.6325088339222614,7.3,8.3,0.4,0.6,1.3,1.0,0.539,0.0,0.538,22.0,0.7681818181818183,5.6,3.0,3.0,0.7,0.2,1.2,0.41,0.362,0.721,20.8,0.5432692307692307,6.1,2.6,1.9,1.0,0.3,0.6,0.4,0.333,0.9,20.3,0.5566502463054187,6.2,5.1,0.8,0.6,0.5,0.9,0.452,0.0,0.746,18.9,0.6507936507936509
2004-05,MIN,1610612750,0,Missed Playoffs,0.537,96.8,43.0,23.4,5.6,5.5,13.2,0.459,0.345,0.796,1.5,44.0,38.0,104.9,103.3,1.6,91.9,0.5253333333333333,0.875,22.2,13.5,5.7,1.5,1.4,2.7,0.502,0.24,0.811,38.1,1.0918635170603674,15.5,3.7,2.4,0.5,0.2,1.6,0.506,0.373,0.855,31.7,0.6529968454258673,12.8,3.2,2.2,0.7,0.3,1.6,0.414,0.327,0.83,30.6,0.5751633986928104,13.5,8.0,0.5,0.5,0.5,1.5,0.524,0.0,0.556,27.0,0.7962962962962963,13.5,2.7,5.1,0.6,0.2,1.8,0.464,0.262,0.865,25.8,0.7868217054263564,6.6,2.7,1.6,0.4,0.4,0.8,0.474,0.091,0.789,25.3,0.4308300395256917,8.7,1.3,3.6,0.3,0.1,1.4,0.401,0.345,0.778,22.1,0.5701357466063348,7.5,6.5,0.8,0.3,1.7,0.8,0.387,0.328,0.718,21.3,0.7511737089201878
2004-05,BKN,1610612751,1,First Round Exit,0.512,91.4,39.5,21.6,7.9,3.8,14.2,0.429,0.362,0.763,-1.5,42.0,40.0,98.3,99.9,-1.6,91.9,0.4748666666666667,0.5,22.2,7.3,4.0,1.0,0.5,4.0,0.422,0.337,0.844,41.3,0.7506053268765134,14.4,7.4,8.3,1.9,0.1,2.5,0.398,0.36,0.74,37.1,0.7978436657681941,24.5,5.2,4.2,1.4,0.6,2.2,0.452,0.406,0.798,36.9,0.913279132791328,6.4,6.1,1.3,0.9,0.9,1.1,0.412,0.333,0.656,31.8,0.4559748427672956,10.0,5.3,1.0,0.4,0.8,1.5,0.493,0.0,0.725,26.2,0.6106870229007634,7.5,2.9,1.5,0.9,0.7,0.9,0.386,0.347,0.639,23.9,0.5271966527196653,7.6,2.2,1.1,0.9,0.1,0.8,0.411,0.0,0.7,21.7,0.511520737327189,6.3,4.5,1.6,0.6,0.3,1.2,0.398,0.324,0.768,21.6,0.5601851851851852
2004-05,NOP,1610612740,0,Missed Playoffs,0.22,88.4,40.2,21.0,6.7,3.8,14.8,0.415,0.315,0.766,-7.1,18.0,64.0,95.9,103.6,-7.7,91.0,0.5253333333333333,0.25,10.8,9.0,2.2,0.9,0.6,1.2,0.446,0.0,0.864,34.5,0.6463768115942029,11.7,8.9,1.3,0.3,1.0,2.6,0.432,0.0,0.602,30.7,0.6710097719869708,11.5,3.0,6.0,1.8,0.1,1.9,0.421,0.18,0.736,30.2,0.6788079470198677,14.2,4.4,1.6,0.5,0.2,1.6,0.478,0.0,0.806,29.6,0.652027027027027,12.5,2.5,4.9,1.1,0.1,2.0,0.405,0.347,0.833,29.3,0.6518771331058021,10.3,2.0,1.9,0.7,0.1,1.4,0.394,0.288,0.689,24.5,0.5551020408163265,6.5,2.0,1.3,0.4,0.1,0.8,0.404,0.373,0.786,21.5,0.4418604651162791,7.7,6.1,1.1,0.2,1.5,1.0,0.534,0.0,0.689,21.3,0.7323943661971831
2004-05,NYK,1610612752,0,Missed Playoffs,0.402,97.3,41.0,20.3,7.7,3.2,14.7,0.451,0.356,0.767,-2.4,33.0,49.0,103.0,105.6,-2.6,93.5,0.4748666666666667,0.75,21.7,3.0,8.1,1.5,0.1,2.8,0.462,0.354,0.834,40.2,0.7860696517412934,17.7,2.9,4.3,1.3,0.3,2.1,0.398,0.361,0.843,38.4,0.6354166666666666,11.5,10.4,2.0,0.9,1.0,1.2,0.471,0.5,0.786,35.7,0.6890756302521007,12.0,3.3,1.5,0.6,0.2,1.6,0.439,0.409,0.786,27.3,0.5860805860805861,11.9,1.2,2.1,0.4,0.1,1.1,0.415,0.388,0.837,26.7,0.5468164794007491,7.3,2.4,2.0,0.8,0.1,1.4,0.423,0.3,0.739,24.2,0.4628099173553718,7.3,4.0,1.0,0.4,0.3,1.4,0.455,0.333,0.612,20.7,0.5603864734299517,8.4,5.4,0.6,0.4,0.4,1.4,0.531,0.0,0.749,19.5,0.7076923076923077
2004-05,ORL,1610612753,0,Missed Playoffs,0.439,99.5,43.7,19.3,7.7,5.4,16.1,0.454,0.349,0.759,-2.2,36.0,46.0,102.1,104.4,-2.3,97.3,0.4748666666666667,0.0,21.3,5.8,7.0,1.4,0.4,4.1,0.423,0.299,0.823,38.1,0.8346456692913384,19.7,4.7,3.3,1.4,0.4,2.4,0.509,0.231,0.821,35.0,0.7742857142857142,12.0,10.0,0.9,0.9,1.7,2.0,0.52,0.0,0.671,32.7,0.7186544342507644,6.6,3.4,3.8,1.5,0.3,2.0,0.392,0.242,0.897,29.2,0.4657534246575343,14.0,3.5,2.3,0.6,0.3,1.8,0.419,0.38,0.836,26.4,0.715909090909091,7.0,6.7,0.6,0.9,1.3,1.0,0.539,0.0,0.783,24.5,0.6326530612244898,4.9,5.6,0.5,0.4,1.0,1.0,0.46,0.0,0.723,23.6,0.4830508474576271,8.7,2.4,3.0,1.0,0.0,1.5,0.455,0.312,0.682,20.4,0.6666666666666667
2004-05,PHI,1610612755,1,First Round Exit,0.524,99.1,42.0,20.9,9.2,3.9,15.5,0.437,0.348,0.789,-0.7,43.0,39.0,100.8,101.5,-0.8,97.5,0.4748666666666667,0.625,30.7,4.0,7.9,2.4,0.1,4.6,0.424,0.308,0.835,42.3,0.9574468085106383,19.5,9.1,4.7,1.4,0.8,2.7,0.433,0.341,0.794,35.4,0.9265536723163842,9.0,5.7,3.0,1.7,0.6,1.7,0.493,0.331,0.743,32.7,0.5596330275229358,11.5,4.6,2.2,1.3,0.4,1.3,0.418,0.405,0.854,32.5,0.5753846153846154,8.2,7.5,0.5,0.6,1.7,1.6,0.524,0.0,0.601,24.9,0.678714859437751,12.0,5.0,1.0,0.4,0.2,1.6,0.465,0.0,0.828,24.3,0.699588477366255,7.7,4.2,1.5,0.7,0.3,1.5,0.382,0.286,0.743,23.6,0.5466101694915254,7.7,2.3,1.8,0.6,0.1,1.3,0.366,0.286,0.776,18.7,0.5989304812834224
2004-05,PHX,1610612756,3,Conference Finals,0.756,110.4,44.1,23.5,7.0,5.5,13.7,0.477,0.393,0.748,7.1,62.0,20.0,111.9,104.7,7.2,98.2,0.5253333333333333,0.5,17.1,5.1,3.5,1.0,0.3,1.8,0.461,0.478,0.75,39.5,0.6379746835443039,19.4,11.3,1.9,2.0,1.5,1.5,0.476,0.334,0.833,38.8,0.8917525773195877,26.0,8.9,1.6,1.0,1.6,2.4,0.559,0.188,0.733,36.1,1.0166204986149583,14.9,6.1,2.0,1.2,0.3,1.3,0.389,0.358,0.739,36.0,0.6444444444444444,15.5,3.3,11.5,1.0,0.1,3.3,0.502,0.431,0.887,34.2,0.8216374269005847,10.5,4.2,2.9,0.5,0.1,1.8,0.426,0.414,0.931,31.2,0.5256410256410257,7.0,2.1,2.0,0.5,0.1,1.4,0.475,0.367,0.797,17.2,0.5988372093023255,4.6,3.0,0.2,0.1,1.3,0.6,0.614,0.0,0.479,13.8,0.6231884057971014
2004-05,POR,1610612757,0,Missed Playoffs,0.329,92.9,41.1,21.0,7.1,6.6,16.0,0.451,0.362,0.725,-4.0,27.0,55.0,100.1,104.4,-4.3,92.6,0.5253333333333333,0.875,18.9,9.6,1.9,0.7,0.4,2.4,0.448,0.0,0.815,34.9,0.833810888252149,16.8,7.3,2.1,0.9,0.5,2.2,0.503,0.385,0.866,34.7,0.7319884726224783,15.8,3.8,5.7,1.1,0.0,2.0,0.392,0.369,0.915,34.2,0.7134502923976608,11.1,3.0,4.3,0.8,0.0,1.7,0.381,0.389,0.784,30.5,0.5737704918032787,11.6,3.9,2.0,1.5,0.3,2.0,0.531,0.08,0.599,28.1,0.6156583629893239,4.8,5.3,0.5,0.4,2.5,0.9,0.447,0.0,0.692,27.4,0.4598540145985401,12.8,4.7,2.0,1.2,1.2,2.5,0.482,0.348,0.6,26.9,0.7211895910780669,9.2,2.7,3.0,0.8,0.1,1.5,0.389,0.384,0.805,26.3,0.5437262357414449
2004-05,SAC,1610612758,1,First Round Exit,0.61,103.7,42.4,24.5,8.2,3.9,13.1,0.459,0.374,0.787,2.2,50.0,32.0,107.5,105.3,2.2,95.6,0.5253333333333333,0.625,19.6,4.2,6.8,1.6,0.4,2.5,0.443,0.36,0.775,38.6,0.7797927461139896,20.1,4.3,2.1,1.2,0.2,1.5,0.444,0.402,0.92,38.5,0.6857142857142857,15.6,9.3,3.9,1.2,1.2,1.5,0.524,0.263,0.812,37.4,0.7941176470588235,17.2,3.5,2.8,1.1,0.5,2.0,0.438,0.439,0.82,36.3,0.6363636363636365,12.4,7.3,2.1,0.9,0.2,1.8,0.47,0.2,0.762,29.7,0.7104377104377104,12.0,3.4,2.4,0.6,0.1,1.1,0.427,0.344,0.862,21.6,0.8055555555555556,10.3,3.6,1.1,0.5,0.2,1.2,0.467,0.0,0.799,21.3,0.6807511737089201,7.5,4.2,1.4,0.6,0.2,0.9,0.527,0.0,0.847,20.5,0.6341463414634145
2004-05,SAS,1610612759,5,Champion,0.72,96.2,42.4,21.6,7.5,6.6,13.7,0.453,0.363,0.724,7.8,59.0,23.0,104.9,96.4,8.5,91.2,0.5253333333333333,0.75,16.6,3.7,6.1,1.2,0.1,2.7,0.482,0.276,0.65,34.2,0.7309941520467835,20.3,11.1,2.7,0.7,2.6,1.9,0.496,0.333,0.67,33.4,1.0628742514970062,8.2,3.5,1.5,0.7,0.5,0.7,0.42,0.403,0.634,32.0,0.428125,16.0,4.4,3.9,1.6,0.4,2.3,0.471,0.376,0.803,29.7,0.808080808080808,5.9,6.6,1.0,0.4,1.7,1.0,0.46,0.0,0.467,25.5,0.5725490196078431,9.5,7.6,0.4,0.8,1.1,1.4,0.48,0.0,0.674,25.2,0.7142857142857144,7.4,2.3,2.2,0.5,0.2,0.8,0.423,0.357,0.837,21.4,0.5514018691588785,6.0,3.6,1.1,0.9,0.8,0.9,0.419,0.37,0.789,18.8,0.6117021276595744
2004-05,OKC,1610612760,2,Second Round Exit,0.634,98.9,40.9,18.1,6.7,4.1,13.6,0.444,0.365,0.79,2.3,52.0,30.0,108.1,105.6,2.5,91.2,0.5253333333333333,0.875,23.9,4.4,3.7,1.1,0.1,2.2,0.428,0.376,0.883,39.3,0.7888040712468193,20.5,5.5,1.3,1.1,0.9,1.7,0.462,0.4,0.777,38.1,0.7244094488188977,10.0,2.5,5.9,1.1,0.3,1.8,0.405,0.376,0.883,31.4,0.5732484076433121,11.8,4.6,1.4,0.9,0.5,1.3,0.41,0.389,0.786,29.5,0.606779661016949,11.2,2.3,4.1,0.7,0.0,1.0,0.438,0.297,0.816,27.0,0.6407407407407407,4.9,9.3,0.7,0.7,0.2,1.3,0.476,0.0,0.534,23.8,0.6092436974789915,7.0,2.0,1.3,0.6,0.2,1.2,0.361,0.253,0.738,17.9,0.553072625698324,6.3,2.3,0.9,0.8,0.3,0.6,0.435,0.271,0.618,17.8,0.5617977528089888
2004-05,TOR,1610612761,0,Missed Playoffs,0.402,99.7,40.1,20.4,7.6,3.9,13.3,0.444,0.385,0.774,-1.6,33.0,49.0,104.5,106.2,-1.7,94.8,0.4748666666666667,0.625,16.8,8.9,1.9,0.9,1.4,2.3,0.471,0.3,0.76,37.2,0.7419354838709676,14.2,3.5,6.4,1.5,0.1,2.1,0.414,0.357,0.74,34.0,0.6941176470588236,18.5,3.4,2.6,0.8,0.1,2.2,0.455,0.394,0.854,33.5,0.6925373134328359,12.5,4.1,2.1,1.1,0.2,1.1,0.42,0.385,0.832,30.7,0.6156351791530945,11.5,6.6,1.2,0.9,0.7,0.6,0.443,0.416,0.791,25.5,0.7960784313725489,7.7,3.1,1.7,0.7,0.1,1.1,0.43,0.384,0.696,24.1,0.5062240663900415,5.8,1.7,3.5,0.6,0.2,1.3,0.446,0.167,0.742,19.1,0.5497382198952878,7.2,3.5,0.6,0.5,0.2,0.5,0.533,0.424,0.789,18.8,0.6117021276595743
2004-05,UTA,1610612762,0,Missed Playoffs,0.317,93.0,40.1,22.3,6.6,4.6,15.8,0.449,0.328,0.757,-4.3,26.0,56.0,101.1,105.7,-4.6,91.6,0.5253333333333333,0.5,17.8,9.0,2.8,0.8,0.5,2.7,0.521,0.0,0.698,34.9,0.8080229226361033,14.0,6.2,1.8,0.9,0.2,1.7,0.489,0.209,0.778,33.1,0.6465256797583081,15.6,6.2,3.2,1.6,3.3,2.2,0.493,0.299,0.784,33.0,0.8393939393939395,12.3,3.2,1.4,0.7,0.1,1.3,0.454,0.403,0.747,28.5,0.575438596491228,12.9,7.5,2.0,0.4,0.8,1.7,0.468,0.27,0.85,28.1,0.7793594306049821,7.8,2.1,4.5,1.2,0.2,1.9,0.35,0.25,0.767,26.1,0.5325670498084291,8.8,2.2,1.7,0.6,0.1,1.1,0.448,0.362,0.81,20.4,0.6029411764705882,5.6,1.2,3.4,0.6,0.1,1.5,0.398,0.262,0.795,19.3,0.4870466321243522
2004-05,WAS,1610612764,2,Second Round Exit,0.549,100.5,42.8,19.1,8.7,4.2,14.3,0.437,0.343,0.725,-0.3,45.0,37.0,104.0,104.4,-0.3,96.1,0.4748666666666667,0.875,25.5,4.7,5.1,1.7,0.3,3.0,0.431,0.365,0.814,41.0,0.8365853658536585,22.0,6.3,4.7,2.9,0.3,2.5,0.43,0.282,0.777,38.6,0.8730569948186527,19.6,7.6,2.3,0.8,0.2,1.7,0.437,0.341,0.76,38.4,0.7500000000000001,10.2,4.2,1.7,0.9,0.2,1.1,0.389,0.341,0.839,28.9,0.5570934256055362,9.4,6.8,0.8,0.8,1.7,1.4,0.56,0.0,0.609,27.5,0.6581818181818182,6.8,4.9,2.0,0.9,0.5,1.5,0.468,0.314,0.584,26.1,0.5210727969348659,7.0,4.9,0.9,0.6,0.4,1.6,0.46,0.0,0.574,21.6,0.5648148148148149,7.1,5.2,0.4,0.4,1.1,1.1,0.502,0.0,0.528,20.8,0.6298076923076924
2005-06,ATL,1610612737,0,Missed Playoffs,0.317,97.2,40.3,19.8,7.2,4.8,15.7,0.454,0.367,0.75,-4.8,26.0,56.0,103.8,108.9,-5.1,92.7,0.4779333333333334,0.5,20.2,4.1,6.5,1.3,0.4,3.3,0.453,0.356,0.791,40.7,0.7174447174447172,18.6,6.9,3.1,1.1,0.2,2.6,0.452,0.346,0.694,36.6,0.7459016393442622,11.3,6.6,2.4,0.8,2.6,2.0,0.425,0.309,0.719,32.0,0.678125,11.7,7.9,1.7,1.1,0.5,2.3,0.451,0.0,0.735,31.4,0.6560509554140128,10.0,5.2,1.8,1.2,0.5,1.4,0.552,0.492,0.766,30.4,0.5690789473684211,8.5,4.8,0.8,0.6,0.3,1.1,0.443,0.245,0.747,24.7,0.5627530364372471,11.0,1.6,3.1,0.5,0.1,1.5,0.459,0.457,0.855,24.2,0.6115702479338844,9.7,1.9,1.2,0.4,0.0,1.3,0.415,0.38,0.9,20.3,0.5862068965517241
2005-06,BOS,1610612738,0,Missed Playoffs,0.402,98.0,39.6,20.9,7.0,5.1,16.6,0.467,0.362,0.755,-1.5,33.0,49.0,102.5,104.1,-1.6,94.6,0.4779333333333334,0.625,26.8,6.7,4.7,1.4,0.4,3.5,0.471,0.354,0.772,39.0,0.935897435897436,19.0,4.3,3.0,0.6,0.3,1.9,0.487,0.4,0.897,37.9,0.6675461741424803,11.8,4.1,4.6,1.2,0.6,1.9,0.487,0.385,0.851,34.1,0.5982404692082112,7.8,5.0,1.4,0.4,0.9,0.8,0.431,0.392,0.68,24.8,0.592741935483871,7.6,4.9,1.0,0.6,0.1,0.9,0.487,0.333,0.752,22.6,0.5884955752212389,5.2,5.9,1.0,0.3,1.5,1.6,0.515,0.0,0.615,19.6,0.6275510204081634,7.2,2.2,1.3,1.0,0.4,1.3,0.471,0.324,0.746,19.2,0.5625000000000001,5.0,4.6,0.5,0.5,0.7,1.1,0.446,0.0,0.511,19.1,0.5340314136125653
2005-06,CHA,1610612766,0,Missed Playoffs,0.317,96.9,39.8,20.9,10.0,4.3,14.2,0.433,0.339,0.729,-4.0,26.0,56.0,99.5,103.6,-4.1,96.2,0.4779333333333334,0.75,15.2,7.5,1.7,2.5,2.1,1.8,0.538,0.28,0.614,34.5,0.7884057971014492,12.6,3.2,8.8,2.3,0.1,2.4,0.399,0.231,0.803,34.1,0.7214076246334312,13.2,10.0,1.2,0.8,1.9,2.0,0.415,0.0,0.656,33.6,0.7470238095238094,11.9,3.3,5.6,1.3,0.1,2.3,0.391,0.358,0.725,30.1,0.6611295681063122,10.5,4.9,0.8,0.9,0.3,1.0,0.405,0.343,0.727,27.5,0.5963636363636363,12.4,5.6,0.6,0.2,0.4,1.1,0.517,0.0,0.732,27.4,0.6605839416058393,9.8,4.9,1.3,0.5,0.8,1.8,0.508,0.0,0.667,23.7,0.6540084388185654,10.1,2.2,1.1,0.8,0.3,1.4,0.386,0.348,0.714,23.6,0.5550847457627119
2005-06,CHI,1610612741,1,First Round Exit,0.5,97.8,42.8,22.0,6.2,4.2,14.9,0.446,0.379,0.738,0.6,41.0,41.0,101.3,100.6,0.7,95.5,0.4779333333333334,0.75,15.9,3.6,6.3,1.2,0.3,2.3,0.418,0.37,0.815,36.5,0.684931506849315,14.3,6.6,1.9,0.9,0.6,1.3,0.463,0.269,0.75,33.4,0.6886227544910178,16.9,2.7,3.0,0.9,0.1,2.3,0.422,0.435,0.785,31.0,0.6870967741935483,8.7,3.0,5.0,0.9,0.0,1.6,0.4,0.36,0.818,29.1,0.549828178694158,13.0,6.1,1.4,0.5,0.6,1.5,0.461,0.391,0.843,27.3,0.7362637362637363,5.3,9.0,1.0,0.5,1.3,1.6,0.565,0.0,0.503,26.8,0.5783582089552239,9.2,4.0,1.4,0.6,0.3,1.4,0.481,0.4,0.817,21.4,0.6588785046728972,8.1,5.3,0.9,0.3,0.8,1.4,0.45,0.0,0.652,18.5,0.7567567567567568
2005-06,CLE,1610612739,2,Second Round Exit,0.61,97.6,42.3,19.0,6.9,4.8,13.9,0.454,0.339,0.729,2.2,50.0,32.0,105.2,102.7,2.4,92.1,0.4779333333333334,0.5,31.4,7.0,6.6,1.6,0.8,3.3,0.48,0.335,0.738,42.5,1.0376470588235294,15.5,4.5,3.6,1.5,0.6,2.8,0.409,0.368,0.756,35.6,0.6432584269662922,15.6,7.6,1.2,0.5,1.7,2.0,0.506,0.0,0.834,29.3,0.8395904436860068,4.8,2.4,4.2,0.9,0.2,1.4,0.409,0.1,0.688,28.7,0.386759581881533,11.2,2.0,2.6,0.9,0.1,1.8,0.418,0.262,0.711,27.8,0.539568345323741,10.7,8.4,0.7,0.7,0.6,1.3,0.512,0.333,0.682,27.5,0.72,9.3,6.1,0.7,0.7,0.5,1.1,0.395,0.324,0.748,25.6,0.6328124999999999,6.7,1.6,2.1,0.5,0.0,0.7,0.387,0.377,0.64,25.5,0.4
2005-06,DAL,1610612742,4,Finals Loss,0.732,99.1,42.2,18.0,7.2,6.0,13.6,0.462,0.374,0.783,6.1,60.0,22.0,108.7,102.1,6.7,90.3,0.5220666666666667,0.75,26.6,9.0,2.8,0.7,1.0,1.9,0.48,0.406,0.901,38.1,1.0026246719160106,17.1,2.0,3.8,1.3,0.3,1.7,0.47,0.411,0.8,35.0,0.6514285714285716,15.6,6.3,1.9,1.2,0.4,1.3,0.471,0.429,0.734,32.5,0.7415384615384614,10.2,3.6,2.8,1.1,0.2,1.6,0.48,0.211,0.754,28.5,0.5719298245614034,13.0,2.8,2.9,0.7,0.2,2.2,0.401,0.277,0.882,27.7,0.6281588447653429,3.7,1.9,2.0,1.3,0.1,0.9,0.346,0.0,0.667,26.5,0.3056603773584905,4.6,4.4,1.7,1.0,0.2,0.8,0.48,0.0,0.774,23.9,0.4644351464435146,5.7,7.8,0.6,0.3,1.3,1.4,0.493,0.0,0.591,23.6,0.6059322033898304
2005-06,DEN,1610612743,1,First Round Exit,0.537,100.3,41.3,23.4,8.5,5.6,14.8,0.461,0.325,0.744,0.2,44.0,38.0,102.8,102.6,0.2,96.4,0.5220666666666667,0.875,26.5,4.9,2.7,1.1,0.5,2.7,0.481,0.243,0.808,36.8,0.8967391304347827,13.7,4.3,8.2,1.3,0.2,3.1,0.463,0.185,0.738,35.8,0.6871508379888268,12.8,11.9,2.1,1.4,3.3,1.6,0.465,0.091,0.712,33.2,0.9006024096385542,12.9,6.3,1.4,0.8,0.9,1.3,0.495,0.227,0.712,27.6,0.7608695652173911,12.6,1.4,3.8,0.8,0.1,1.4,0.41,0.346,0.874,25.7,0.6731517509727628,12.1,3.4,1.8,1.1,0.3,2.1,0.515,0.077,0.601,25.2,0.6587301587301588,6.7,2.9,1.7,1.2,0.3,0.7,0.434,0.354,0.782,24.1,0.5020746887966805,5.4,5.1,0.8,0.8,0.5,0.8,0.422,0.333,0.781,22.6,0.5221238938053098
2005-06,DET,1610612765,3,Conference Finals,0.78,96.8,40.5,24.0,7.1,6.0,11.4,0.455,0.384,0.727,6.7,64.0,18.0,107.7,100.3,7.4,89.2,0.4779333333333334,0.75,18.5,3.1,8.6,0.9,0.1,2.1,0.418,0.433,0.894,36.1,0.8060941828254847,20.1,3.2,3.4,0.7,0.2,2.2,0.491,0.458,0.845,35.3,0.7195467422096318,14.1,4.2,2.3,0.8,0.5,1.1,0.455,0.35,0.765,35.3,0.5892351274787536,7.3,11.3,1.9,1.8,2.2,1.1,0.51,0.0,0.416,35.2,0.6647727272727272,15.1,6.8,2.3,1.0,1.6,1.1,0.43,0.357,0.743,34.7,0.7406340057636887,7.8,5.3,1.1,0.6,0.6,0.9,0.509,0.0,0.557,21.1,0.6872037914691942,7.6,2.2,1.4,0.5,0.0,0.8,0.441,0.426,0.741,16.0,0.68125,5.0,2.0,0.8,0.5,0.2,0.5,0.452,0.371,0.8,14.2,0.5633802816901409
2005-06,GSW,1610612744,0,Missed Playoffs,0.415,98.5,42.3,20.7,7.4,4.3,14.1,0.433,0.341,0.718,-1.4,34.0,48.0,101.9,103.3,-1.4,95.9,0.5220666666666667,0.875,23.2,5.8,3.1,1.3,0.5,2.2,0.446,0.384,0.673,38.4,0.8255208333333334,17.9,4.4,8.9,1.6,0.3,2.9,0.389,0.315,0.675,36.5,0.8273972602739725,14.0,10.0,1.4,0.6,0.4,1.5,0.433,0.32,0.787,34.0,0.7323529411764705,11.5,4.9,2.9,0.7,0.4,1.5,0.406,0.285,0.778,31.8,0.5943396226415093,13.3,2.6,4.3,1.5,0.1,1.9,0.41,0.397,0.833,31.6,0.629746835443038,4.5,5.5,0.4,0.6,1.6,1.0,0.507,0.0,0.612,23.7,0.4894514767932489,9.3,3.1,0.8,0.6,0.2,1.5,0.404,0.318,0.608,22.7,0.5506607929515419,6.8,2.1,1.6,0.7,0.2,1.2,0.415,0.341,0.712,18.1,0.5635359116022098
2005-06,HOU,1610612745,0,Missed Playoffs,0.415,90.1,41.6,19.3,7.2,3.9,14.5,0.433,0.332,0.759,-1.6,34.0,48.0,98.9,100.7,-1.7,90.4,0.5220666666666667,0.5,12.1,4.0,6.7,1.6,0.2,2.5,0.379,0.327,0.692,38.6,0.572538860103627,24.4,6.5,4.8,1.3,0.9,2.6,0.406,0.312,0.747,37.1,0.9514824797843664,22.3,10.2,1.5,0.5,1.6,2.6,0.519,0.0,0.853,34.2,0.97953216374269,9.9,2.5,2.9,0.8,0.1,1.7,0.403,0.365,0.807,33.4,0.4341317365269462,11.8,6.7,1.4,0.6,0.1,1.7,0.459,0.0,0.806,31.7,0.5962145110410095,8.8,3.3,2.7,1.1,0.1,1.5,0.403,0.361,0.699,28.9,0.5017301038062284,8.6,3.5,1.8,1.0,0.1,1.3,0.395,0.325,0.683,26.6,0.5150375939849624,8.9,4.4,0.4,0.6,0.8,1.4,0.491,0.0,0.651,20.4,0.6715686274509804
2005-06,IND,1610612754,1,First Round Exit,0.5,93.9,42.2,19.9,7.3,5.0,15.3,0.444,0.349,0.737,1.9,41.0,41.0,101.6,99.5,2.0,92.2,0.4779333333333334,0.875,18.2,5.8,1.9,0.6,0.1,1.5,0.437,0.401,0.915,36.6,0.6857923497267759,16.4,3.9,2.8,1.3,0.5,2.5,0.411,0.345,0.786,35.9,0.6239554317548747,20.1,9.3,2.6,0.5,2.3,3.0,0.472,0.3,0.709,35.3,0.9008498583569404,9.6,2.5,2.3,0.8,0.3,1.6,0.417,0.337,0.763,27.0,0.5148148148148148,9.3,3.2,5.0,1.2,0.1,2.6,0.409,0.229,0.637,26.7,0.6067415730337079,9.2,2.2,4.3,0.8,0.3,1.5,0.443,0.329,0.752,26.4,0.5795454545454546,5.9,9.1,0.8,0.7,0.4,1.0,0.552,0.0,0.604,25.1,0.6334661354581672,8.2,5.3,1.2,0.4,0.1,1.0,0.463,0.386,0.882,23.0,0.6173913043478261
2005-06,LAC,1610612746,3,Conference Finals,0.573,97.2,43.1,20.8,6.5,6.1,14.5,0.465,0.344,0.791,1.6,47.0,35.0,102.9,101.3,1.7,93.8,0.5220666666666667,0.625,24.7,10.0,2.6,1.0,2.5,2.2,0.527,0.333,0.775,39.2,0.9846938775510204,14.8,4.3,3.0,1.2,0.5,1.8,0.426,0.339,0.839,37.7,0.5835543766578248,17.2,3.7,6.3,0.9,0.1,2.2,0.443,0.368,0.863,34.0,0.7647058823529411,11.9,9.6,1.0,0.6,1.4,2.3,0.523,0.0,0.77,32.8,0.676829268292683,17.8,5.3,2.1,0.6,0.1,2.4,0.445,0.338,0.828,29.5,0.7966101694915256,9.8,4.6,1.8,0.8,0.4,1.2,0.407,0.39,0.816,25.6,0.6328124999999999,5.8,3.0,4.5,0.8,0.5,1.8,0.427,0.125,0.688,25.0,0.512,4.7,2.5,1.2,0.8,0.2,0.7,0.422,0.0,0.76,22.6,0.3849557522123894
2005-06,LAL,1610612747,1,First Round Exit,0.549,99.4,42.2,21.1,7.7,4.3,13.9,0.453,0.349,0.745,2.5,45.0,37.0,105.4,102.8,2.7,93.5,0.5220666666666667,0.75,35.4,5.3,4.5,1.8,0.4,3.1,0.45,0.347,0.85,41.0,1.0804878048780486,14.8,9.2,5.5,0.9,0.8,2.7,0.481,0.372,0.69,40.3,0.707196029776675,11.5,3.3,3.7,1.7,0.2,1.8,0.447,0.366,0.694,33.8,0.5502958579881657,7.4,6.6,1.0,0.4,0.6,1.4,0.526,0.0,0.545,27.5,0.5309090909090909,10.2,6.3,1.0,0.3,1.2,1.4,0.501,0.0,0.716,26.1,0.6743295019157088,6.3,3.9,1.0,0.9,0.5,0.8,0.4,0.313,0.674,21.7,0.543778801843318,5.0,3.6,2.3,0.6,0.2,1.1,0.412,0.327,0.75,19.3,0.549222797927461,7.9,3.4,0.9,0.5,0.4,0.8,0.511,0.429,0.832,19.0,0.6473684210526316
2005-06,MEM,1610612763,1,First Round Exit,0.598,92.2,39.2,19.3,7.3,5.4,13.8,0.448,0.374,0.711,3.7,49.0,33.0,103.0,98.9,4.1,88.7,0.5220666666666667,0.5,20.4,8.9,4.6,0.6,1.9,2.9,0.503,0.25,0.689,39.2,0.8545918367346939,10.1,5.3,1.7,1.1,1.4,1.1,0.488,0.394,0.707,35.1,0.5270655270655269,11.8,3.7,2.4,1.7,0.4,1.2,0.404,0.356,0.781,32.5,0.5784615384615384,11.7,3.5,4.7,0.7,0.0,2.0,0.397,0.346,0.855,31.9,0.5830721003134796,13.7,5.4,2.7,0.7,0.4,1.9,0.466,0.407,0.8,30.6,0.6862745098039216,11.4,3.1,2.7,0.9,0.0,1.4,0.382,0.389,0.733,25.0,0.6679999999999999,9.5,1.7,2.8,0.6,0.0,1.2,0.394,0.354,0.791,24.1,0.5560165975103735,5.8,5.1,0.6,0.7,0.6,0.9,0.478,0.0,0.564,21.7,0.5483870967741934
2005-06,MIA,1610612748,5,Champion,0.634,99.9,43.1,20.6,6.4,5.4,14.5,0.478,0.345,0.7,3.9,52.0,30.0,106.4,102.3,4.1,93.5,0.4779333333333334,0.375,27.2,5.7,6.7,1.9,0.8,3.6,0.495,0.171,0.783,38.6,1.002590673575129,12.3,2.4,4.9,0.9,0.1,1.7,0.442,0.372,0.867,31.8,0.5943396226415095,9.3,7.8,1.2,0.6,0.2,1.0,0.508,0.0,0.789,30.7,0.5895765472312704,20.0,9.2,1.9,0.4,1.8,2.8,0.6,0.0,0.469,30.6,0.9967320261437906,7.2,4.8,1.3,0.8,0.3,0.9,0.403,0.403,0.787,28.6,0.4720279720279721,7.7,2.9,3.2,0.9,0.1,1.3,0.42,0.287,0.794,28.5,0.4736842105263157,12.2,5.1,2.0,0.6,0.4,1.8,0.435,0.358,0.628,26.8,0.6902985074626864,8.1,3.3,2.3,0.5,0.1,1.3,0.356,0.299,0.838,24.3,0.5349794238683127
2005-06,MIL,1610612749,1,First Round Exit,0.488,97.8,41.2,21.6,7.3,3.3,14.6,0.453,0.38,0.738,-1.0,40.0,42.0,103.3,104.4,-1.1,93.9,0.4779333333333334,0.375,25.4,4.3,2.9,1.2,0.1,2.1,0.45,0.395,0.877,39.1,0.813299232736573,12.2,4.3,6.6,1.4,0.1,3.0,0.416,0.337,0.754,35.5,0.6084507042253522,13.4,4.4,2.3,1.1,0.3,1.6,0.453,0.42,0.825,33.8,0.5887573964497043,9.2,9.5,0.7,0.4,1.0,2.0,0.467,0.0,0.535,30.1,0.6245847176079733,9.4,7.0,2.3,0.6,0.8,1.5,0.533,0.0,0.629,28.6,0.6503496503496504,12.1,2.5,4.0,0.9,0.1,1.8,0.424,0.382,0.85,26.4,0.6742424242424243,8.4,2.0,2.2,1.0,0.1,0.7,0.439,0.423,0.708,21.7,0.599078341013825,8.6,5.2,0.7,0.5,0.3,0.9,0.475,0.0,0.774,20.2,0.712871287128713
2005-06,MIN,1610612750,0,Missed Playoffs,0.402,91.7,39.4,20.9,6.8,5.7,14.5,0.456,0.329,0.758,-1.9,33.0,49.0,99.6,101.6,-2.0,91.3,0.5220666666666667,0.5,19.4,4.5,5.1,1.2,0.2,2.7,0.448,0.302,0.797,41.1,0.6739659367396593,21.8,12.7,4.1,1.4,1.4,2.4,0.526,0.267,0.81,38.9,1.0025706940874035,9.2,2.8,2.6,0.6,0.4,1.6,0.464,0.304,0.744,32.7,0.4281345565749235,7.8,3.1,3.9,1.4,0.3,1.7,0.399,0.301,0.688,28.0,0.5285714285714286,11.3,4.5,1.2,0.5,0.9,2.4,0.508,0.0,0.757,27.6,0.5797101449275361,10.0,2.3,3.8,0.9,0.2,2.1,0.468,0.349,0.803,25.8,0.5852713178294573,9.5,1.2,2.9,0.3,0.1,1.1,0.381,0.396,0.923,22.2,0.5810810810810811,4.6,5.6,0.6,0.2,2.1,0.6,0.351,0.195,0.595,19.4,0.6443298969072164
2005-06,BKN,1610612751,2,Second Round Exit,0.598,93.8,41.0,23.0,6.8,3.4,13.6,0.44,0.33,0.758,1.4,49.0,33.0,101.5,100.0,1.5,91.9,0.4779333333333334,0.75,19.5,6.8,3.8,0.8,0.2,2.2,0.493,0.319,0.812,39.2,0.7372448979591837,13.3,7.3,8.4,1.9,0.4,2.4,0.404,0.352,0.795,37.2,0.7768817204301074,24.2,5.8,4.3,1.2,0.7,2.7,0.43,0.341,0.799,36.8,0.9103260869565218,13.5,6.4,1.1,0.4,0.8,1.7,0.507,0.25,0.698,30.9,0.6634304207119741,3.6,4.8,1.0,0.6,0.6,0.9,0.397,0.25,0.512,26.7,0.3632958801498127,6.9,3.3,1.1,0.6,0.5,0.8,0.427,0.343,0.658,23.3,0.4978540772532188,5.3,1.8,1.9,0.4,0.1,1.0,0.441,0.188,0.69,17.4,0.4885057471264368,2.0,2.0,3.5,0.0,0.0,2.0,0.667,0.0,0.0,15.9,0.3459119496855345
2005-06,NOP,1610612740,0,Missed Playoffs,0.463,92.8,40.2,18.5,7.5,3.8,13.4,0.44,0.339,0.758,-2.8,38.0,44.0,100.6,103.7,-3.1,91.6,0.5220666666666667,0.5,16.1,5.1,7.8,2.2,0.1,2.3,0.43,0.282,0.847,36.0,0.8055555555555557,17.1,7.4,1.2,0.8,0.9,1.4,0.512,0.273,0.843,34.1,0.7624633431085044,9.0,7.3,1.2,0.6,0.7,1.2,0.461,0.0,0.827,31.7,0.5552050473186121,10.8,4.3,0.9,0.6,0.2,1.6,0.399,0.167,0.682,30.0,0.5066666666666667,12.3,2.7,4.8,1.5,0.1,2.2,0.413,0.27,0.769,28.4,0.6760563380281691,8.7,2.9,0.5,0.4,0.6,0.8,0.406,0.38,0.693,23.7,0.5189873417721519,8.0,2.4,1.5,0.4,0.3,1.0,0.453,0.357,0.735,19.3,0.6010362694300518,7.7,2.0,1.1,0.7,0.1,1.0,0.393,0.371,0.822,18.0,0.5888888888888888
2005-06,NYK,1610612752,0,Missed Playoffs,0.28,95.6,41.4,17.9,6.8,3.3,17.7,0.455,0.362,0.726,-6.4,23.0,59.0,101.1,107.8,-6.8,93.4,0.4779333333333334,0.25,16.3,2.9,6.4,1.1,0.1,2.6,0.451,0.317,0.755,36.6,0.6612021857923498,14.4,4.1,4.9,1.1,0.2,3.1,0.435,0.301,0.787,34.2,0.6315789473684209,14.3,3.1,3.8,1.1,0.2,2.2,0.416,0.345,0.826,32.3,0.6284829721362231,12.3,2.9,2.5,0.4,0.2,1.6,0.423,0.343,0.78,27.5,0.6072727272727273,8.2,4.2,1.6,0.7,0.1,1.0,0.355,0.34,0.67,26.2,0.5267175572519083,13.6,6.0,0.3,0.4,0.8,2.5,0.563,0.0,0.632,25.9,0.7181467181467183,12.3,5.8,0.8,0.5,0.7,1.5,0.477,0.333,0.825,24.2,0.7685950413223142,9.3,2.3,2.0,0.8,0.0,1.6,0.407,0.397,0.752,21.4,0.5981308411214955
2005-06,ORL,1610612753,0,Missed Playoffs,0.439,94.9,40.2,18.2,6.5,4.4,15.1,0.472,0.376,0.73,-1.1,36.0,46.0,103.6,104.7,-1.2,90.6,0.4779333333333334,0.75,15.8,12.5,1.5,0.8,1.4,2.6,0.531,0.0,0.595,36.8,0.7989130434782609,14.9,4.3,2.8,0.9,0.3,1.7,0.454,0.403,0.861,33.5,0.6417910447761194,11.0,2.9,2.0,0.7,0.2,1.5,0.46,0.133,0.744,32.3,0.4736842105263159,15.1,3.8,2.3,1.1,0.3,1.7,0.49,0.25,0.765,29.2,0.7157534246575343,14.6,2.9,4.9,1.1,0.1,2.4,0.483,0.424,0.779,28.8,0.7361111111111112,7.9,5.6,0.6,0.6,0.8,1.1,0.507,0.0,0.664,27.0,0.5333333333333333,9.4,1.6,2.2,1.0,0.1,1.6,0.44,0.302,0.835,22.7,0.5594713656387665,4.6,3.8,1.1,1.0,0.2,1.1,0.412,0.2,0.606,17.5,0.5485714285714285
2005-06,PHI,1610612755,0,Missed Playoffs,0.463,99.4,40.2,20.2,7.9,4.9,14.1,0.458,0.364,0.76,-2.0,38.0,44.0,103.7,105.7,-2.0,94.7,0.4779333333333334,0.875,33.0,3.2,7.4,1.9,0.1,3.4,0.447,0.323,0.814,43.1,0.9791183294663574,20.2,9.9,3.4,1.4,0.8,2.4,0.434,0.273,0.756,38.6,0.8626943005181346,12.3,5.9,3.1,1.6,0.3,1.9,0.5,0.354,0.754,37.6,0.5664893617021278,11.5,3.3,2.0,0.8,0.3,1.2,0.43,0.42,0.849,31.3,0.5335463258785943,7.3,8.2,0.4,0.5,2.4,1.6,0.531,0.0,0.705,26.7,0.644194756554307,7.5,2.7,2.7,0.9,0.2,1.5,0.42,0.299,0.775,25.1,0.4980079681274899,6.1,3.9,0.2,0.2,1.1,0.9,0.601,0.0,0.514,19.0,0.5578947368421051,2.7,1.4,1.4,0.5,0.0,0.4,0.431,0.333,0.837,15.3,0.3660130718954248
2005-06,PHX,1610612756,2,Second Round Exit,0.659,108.4,41.8,26.6,6.7,5.0,13.3,0.479,0.399,0.806,5.5,54.0,28.0,109.4,103.8,5.6,97.7,0.5220666666666667,0.375,21.8,11.8,1.8,2.0,1.7,1.5,0.525,0.331,0.809,40.3,0.9330024813895784,14.7,3.2,2.6,1.0,0.3,1.1,0.457,0.442,0.788,37.5,0.5519999999999999,13.3,6.9,6.2,0.7,1.0,2.3,0.526,0.267,0.731,35.5,0.7267605633802817,18.8,4.2,10.5,0.8,0.2,3.5,0.512,0.439,0.921,35.4,0.8757062146892656,13.1,2.6,2.8,0.8,0.1,1.6,0.481,0.444,0.755,27.9,0.6379928315412187,8.6,7.8,1.1,0.4,1.0,1.1,0.486,0.0,0.815,26.6,0.669172932330827,9.3,3.4,0.8,0.5,0.7,0.5,0.418,0.386,0.851,23.6,0.6016949152542374,10.3,4.5,0.7,0.6,0.2,1.1,0.431,0.414,0.667,22.9,0.663755458515284
2005-06,POR,1610612757,0,Missed Playoffs,0.256,88.8,37.7,18.2,6.5,5.3,14.7,0.445,0.349,0.689,-9.5,21.0,61.0,97.9,108.3,-10.4,90.5,0.5220666666666667,0.75,18.0,8.0,1.9,0.8,0.2,2.2,0.436,0.291,0.714,34.4,0.7761627906976745,14.0,4.6,1.8,1.1,1.0,2.5,0.461,0.2,0.534,32.1,0.6230529595015577,8.2,2.1,4.5,0.6,0.1,1.2,0.438,0.413,0.791,26.2,0.5458015267175572,12.3,2.3,2.0,0.8,0.1,1.5,0.435,0.382,0.804,25.3,0.632411067193676,6.1,7.0,0.8,0.4,2.3,1.4,0.548,0.0,0.532,24.9,0.6104417670682731,9.5,1.8,3.6,1.0,0.1,1.7,0.394,0.352,0.743,24.1,0.5933609958506224,4.9,5.1,0.5,0.3,1.6,0.9,0.571,0.0,0.651,23.7,0.4852320675105485,5.8,4.4,1.3,0.7,0.4,1.2,0.462,0.333,0.694,21.6,0.5277777777777778
2005-06,SAC,1610612758,1,First Round Exit,0.537,98.9,40.5,22.3,7.4,3.6,14.6,0.454,0.351,0.784,1.5,44.0,38.0,103.9,102.3,1.6,94.4,0.5220666666666667,0.5,17.6,5.1,3.6,2.2,0.7,2.3,0.404,0.308,0.675,39.4,0.6827411167512691,21.1,2.9,5.4,1.0,0.1,2.4,0.432,0.386,0.849,38.6,0.727979274611399,15.0,7.8,4.7,0.8,0.8,2.3,0.495,0.386,0.828,37.0,0.7243243243243244,13.6,7.7,2.8,1.8,0.5,2.4,0.463,0.222,0.679,32.4,0.7407407407407409,9.1,7.5,2.0,0.9,0.5,1.6,0.505,0.0,0.676,28.0,0.6571428571428571,12.3,5.0,2.1,0.7,0.6,1.5,0.525,0.227,0.784,27.2,0.7058823529411766,10.8,3.6,1.3,0.8,0.1,1.1,0.48,0.369,0.847,26.6,0.5827067669172933,5.6,2.8,1.4,0.6,0.7,1.1,0.4,0.285,0.772,19.4,0.5154639175257731
2005-06,SAS,1610612759,2,Second Round Exit,0.768,95.6,41.5,20.9,6.6,5.7,13.7,0.472,0.385,0.702,6.8,63.0,19.0,105.2,97.7,7.5,90.3,0.5220666666666667,0.875,18.6,11.0,3.2,0.9,2.0,2.5,0.484,0.4,0.629,34.8,0.9540229885057472,18.9,3.3,5.8,1.0,0.1,3.1,0.548,0.306,0.707,33.9,0.7669616519174042,7.5,3.9,1.5,1.0,0.4,0.8,0.433,0.424,0.607,33.6,0.4017857142857142,15.1,3.5,3.6,1.6,0.4,1.9,0.462,0.382,0.778,27.9,0.799283154121864,10.1,3.2,1.5,0.5,0.1,0.8,0.412,0.394,0.852,26.5,0.5509433962264151,4.5,3.9,0.4,0.3,1.1,0.7,0.515,0.0,0.6,18.9,0.5026455026455028,5.1,3.8,1.3,0.7,0.8,0.7,0.384,0.368,0.647,18.8,0.5851063829787234,6.2,5.2,0.5,0.3,0.6,1.1,0.504,0.0,0.785,17.4,0.6724137931034484
2005-06,OKC,1610612760,0,Missed Playoffs,0.427,102.6,39.6,20.7,7.6,3.7,14.7,0.459,0.371,0.785,-3.0,35.0,47.0,107.4,110.6,-3.2,94.8,0.5220666666666667,0.625,25.1,4.3,3.7,1.3,0.2,2.4,0.454,0.412,0.903,38.7,0.8320413436692506,20.1,5.0,2.3,1.3,0.6,1.8,0.467,0.384,0.818,36.9,0.7452574525745259,11.5,3.0,7.0,1.6,0.3,2.1,0.418,0.289,0.877,33.2,0.641566265060241,8.9,2.3,4.1,1.0,0.1,1.9,0.43,0.404,0.676,22.5,0.6444444444444444,7.5,5.6,1.1,0.3,0.5,1.2,0.525,0.0,0.699,21.9,0.6301369863013699,6.4,5.6,0.2,0.3,1.2,1.0,0.515,0.0,0.582,21.0,0.6047619047619047,8.1,5.3,0.7,0.4,0.4,0.9,0.571,0.0,0.732,19.9,0.7035175879396984,5.2,4.4,0.2,0.4,0.8,0.9,0.51,0.0,0.627,18.9,0.5343915343915345
2005-06,TOR,1610612761,0,Missed Playoffs,0.329,101.1,38.5,19.4,6.5,3.3,13.1,0.454,0.375,0.791,-3.0,27.0,55.0,106.7,109.9,-3.2,93.4,0.4779333333333334,0.375,22.5,9.2,2.6,0.7,1.1,2.2,0.505,0.0,0.816,39.3,0.8625954198473282,16.8,4.6,2.3,1.3,0.2,1.5,0.436,0.395,0.82,38.3,0.618798955613577,20.3,3.3,5.8,0.9,0.0,2.6,0.469,0.442,0.837,37.0,0.7486486486486487,13.0,6.4,1.1,0.7,0.8,1.2,0.463,0.327,0.706,29.1,0.7147766323024055,5.5,2.2,4.5,0.7,0.1,1.6,0.423,0.163,0.848,23.2,0.4913793103448275,7.5,3.6,0.7,0.6,0.4,0.4,0.448,0.42,0.829,21.9,0.5662100456621004,4.9,4.7,0.5,0.5,0.2,1.2,0.432,0.0,0.642,21.4,0.4485981308411216,6.7,3.1,0.8,0.5,0.2,1.2,0.478,0.333,0.812,19.8,0.5101010101010102
2005-06,UTA,1610612762,0,Missed Playoffs,0.5,92.4,42.1,21.6,6.4,6.0,15.7,0.442,0.336,0.719,-2.6,41.0,41.0,100.8,103.7,-2.9,90.7,0.5220666666666667,0.75,15.3,8.0,4.3,1.5,3.2,2.9,0.46,0.308,0.699,37.7,0.7798408488063662,18.0,9.1,2.4,0.5,0.9,2.0,0.46,0.342,0.78,35.9,0.8050139275766016,16.3,8.6,2.7,0.9,0.2,2.1,0.549,0.0,0.723,31.1,0.8553054662379419,10.8,2.4,4.5,0.8,0.2,1.8,0.421,0.416,0.704,28.8,0.5868055555555556,12.5,5.2,1.4,0.8,0.2,1.5,0.475,0.359,0.725,27.4,0.6788321167883211,10.6,1.9,1.7,0.4,0.1,1.7,0.433,0.305,0.754,25.8,0.5038759689922481,5.3,4.2,1.2,0.5,0.3,0.8,0.461,0.0,0.717,21.9,0.4885844748858447,7.5,2.6,1.3,0.5,0.2,1.2,0.393,0.331,0.745,21.1,0.5165876777251185
2005-06,WAS,1610612764,1,First Round Exit,0.512,101.7,41.2,18.6,8.0,4.1,13.9,0.447,0.357,0.757,1.9,42.0,40.0,106.0,104.1,1.9,95.2,0.4779333333333334,0.75,29.3,3.5,6.1,2.0,0.3,3.7,0.447,0.369,0.82,42.3,0.8865248226950353,20.5,9.3,1.9,1.1,0.1,1.7,0.442,0.394,0.731,40.1,0.7780548628428927,17.6,6.2,2.5,1.7,0.2,2.3,0.455,0.342,0.87,36.1,0.7174515235457063,9.6,2.2,3.6,0.7,0.1,1.1,0.418,0.228,0.845,28.5,0.5298245614035089,6.4,4.9,1.9,0.8,0.6,1.3,0.451,0.32,0.589,25.3,0.525691699604743,9.3,3.6,1.3,0.8,0.0,1.0,0.421,0.362,0.833,24.6,0.5691056910569106,7.3,5.9,0.6,0.4,1.3,1.2,0.514,0.0,0.585,23.8,0.6008403361344538,4.7,3.9,0.2,0.3,1.0,0.7,0.533,0.0,0.6,15.8,0.5949367088607594
2006-07,ATL,1610612737,0,Missed Playoffs,0.366,93.7,40.1,19.2,7.4,5.4,15.9,0.444,0.329,0.761,-4.8,30.0,52.0,100.1,105.2,-5.1,92.6,0.474,0.75,25.0,4.2,4.4,1.1,0.2,3.1,0.471,0.381,0.748,41.4,0.7681159420289856,13.0,6.2,2.3,1.1,0.7,1.5,0.504,0.338,0.795,36.8,0.5923913043478262,16.4,8.6,3.3,1.4,2.9,3.2,0.439,0.25,0.693,36.8,0.798913043478261,13.1,5.3,1.9,0.8,0.5,2.0,0.433,0.244,0.815,34.0,0.5764705882352941,12.2,6.9,1.5,1.1,0.5,2.3,0.474,0.0,0.786,28.1,0.708185053380783,11.4,1.9,3.6,0.4,0.0,1.5,0.416,0.348,0.883,26.6,0.5939849624060151,5.3,1.9,4.4,1.7,0.1,1.8,0.327,0.214,0.55,25.1,0.4621513944223106,5.3,1.5,3.0,0.5,0.0,1.1,0.414,0.342,0.754,19.4,0.4742268041237114
2006-07,BOS,1610612738,0,Missed Playoffs,0.293,95.8,40.4,19.9,7.2,4.7,16.5,0.443,0.367,0.767,-3.4,24.0,58.0,100.2,103.7,-3.6,94.8,0.474,0.875,25.0,5.9,4.1,1.0,0.3,3.2,0.439,0.389,0.796,37.0,0.8945945945945944,16.0,11.0,1.3,0.7,1.5,2.0,0.514,0.0,0.681,33.6,0.8482142857142857,12.2,3.0,4.4,1.1,0.5,2.0,0.427,0.365,0.853,32.2,0.5962732919254659,12.1,5.6,1.6,0.7,0.2,1.4,0.467,0.381,0.811,31.2,0.6025641025641026,15.0,3.1,1.7,0.6,0.1,1.7,0.415,0.415,0.897,28.1,0.6690391459074734,11.5,3.8,1.7,1.5,0.4,2.3,0.514,0.242,0.784,24.4,0.680327868852459,6.4,3.7,3.8,1.6,0.1,1.8,0.418,0.207,0.647,23.5,0.5872340425531916,10.4,2.6,1.0,0.5,0.3,1.5,0.419,0.368,0.805,22.0,0.6045454545454546
2006-07,CHA,1610612766,0,Missed Playoffs,0.402,96.9,39.8,22.4,7.8,4.5,14.9,0.446,0.357,0.734,-3.7,33.0,49.0,100.7,104.6,-3.9,94.6,0.474,0.75,18.1,7.2,2.6,2.0,1.0,2.2,0.502,0.325,0.691,36.7,0.782016348773842,14.0,3.4,7.0,1.5,0.1,2.9,0.384,0.33,0.797,36.3,0.6363636363636365,14.4,11.3,1.2,0.9,2.6,1.7,0.532,0.0,0.593,34.8,0.8247126436781611,11.8,2.9,2.1,0.4,0.1,1.7,0.376,0.337,0.71,29.8,0.5234899328859061,9.1,2.6,6.6,1.5,0.1,2.1,0.419,0.056,0.805,28.3,0.6289752650176678,12.1,2.9,1.3,0.7,0.1,1.0,0.433,0.416,0.904,26.1,0.6168582375478927,11.9,6.7,1.9,0.5,0.7,1.6,0.5,0.667,0.768,23.9,0.8410041841004183,8.0,2.3,2.7,1.0,0.1,1.1,0.429,0.355,0.877,23.8,0.5462184873949579
2006-07,CHI,1610612741,2,Second Round Exit,0.598,98.8,43.7,22.3,7.8,5.4,16.0,0.457,0.388,0.734,5.0,49.0,33.0,102.5,97.3,5.2,95.9,0.474,0.625,18.8,7.1,2.5,1.2,0.6,1.9,0.517,0.143,0.777,37.5,0.7546666666666667,16.6,3.4,6.3,1.3,0.3,2.4,0.448,0.415,0.835,35.5,0.7183098591549297,6.4,10.7,2.4,1.4,2.0,1.3,0.453,0.2,0.408,35.0,0.6171428571428571,21.4,3.1,3.6,0.8,0.2,3.0,0.455,0.413,0.864,33.0,0.790909090909091,14.1,5.7,1.1,0.5,0.5,2.0,0.467,0.383,0.848,26.5,0.7509433962264151,7.2,2.2,4.0,0.9,0.1,1.3,0.408,0.359,0.752,24.4,0.5368852459016393,6.1,4.8,0.7,0.3,0.7,1.2,0.407,0.0,0.787,20.2,0.5643564356435643,5.2,3.7,0.6,0.6,1.1,1.3,0.475,0.0,0.606,13.4,0.7388059701492536
2006-07,CLE,1610612739,4,Finals Loss,0.61,96.8,43.5,20.8,7.6,4.3,14.4,0.447,0.352,0.696,3.8,50.0,32.0,102.6,98.5,4.1,93.4,0.474,1.0,27.3,6.7,6.0,1.6,0.7,3.2,0.476,0.319,0.698,40.9,0.9559902200488998,14.9,3.8,3.7,1.3,0.4,2.2,0.4,0.333,0.676,37.1,0.5902964959568733,11.1,8.5,1.1,0.9,0.4,1.4,0.473,0.167,0.714,28.0,0.7357142857142858,11.9,7.7,1.6,0.6,1.3,1.8,0.485,0.0,0.807,27.3,0.7802197802197803,6.8,6.7,0.9,0.9,0.6,0.8,0.476,0.0,0.616,23.9,0.6317991631799164,4.2,2.3,4.0,0.7,0.2,1.4,0.417,0.0,0.637,23.5,0.4255319148936169,9.0,2.4,1.6,0.8,0.3,1.5,0.453,0.405,0.794,22.9,0.5502183406113538,6.6,1.1,1.6,0.3,0.0,0.6,0.386,0.385,0.682,19.5,0.4615384615384615
2006-07,DAL,1610612742,1,First Round Exit,0.817,100.0,41.9,19.9,6.8,5.0,13.9,0.467,0.381,0.805,7.2,67.0,15.0,108.5,100.6,7.8,91.9,0.5259333333333333,0.875,24.6,8.9,3.4,0.7,0.8,2.1,0.502,0.416,0.904,36.2,1.0027624309392265,18.9,6.8,1.8,1.2,0.8,1.8,0.459,0.385,0.827,35.1,0.7891737891737891,16.7,2.9,5.2,1.0,0.2,1.9,0.484,0.438,0.804,35.1,0.6866096866096866,10.2,2.5,3.7,1.2,0.3,1.8,0.492,0.28,0.824,26.0,0.6192307692307691,7.1,7.4,0.6,0.3,1.1,1.4,0.626,0.0,0.623,25.2,0.5992063492063492,12.0,2.2,2.8,0.8,0.1,1.7,0.428,0.383,0.847,24.1,0.6721991701244814,6.4,3.6,0.6,0.8,0.4,0.9,0.395,0.353,0.75,21.4,0.5093457943925234,2.3,5.4,0.4,0.5,1.4,0.8,0.47,0.0,0.558,18.3,0.5027322404371584
2006-07,DEN,1610612743,1,First Round Exit,0.549,105.4,43.4,23.4,8.3,5.3,16.5,0.465,0.336,0.746,1.6,45.0,37.0,104.9,103.3,1.6,99.9,0.5259333333333333,0.625,26.3,3.0,7.2,1.9,0.2,4.1,0.442,0.315,0.795,42.5,0.8117647058823529,28.9,6.0,3.8,1.2,0.4,3.6,0.476,0.268,0.808,38.2,0.9607329842931936,11.2,11.7,3.2,1.2,3.3,1.7,0.473,0.0,0.729,33.8,0.8550295857988166,9.5,10.0,0.5,0.0,0.0,2.5,0.5,0.0,0.25,31.3,0.5591054313099041,6.4,2.1,5.0,0.7,0.1,1.6,0.411,0.322,0.672,27.1,0.4686346863468634,12.2,7.0,1.2,1.0,0.9,2.0,0.57,0.0,0.689,26.8,0.7574626865671641,13.0,2.3,1.4,0.8,0.1,1.3,0.441,0.39,0.81,23.4,0.6965811965811967,6.6,4.1,0.9,1.0,0.3,0.7,0.576,0.083,0.715,22.1,0.5520361990950227
2006-07,DET,1610612765,3,Conference Finals,0.646,96.0,40.5,21.6,7.1,5.8,12.2,0.454,0.344,0.774,4.2,53.0,29.0,106.2,101.6,4.6,89.5,0.474,0.75,19.8,3.8,3.8,0.8,0.2,2.1,0.468,0.341,0.861,36.8,0.7146739130434784,14.3,5.2,2.8,0.6,0.7,1.2,0.46,0.386,0.768,36.6,0.6120218579234973,17.0,3.4,7.2,1.2,0.2,2.0,0.427,0.345,0.883,36.2,0.7458563535911601,12.3,7.2,1.7,1.0,1.6,1.3,0.423,0.351,0.788,32.3,0.6965944272445821,11.2,7.2,3.1,1.0,0.7,1.8,0.452,0.364,0.638,29.8,0.7181208053691275,6.7,1.6,2.7,0.7,0.2,1.3,0.404,0.289,0.725,21.4,0.4953271028037382,8.1,6.0,0.9,0.7,0.8,0.9,0.526,0.0,0.691,21.1,0.7393364928909952,5.2,3.2,1.1,0.6,0.1,0.7,0.415,0.333,0.787,16.7,0.5688622754491018
2006-07,GSW,1610612744,2,Second Round Exit,0.512,106.5,41.4,23.8,9.1,5.7,16.0,0.463,0.356,0.717,-0.3,42.0,40.0,104.7,105.0,-0.3,101.4,0.5259333333333333,0.625,20.1,4.4,8.1,2.1,0.5,3.1,0.439,0.304,0.745,35.3,0.9093484419263456,16.5,3.2,4.1,1.7,0.3,2.9,0.475,0.273,0.763,34.3,0.6676384839650146,15.5,3.0,3.8,1.1,0.5,2.4,0.433,0.322,0.813,33.0,0.6515151515151516,16.5,6.4,1.9,0.8,0.3,2.2,0.457,0.433,0.694,32.9,0.7203647416413373,16.0,5.1,3.4,1.1,0.6,1.6,0.417,0.367,0.657,32.8,0.7500000000000001,9.5,9.3,1.1,0.8,1.7,1.5,0.599,0.0,0.521,29.0,0.7206896551724139,5.0,2.0,0.0,2.0,0.0,1.0,0.2,0.0,0.5,27.4,0.291970802919708,11.1,4.5,0.9,0.7,0.8,1.5,0.488,0.388,0.648,26.9,0.6133828996282529
2006-07,HOU,1610612745,1,First Round Exit,0.634,97.0,43.3,20.8,7.1,4.1,14.2,0.445,0.372,0.753,4.9,52.0,30.0,104.0,98.8,5.2,92.5,0.5259333333333333,0.75,13.3,3.4,5.4,1.6,0.1,2.1,0.375,0.363,0.734,37.1,0.5849056603773586,10.1,4.1,2.1,1.0,0.7,0.9,0.446,0.421,0.779,36.4,0.4697802197802198,24.6,5.3,6.5,1.3,0.5,3.0,0.431,0.331,0.707,35.8,0.9832402234636872,25.0,9.4,2.0,0.4,2.0,3.5,0.516,0.0,0.862,33.8,1.044378698224852,10.9,3.2,2.4,1.0,0.1,1.7,0.437,0.441,0.79,27.6,0.5760869565217391,9.7,5.9,1.6,0.4,0.1,1.4,0.465,0.0,0.824,26.5,0.6150943396226415,5.6,6.7,0.6,0.9,0.2,0.8,0.573,0.0,0.618,22.0,0.6,7.8,4.3,1.1,0.9,0.5,2.0,0.411,0.143,0.561,21.1,0.5971563981042654
2006-07,IND,1610612754,0,Missed Playoffs,0.427,95.6,41.8,20.5,7.3,5.5,16.3,0.438,0.346,0.76,-2.4,35.0,47.0,100.0,102.5,-2.6,95.1,0.474,0.5,19.4,9.6,2.4,0.7,2.6,2.9,0.436,0.0,0.767,35.6,0.8932584269662922,13.9,4.6,1.4,0.8,0.7,1.6,0.459,0.382,0.803,34.0,0.5823529411764705,12.8,5.3,2.8,1.0,0.3,1.8,0.452,0.313,0.784,31.5,0.6476190476190476,12.8,3.3,6.9,1.6,0.3,2.8,0.389,0.316,0.72,31.1,0.7106109324758842,10.3,6.1,1.9,0.7,0.6,1.1,0.458,0.395,0.745,27.2,0.6801470588235293,4.3,8.1,0.8,0.8,0.5,0.9,0.469,0.0,0.639,23.2,0.5862068965517241,7.1,1.8,1.3,0.6,0.2,1.2,0.459,0.231,0.7,17.8,0.550561797752809,5.6,1.7,2.4,0.9,0.1,0.9,0.414,0.336,0.785,15.7,0.6242038216560509
2006-07,LAC,1610612746,0,Missed Playoffs,0.488,95.6,41.1,21.5,7.3,5.8,15.1,0.456,0.348,0.788,-0.5,40.0,42.0,102.4,102.9,-0.5,93.1,0.5259333333333333,0.75,20.5,9.3,2.9,1.0,2.2,2.5,0.533,1.0,0.761,38.5,0.8675324675324677,13.8,3.4,2.5,1.2,0.3,1.9,0.44,0.411,0.837,36.4,0.5302197802197802,16.9,5.9,2.8,0.9,0.2,2.7,0.454,0.2,0.82,30.5,0.7868852459016392,9.3,3.4,5.1,1.1,0.5,2.0,0.463,0.313,0.707,29.8,0.5838926174496645,10.1,7.8,1.1,0.5,1.5,2.0,0.451,0.0,0.741,29.0,0.6551724137931034,11.0,5.0,2.3,0.7,0.4,1.4,0.414,0.382,0.708,27.0,0.6666666666666666,12.3,2.9,4.7,0.5,0.1,1.7,0.418,0.294,0.879,24.3,0.7736625514403294,6.9,2.7,2.9,1.2,0.0,1.1,0.446,0.241,0.894,23.5,0.5361702127659576
2006-07,LAL,1610612747,1,First Round Exit,0.512,103.3,41.2,22.6,7.3,5.1,15.5,0.466,0.353,0.747,-0.1,42.0,40.0,105.6,105.6,-0.1,96.2,0.5259333333333333,0.75,31.6,5.7,5.4,1.4,0.5,3.3,0.463,0.344,0.868,40.8,1.0122549019607845,15.9,9.8,4.8,0.9,0.6,2.9,0.468,0.297,0.7,39.3,0.7404580152671757,11.4,5.0,4.3,1.0,0.4,2.0,0.474,0.387,0.745,33.0,0.609090909090909,11.1,2.5,2.8,1.5,0.1,1.9,0.436,0.365,0.646,30.0,0.5366666666666667,8.4,6.0,1.8,1.0,1.2,1.9,0.591,0.0,0.44,27.6,0.5978260869565217,8.4,2.9,1.0,0.5,0.2,0.8,0.432,0.361,0.787,22.8,0.5350877192982456,7.8,5.9,1.1,0.1,1.6,1.4,0.558,0.0,0.668,21.9,0.6894977168949772,6.6,3.3,1.2,0.5,0.3,1.3,0.424,0.339,0.726,17.9,0.5921787709497206
2006-07,MEM,1610612763,0,Missed Playoffs,0.268,101.6,39.5,20.5,6.9,5.0,16.4,0.465,0.367,0.761,-5.1,22.0,60.0,104.3,109.6,-5.3,95.9,0.5259333333333333,0.75,18.5,5.4,4.3,0.8,0.3,2.6,0.46,0.406,0.793,39.1,0.6828644501278772,20.8,9.8,3.4,0.5,2.1,2.7,0.538,0.273,0.748,36.1,0.9390581717451524,13.2,1.9,4.6,0.7,0.1,1.7,0.434,0.379,0.81,27.5,0.6836363636363637,10.8,4.5,1.3,0.9,0.9,1.8,0.422,0.364,0.727,27.0,0.6148148148148147,12.7,5.1,0.9,0.5,0.4,2.0,0.524,0.0,0.771,26.2,0.6717557251908395,7.5,2.2,4.8,0.8,0.0,1.6,0.391,0.337,0.795,24.2,0.566115702479339,7.5,2.0,0.9,0.5,0.3,1.2,0.477,0.417,0.793,21.4,0.4672897196261683,7.7,2.0,0.9,1.1,0.0,1.0,0.457,0.283,0.796,20.1,0.5323383084577114
2006-07,MIA,1610612748,1,First Round Exit,0.537,94.6,40.8,20.5,6.9,5.4,14.6,0.464,0.343,0.69,-0.9,44.0,38.0,102.6,103.6,-1.0,91.4,0.474,0.875,27.4,4.7,7.5,2.1,1.2,4.2,0.491,0.266,0.807,37.9,1.0211081794195251,10.7,8.3,1.2,0.6,0.3,1.4,0.492,0.0,0.68,31.4,0.6273885350318472,10.9,2.3,5.3,1.0,0.0,1.6,0.413,0.339,0.913,30.6,0.5849673202614378,17.3,7.4,2.0,0.2,1.4,2.4,0.591,0.0,0.422,28.4,0.9119718309859156,7.7,5.0,1.3,1.0,0.3,0.8,0.431,0.375,0.827,27.0,0.5370370370370371,10.9,2.7,1.2,0.6,0.0,1.0,0.494,0.514,0.892,26.4,0.5454545454545455,7.7,3.0,1.7,1.1,0.2,0.7,0.422,0.351,0.787,24.9,0.5220883534136546,8.5,4.3,1.7,0.6,0.2,1.8,0.397,0.275,0.438,23.3,0.5793991416309012
2006-07,MIL,1610612749,0,Missed Playoffs,0.341,99.7,39.2,21.6,7.2,2.7,15.1,0.465,0.356,0.733,-4.4,28.0,54.0,104.0,108.6,-4.6,95.0,0.474,0.5,26.7,3.7,2.3,1.2,0.2,2.3,0.465,0.382,0.829,38.4,0.828125,17.3,4.8,6.1,1.3,0.1,3.0,0.446,0.346,0.855,36.3,0.7327823691460057,13.5,2.9,3.0,1.2,0.0,1.3,0.437,0.352,0.78,34.7,0.5561959654178673,12.3,8.8,3.0,0.7,0.5,2.3,0.553,0.2,0.577,34.2,0.6725146198830408,14.7,5.4,2.9,1.4,0.3,2.5,0.548,0.158,0.641,31.0,0.7161290322580645,14.6,2.1,4.4,0.8,0.0,1.8,0.42,0.397,0.898,30.8,0.6525974025974026,11.8,5.8,0.9,0.6,0.3,1.4,0.47,0.337,0.82,25.2,0.7142857142857144,4.4,5.7,0.9,0.3,1.0,1.1,0.49,0.0,0.582,22.7,0.4933920704845816
2006-07,MIN,1610612750,0,Missed Playoffs,0.39,96.1,40.1,22.5,6.5,4.0,15.6,0.461,0.353,0.792,-3.7,32.0,50.0,101.1,104.9,-3.9,93.5,0.5259333333333333,0.625,22.4,12.8,4.1,1.2,1.7,2.7,0.476,0.214,0.835,39.4,1.00253807106599,17.0,3.9,4.8,1.0,0.3,2.6,0.465,0.397,0.839,37.3,0.6541554959785523,12.3,6.2,0.8,0.5,0.7,1.9,0.509,0.29,0.754,31.0,0.6000000000000001,6.7,3.2,2.7,0.3,0.3,1.1,0.49,0.24,0.783,29.2,0.4143835616438357,10.1,2.0,3.6,0.7,0.1,1.6,0.423,0.372,0.837,25.2,0.5912698412698413,10.1,2.7,2.8,0.6,0.3,1.9,0.434,0.368,0.854,22.9,0.6375545851528386,5.3,2.6,2.1,1.1,0.2,1.3,0.418,0.376,0.761,22.2,0.4504504504504504,7.4,5.1,0.6,0.6,0.2,0.9,0.531,0.0,0.624,18.7,0.695187165775401
2006-07,BKN,1610612751,2,Second Round Exit,0.5,97.6,40.8,23.9,6.1,3.3,14.8,0.457,0.363,0.727,-0.8,41.0,41.0,103.7,104.5,-0.8,93.2,0.474,0.875,25.2,6.0,4.8,1.0,0.4,2.6,0.454,0.357,0.802,38.1,0.9133858267716536,13.0,8.2,9.2,1.6,0.3,2.7,0.406,0.343,0.778,36.7,0.8065395095367847,16.3,4.4,2.7,0.6,0.1,2.2,0.456,0.359,0.733,35.6,0.6151685393258428,16.4,6.8,1.8,0.4,0.9,2.0,0.526,0.0,0.711,32.6,0.7453987730061349,9.8,5.1,0.9,0.6,0.8,1.4,0.609,0.0,0.681,26.3,0.6007604562737643,2.1,4.0,0.6,0.5,0.5,0.9,0.364,0.0,0.465,23.0,0.2956521739130434,9.2,3.3,0.8,0.4,0.3,0.9,0.457,0.423,0.805,20.2,0.6485148514851486,4.1,2.4,1.0,0.2,0.5,0.6,0.372,0.379,0.444,19.1,0.3979057591623036
2006-07,NOP,1610612740,0,Missed Playoffs,0.476,95.5,43.1,18.7,6.4,4.2,14.5,0.445,0.362,0.74,-1.6,39.0,43.0,101.9,103.5,-1.7,92.8,0.5259333333333333,0.5,17.3,4.4,8.9,1.8,0.0,2.5,0.437,0.35,0.818,36.8,0.8125,18.3,8.2,2.2,0.8,0.7,1.9,0.476,0.32,0.824,36.5,0.7753424657534247,9.5,12.4,0.9,0.5,1.8,1.7,0.624,0.0,0.527,34.6,0.676300578034682,13.7,4.6,1.5,0.7,0.3,2.6,0.452,0.0,0.663,34.3,0.5306122448979591,17.8,4.2,0.8,0.6,0.3,1.5,0.423,0.405,0.816,32.7,0.6788990825688074,11.6,4.3,2.6,0.8,0.2,1.6,0.42,0.357,0.794,28.7,0.6236933797909407,10.1,3.2,0.8,0.5,0.7,0.8,0.398,0.369,0.644,27.4,0.5291970802919709,10.6,3.2,2.5,0.9,0.1,1.4,0.394,0.327,0.774,23.7,0.6708860759493671
2006-07,NYK,1610612752,0,Missed Playoffs,0.402,97.5,43.3,18.7,6.6,3.2,17.1,0.457,0.346,0.715,-2.9,33.0,49.0,102.7,105.7,-3.0,93.4,0.474,0.875,17.6,3.2,4.4,1.0,0.1,2.7,0.4,0.32,0.838,37.3,0.6327077747989278,16.4,2.9,5.4,1.0,0.1,2.4,0.415,0.357,0.769,37.1,0.6307277628032344,19.5,7.0,0.8,0.4,0.5,3.6,0.576,1.0,0.615,35.2,0.6988636363636362,13.0,7.2,2.2,0.7,0.1,1.4,0.418,0.376,0.692,33.1,0.6586102719033232,10.7,10.4,1.8,0.8,0.4,1.6,0.6,0.0,0.815,29.8,0.7550335570469798,11.3,3.6,3.9,0.9,0.3,2.3,0.408,0.378,0.829,28.1,0.6298932384341637,9.5,5.5,0.9,0.5,0.6,1.4,0.433,0.167,0.787,26.3,0.5931558935361216,4.1,4.3,1.2,0.8,0.5,1.1,0.461,0.1,0.456,23.8,0.4117647058823528
2006-07,ORL,1610612753,1,First Round Exit,0.488,94.8,40.7,18.6,6.9,5.1,17.0,0.472,0.356,0.702,0.8,40.0,42.0,102.0,101.2,0.8,92.4,0.474,1.0,17.6,12.3,1.9,0.9,1.9,3.9,0.603,0.5,0.586,36.9,0.8319783197831979,13.3,4.0,3.2,1.0,0.2,2.0,0.419,0.388,0.781,31.1,0.6334405144694534,14.4,3.6,2.1,0.9,0.4,2.2,0.518,0.167,0.765,30.9,0.6213592233009709,13.0,3.1,4.3,0.9,0.1,2.4,0.43,0.335,0.828,30.3,0.6270627062706272,8.0,5.5,1.1,0.6,1.8,1.6,0.454,0.0,0.613,23.9,0.6443514644351465,6.1,5.2,0.5,0.4,0.5,0.9,0.489,0.0,0.675,23.9,0.493723849372385,8.9,4.4,1.1,1.0,0.3,1.5,0.539,0.0,0.62,22.4,0.6339285714285715,7.9,1.3,1.7,0.8,0.2,1.1,0.41,0.323,0.809,21.7,0.4976958525345623
2006-07,PHI,1610612755,0,Missed Playoffs,0.427,94.9,39.7,20.4,7.2,4.8,15.3,0.458,0.345,0.767,-3.0,35.0,47.0,101.0,104.2,-3.2,93.0,0.474,0.625,18.2,5.7,5.7,2.0,0.4,3.4,0.447,0.31,0.82,40.3,0.7096774193548387,13.4,4.4,7.8,1.4,0.1,2.8,0.466,0.143,0.784,37.1,0.6549865229110512,14.4,3.5,1.4,0.8,0.3,1.6,0.44,0.43,0.914,30.9,0.6084142394822006,10.7,8.9,0.8,0.6,1.9,2.0,0.541,0.0,0.746,30.9,0.6763754045307444,11.3,2.1,1.5,0.8,0.1,1.4,0.411,0.325,0.667,24.9,0.5783132530120483,8.5,6.2,0.8,0.6,0.4,1.2,0.449,0.0,0.845,23.1,0.6623376623376623,6.4,4.8,0.4,0.2,1.1,0.9,0.577,0.0,0.49,22.9,0.5240174672489083,6.6,1.9,0.4,0.6,0.3,0.6,0.464,0.347,0.609,17.4,0.5287356321839082
2006-07,PHX,1610612756,2,Second Round Exit,0.744,110.2,40.5,25.9,6.7,4.8,14.5,0.494,0.399,0.808,7.3,61.0,21.0,111.4,104.0,7.4,97.8,0.5259333333333333,1.0,17.5,9.8,1.7,2.0,1.5,1.4,0.524,0.317,0.81,37.6,0.8271276595744681,14.7,3.2,2.5,0.6,0.3,1.1,0.432,0.413,0.776,37.4,0.5401069518716578,18.6,3.5,11.6,0.8,0.1,3.8,0.532,0.455,0.899,35.3,0.8725212464589236,20.4,9.6,1.0,1.0,1.3,2.8,0.575,0.0,0.781,32.8,0.9298780487804876,18.1,2.7,4.0,1.2,0.2,1.8,0.476,0.434,0.845,32.7,0.7461773700305809,9.7,4.3,4.8,0.4,0.5,2.1,0.538,0.333,0.683,31.1,0.5659163987138263,6.4,2.3,0.6,0.4,0.6,0.4,0.368,0.378,0.877,18.1,0.5469613259668507,4.6,5.7,0.4,0.4,0.4,0.5,0.486,0.0,0.789,18.0,0.6111111111111112
2006-07,POR,1610612757,0,Missed Playoffs,0.39,94.1,39.3,18.5,6.8,4.6,15.1,0.45,0.346,0.769,-4.3,32.0,50.0,101.7,106.3,-4.6,91.3,0.5259333333333333,0.5,23.6,10.1,2.2,0.8,0.2,3.2,0.467,0.292,0.819,35.7,0.9439775910364144,16.8,4.4,4.0,1.2,0.2,2.0,0.456,0.377,0.838,35.3,0.6968838526912182,12.0,2.6,5.3,1.1,0.1,2.4,0.454,0.35,0.871,33.6,0.5565476190476191,8.4,3.7,1.5,0.9,0.2,1.0,0.461,0.406,0.742,28.6,0.479020979020979,9.6,3.2,0.8,0.9,1.1,1.0,0.434,0.27,0.79,22.9,0.6375545851528386,9.0,5.0,0.4,0.3,1.2,0.7,0.503,0.0,0.722,22.1,0.6877828054298643,7.0,2.9,0.6,0.4,0.2,0.9,0.396,0.364,0.705,21.5,0.4744186046511627,6.5,6.1,0.4,0.3,0.8,1.6,0.504,0.0,0.541,21.0,0.5952380952380953
2006-07,SAC,1610612758,0,Missed Playoffs,0.402,101.3,38.9,20.3,8.2,3.2,14.6,0.45,0.35,0.765,-1.8,33.0,49.0,103.6,105.4,-1.8,97.2,0.5259333333333333,0.875,18.8,6.5,3.4,2.1,0.6,2.1,0.44,0.358,0.74,37.7,0.7771883289124668,20.2,4.3,2.2,1.2,0.1,1.7,0.473,0.381,0.844,35.2,0.7471590909090908,17.1,3.2,4.7,1.1,0.1,2.4,0.404,0.36,0.83,33.9,0.7020648967551624,9.0,6.4,3.6,0.6,0.6,1.7,0.453,0.152,0.772,28.3,0.6537102473498234,8.5,3.3,3.2,0.9,0.3,1.5,0.456,0.357,0.779,27.0,0.5444444444444444,9.9,5.0,1.4,0.7,0.5,1.5,0.474,0.15,0.726,25.2,0.6349206349206349,5.3,6.1,1.2,0.7,0.3,1.5,0.482,0.0,0.513,22.8,0.5307017543859648,9.1,3.3,0.6,0.4,0.2,1.4,0.51,0.0,0.715,19.7,0.6192893401015227
2006-07,SAS,1610612759,5,Champion,0.707,98.5,40.7,22.1,7.2,5.1,13.9,0.474,0.381,0.751,8.4,58.0,24.0,106.7,97.5,9.1,91.9,0.5259333333333333,0.75,20.0,10.6,3.4,0.8,2.4,2.8,0.546,0.111,0.637,34.1,1.0087976539589445,18.6,3.2,5.5,1.1,0.1,2.5,0.52,0.395,0.783,32.5,0.8000000000000002,6.2,2.7,1.4,0.8,0.3,0.8,0.405,0.384,0.589,30.1,0.3521594684385382,16.5,4.4,3.5,1.5,0.4,2.1,0.464,0.396,0.86,27.5,0.8799999999999999,8.3,3.3,0.8,0.5,0.2,0.8,0.439,0.286,0.8,22.8,0.5394736842105263,9.0,2.7,1.3,0.4,0.2,0.6,0.412,0.364,0.918,22.2,0.5855855855855856,8.5,2.1,1.8,0.7,0.2,0.8,0.475,0.446,0.88,21.7,0.576036866359447,5.0,4.8,0.8,0.4,0.8,1.2,0.511,0.0,0.775,19.0,0.5578947368421054
2006-07,OKC,1610612760,0,Missed Playoffs,0.378,99.1,39.6,20.7,7.7,3.7,15.5,0.46,0.362,0.791,-2.9,31.0,51.0,104.1,107.1,-3.0,94.5,0.5259333333333333,1.0,26.4,4.5,4.1,1.5,0.2,2.8,0.438,0.372,0.903,40.3,0.8411910669975188,22.4,6.6,2.4,1.1,0.7,2.0,0.461,0.39,0.841,39.1,0.7979539641943735,13.5,7.7,1.0,0.9,0.5,1.5,0.529,0.0,0.684,31.5,0.7015873015873015,11.0,2.3,5.2,1.2,0.3,2.2,0.433,0.353,0.805,29.5,0.6033898305084746,9.6,8.1,1.0,0.6,0.8,1.5,0.5,0.0,0.774,29.0,0.6413793103448276,9.4,2.4,5.7,1.3,0.3,2.2,0.383,0.329,0.735,27.9,0.6057347670250897,8.8,2.8,1.9,1.1,0.2,1.4,0.435,0.41,0.882,24.8,0.5403225806451613,6.2,4.1,0.6,0.5,0.6,1.0,0.516,0.0,0.649,18.6,0.5913978494623655
2006-07,TOR,1610612761,1,First Round Exit,0.573,99.5,39.5,22.2,7.1,3.9,13.5,0.463,0.363,0.788,1.0,47.0,35.0,105.0,104.0,1.0,94.4,0.474,0.375,22.6,10.7,2.5,0.6,1.3,2.6,0.496,0.343,0.785,38.5,0.9116883116883115,12.4,3.9,2.1,1.0,0.2,1.0,0.477,0.441,0.83,33.4,0.5568862275449102,14.0,3.1,7.9,1.3,0.1,3.1,0.436,0.304,0.819,29.9,0.7792642140468228,8.5,4.9,1.9,1.2,0.2,1.0,0.42,0.342,0.731,28.5,0.5508771929824561,11.6,3.9,0.8,0.5,0.8,1.6,0.427,0.373,0.824,25.1,0.6374501992031872,9.6,2.0,1.5,0.9,0.1,1.2,0.425,0.35,0.871,23.8,0.542016806722689,8.9,3.3,0.7,0.6,0.2,0.7,0.429,0.359,0.683,21.3,0.6103286384976525,8.7,1.7,5.0,0.8,0.1,1.4,0.521,0.333,0.818,21.0,0.7095238095238096
2006-07,UTA,1610612762,3,Conference Finals,0.622,101.5,42.5,24.7,7.0,4.1,15.6,0.474,0.335,0.743,2.9,51.0,31.0,106.7,103.7,3.0,94.5,0.5259333333333333,0.75,16.2,3.3,9.3,1.0,0.2,3.1,0.456,0.322,0.767,36.9,0.7289972899728997,20.9,11.7,3.0,0.9,0.3,2.6,0.561,0.0,0.685,34.6,0.9884393063583812,17.6,7.2,2.0,0.5,0.5,1.6,0.462,0.384,0.765,33.3,0.7867867867867868,8.3,4.7,2.9,1.1,2.1,1.9,0.471,0.213,0.728,29.3,0.5870307167235496,10.1,1.8,3.3,1.0,0.1,1.5,0.382,0.308,0.853,27.9,0.5304659498207885,11.6,4.6,1.3,0.7,0.1,1.5,0.491,0.333,0.767,25.5,0.6588235294117647,7.8,2.1,1.0,0.5,0.1,1.0,0.462,0.426,0.816,19.5,0.5384615384615384,6.8,5.2,0.8,0.8,0.9,1.1,0.525,0.333,0.673,18.0,0.7444444444444446
2006-07,WAS,1610612764,1,First Round Exit,0.5,104.3,41.2,20.2,7.7,4.6,13.8,0.45,0.348,0.765,-0.5,41.0,41.0,106.7,107.2,-0.5,97.1,0.474,0.875,28.4,4.6,6.0,1.9,0.2,3.2,0.418,0.351,0.844,39.8,0.9522613065326634,19.1,7.4,3.7,2.1,0.3,2.9,0.463,0.25,0.863,39.3,0.7557251908396946,19.8,8.0,1.9,1.1,0.5,1.5,0.45,0.364,0.736,38.0,0.7842105263157895,11.2,2.6,2.7,0.8,0.2,1.5,0.461,0.404,0.704,29.5,0.5423728813559322,6.6,6.2,0.6,0.4,1.1,1.2,0.558,0.0,0.548,22.6,0.6061946902654868,7.1,1.9,3.6,0.5,0.1,0.9,0.442,0.302,0.832,22.0,0.5590909090909091,7.2,2.6,1.0,0.6,0.2,0.7,0.41,0.361,0.845,20.1,0.5422885572139303,6.1,5.8,0.4,0.3,1.4,1.1,0.574,0.0,0.558,19.2,0.671875
2007-08,ATL,1610612737,1,First Round Exit,0.451,98.2,42.2,22.0,7.3,5.5,14.9,0.454,0.356,0.772,-1.8,37.0,45.0,104.0,105.9,-1.9,93.6,0.4731333333333333,0.625,21.7,4.5,5.8,1.0,0.2,2.7,0.432,0.381,0.834,40.8,0.7475490196078433,17.2,8.2,3.4,1.5,2.8,3.0,0.457,0.253,0.71,35.5,0.8478873239436618,14.8,5.7,1.7,1.0,0.4,1.6,0.462,0.1,0.822,34.6,0.6358381502890172,13.9,3.3,6.0,1.1,0.1,2.5,0.411,0.375,0.78,32.8,0.6676829268292684,10.1,9.7,1.5,0.7,0.9,1.7,0.499,0.0,0.731,31.4,0.6751592356687897,11.8,4.9,1.5,0.9,0.6,1.3,0.571,0.367,0.807,29.9,0.6153846153846155,4.2,1.0,2.0,0.5,0.0,1.0,0.401,0.206,0.792,15.5,0.432258064516129,5.2,4.0,0.6,0.4,0.2,1.1,0.437,0.0,0.706,15.2,0.6118421052631579
2007-08,BOS,1610612738,5,Champion,0.805,100.5,42.0,22.4,8.5,4.6,15.2,0.475,0.381,0.771,10.3,66.0,16.0,107.6,96.7,11.0,93.1,0.4731333333333333,0.375,19.6,5.1,4.5,1.3,0.5,2.8,0.464,0.392,0.843,35.9,0.785515320334262,17.4,3.7,3.1,0.9,0.2,1.7,0.445,0.398,0.907,35.9,0.6573816155988857,18.8,9.2,3.4,1.4,1.3,1.9,0.539,0.0,0.801,32.8,0.9817073170731708,10.6,4.2,5.1,1.7,0.2,1.9,0.492,0.263,0.611,29.9,0.6655518394648829,7.4,4.4,1.5,1.0,0.3,0.9,0.418,0.38,0.809,24.6,0.556910569105691,6.9,6.1,1.1,0.4,1.5,1.6,0.615,0.0,0.623,24.5,0.5877551020408164,11.2,2.5,3.9,0.7,0.1,1.8,0.438,0.303,0.882,23.2,0.7155172413793103,7.5,2.1,1.9,0.8,0.1,1.0,0.409,0.393,0.917,19.0,0.6
2007-08,CHA,1610612766,0,Missed Playoffs,0.39,97.1,40.6,21.3,7.5,4.9,14.7,0.452,0.367,0.714,-4.4,32.0,50.0,102.1,106.7,-4.6,94.1,0.4731333333333333,0.625,21.8,5.4,3.1,1.4,0.7,2.0,0.441,0.406,0.752,38.4,0.7916666666666669,19.4,6.0,3.5,2.1,0.9,2.9,0.449,0.321,0.731,38.3,0.7571801566579635,14.4,3.0,7.4,1.2,0.2,2.7,0.413,0.28,0.8,37.6,0.6249999999999999,13.8,10.7,0.9,0.8,1.7,2.0,0.535,0.0,0.57,33.1,0.782477341389728,4.5,1.8,4.1,0.4,0.1,1.4,0.434,0.158,0.767,26.1,0.3639846743295018,9.0,2.8,0.9,0.6,0.2,0.7,0.428,0.436,0.804,25.2,0.507936507936508,7.8,6.0,0.9,0.5,0.7,1.2,0.515,0.0,0.583,20.1,0.7313432835820896,5.8,3.9,1.1,0.8,0.1,0.7,0.468,0.22,0.737,19.0,0.5789473684210527
2007-08,CHI,1610612741,0,Missed Playoffs,0.402,97.3,43.0,22.1,7.7,5.2,14.6,0.435,0.363,0.756,-3.1,33.0,49.0,101.0,104.2,-3.2,95.7,0.4731333333333333,0.75,17.0,6.3,2.5,0.9,0.5,1.9,0.479,0.364,0.77,33.8,0.7485207100591716,18.6,3.1,3.0,0.8,0.1,2.1,0.434,0.41,0.908,31.8,0.738993710691824,11.5,3.3,6.0,1.2,0.3,2.1,0.414,0.35,0.831,31.7,0.637223974763407,12.0,8.6,1.2,0.7,0.8,1.8,0.449,0.0,0.753,30.7,0.7003257328990228,12.2,3.4,2.7,1.5,0.3,1.7,0.381,0.345,0.798,29.7,0.6195286195286196,13.2,4.2,1.2,0.3,0.5,1.6,0.432,0.364,0.807,24.6,0.7235772357723576,5.8,1.8,4.0,0.7,0.0,1.1,0.387,0.348,0.813,22.6,0.495575221238938,6.7,3.7,1.9,0.9,0.4,1.3,0.428,0.33,0.721,20.8,0.5913461538461539
2007-08,CLE,1610612739,2,Second Round Exit,0.549,96.4,44.6,20.0,7.1,5.2,14.0,0.439,0.358,0.717,-0.4,45.0,37.0,103.2,103.6,-0.4,92.6,0.4731333333333333,0.625,30.0,7.9,7.2,1.8,1.1,3.4,0.484,0.315,0.712,40.4,1.103960396039604,4.8,8.4,1.5,1.2,1.6,0.9,0.392,0.0,0.426,30.6,0.542483660130719,14.1,9.3,1.4,0.5,1.6,1.8,0.474,0.0,0.802,30.4,0.825657894736842,10.4,2.3,2.5,0.8,0.2,1.3,0.432,0.44,0.81,30.4,0.4901315789473684,6.7,8.3,1.1,0.8,0.5,1.2,0.461,0.0,0.598,27.5,0.5890909090909092,8.3,3.2,3.8,1.0,0.5,1.9,0.413,0.356,0.736,25.1,0.5936254980079682,7.4,2.5,1.6,0.6,0.1,1.1,0.362,0.298,0.688,23.3,0.4763948497854077,11.5,2.9,1.4,0.3,0.2,1.0,0.431,0.413,0.851,23.2,0.6594827586206897
2007-08,DAL,1610612742,1,First Round Exit,0.622,100.4,43.0,21.0,6.0,4.9,12.6,0.464,0.352,0.814,4.5,51.0,31.0,108.6,103.7,4.9,92.2,0.5268,0.625,10.8,7.5,10.1,1.7,0.3,3.3,0.385,0.381,0.818,36.3,0.7465564738292011,19.9,7.0,2.2,0.8,0.4,1.5,0.455,0.319,0.813,36.3,0.7933884297520661,23.6,8.6,3.5,0.7,0.9,2.1,0.479,0.359,0.879,36.0,0.977777777777778,15.5,2.5,3.2,1.1,0.2,1.1,0.467,0.375,0.857,31.4,0.6815286624203821,10.7,2.3,2.5,0.5,0.2,1.5,0.405,0.326,0.892,24.4,0.6024590163934427,6.1,7.5,0.9,0.3,1.5,1.1,0.643,0.0,0.575,24.4,0.6229508196721312,6.3,2.6,1.4,0.5,0.4,0.9,0.413,0.291,0.687,22.0,0.4681818181818182,8.3,4.4,0.7,0.3,0.6,1.0,0.499,0.0,0.822,19.7,0.6751269035532995
2007-08,DEN,1610612743,1,First Round Exit,0.61,110.7,44.1,24.7,9.2,6.7,14.7,0.47,0.355,0.751,3.7,50.0,32.0,107.6,104.0,3.6,101.9,0.5268,1.0,26.4,3.0,7.1,2.0,0.1,3.0,0.458,0.345,0.809,41.8,0.8516746411483255,25.7,7.4,3.4,1.3,0.5,3.3,0.492,0.354,0.786,36.4,0.9615384615384616,9.1,13.1,3.3,1.1,3.6,1.5,0.45,0.3,0.708,34.9,0.8223495702005732,12.4,6.5,1.3,1.2,1.2,1.3,0.538,0.182,0.58,30.4,0.700657894736842,7.8,2.9,5.5,1.5,0.4,1.8,0.458,0.349,0.753,28.0,0.5821428571428571,11.1,4.2,1.2,0.6,0.2,1.1,0.472,0.339,0.77,23.9,0.6778242677824268,5.9,4.3,1.2,0.9,0.5,0.8,0.473,0.361,0.708,21.3,0.5633802816901408,12.3,2.1,1.7,0.8,0.2,1.5,0.461,0.403,0.719,19.2,0.8125000000000001
2007-08,DET,1610612765,3,Conference Finals,0.72,97.5,41.4,22.3,7.1,5.8,11.7,0.458,0.366,0.767,7.4,59.0,23.0,108.0,99.8,8.2,90.0,0.4731333333333333,0.75,17.3,3.3,4.2,1.0,0.1,1.8,0.484,0.44,0.833,33.7,0.71513353115727,13.2,4.9,3.3,0.5,0.4,1.1,0.448,0.363,0.768,32.9,0.6443768996960486,17.0,2.7,6.8,1.3,0.2,2.1,0.448,0.401,0.918,32.3,0.8018575851393189,12.7,6.6,1.8,1.2,1.7,1.1,0.432,0.356,0.767,30.5,0.7508196721311474,8.8,8.5,1.1,0.8,0.7,1.0,0.488,0.0,0.622,29.3,0.6450511945392492,7.9,5.3,0.6,0.3,1.1,0.9,0.538,0.0,0.633,21.6,0.662037037037037,7.6,2.3,2.8,0.9,0.1,1.4,0.401,0.188,0.814,19.0,0.6473684210526315,4.3,3.4,0.5,0.3,1.4,0.8,0.482,0.0,0.674,16.8,0.5416666666666666
2007-08,GSW,1610612744,0,Missed Playoffs,0.585,111.0,43.2,22.4,9.1,4.6,13.2,0.459,0.348,0.752,2.2,48.0,34.0,109.1,107.0,2.2,101.2,0.5268,1.0,20.1,4.4,4.1,1.3,0.4,2.7,0.405,0.363,0.832,39.1,0.7058823529411765,21.8,4.7,7.6,2.3,0.5,2.8,0.426,0.33,0.75,39.0,0.8743589743589744,20.2,5.0,3.9,1.5,0.3,2.1,0.531,0.231,0.767,37.9,0.7598944591029023,10.5,9.8,1.0,0.7,1.2,1.1,0.626,0.0,0.62,27.3,0.8095238095238094,13.6,5.4,1.6,0.9,0.2,1.1,0.434,0.375,0.774,27.0,0.7629629629629628,8.5,4.0,0.9,0.6,0.4,0.7,0.445,0.364,0.717,21.4,0.6401869158878506,7.2,3.7,0.7,1.0,0.7,0.7,0.439,0.361,0.673,19.9,0.6331658291457287,6.7,4.4,1.9,0.7,0.5,1.2,0.423,0.293,0.747,19.4,0.6701030927835053
2007-08,HOU,1610612745,1,First Round Exit,0.671,96.7,44.6,21.4,7.3,5.1,13.7,0.448,0.342,0.726,4.7,55.0,27.0,103.9,98.9,5.0,92.9,0.5268,0.625,22.0,10.8,2.3,0.5,2.0,3.3,0.507,0.0,0.85,37.2,0.922043010752688,21.6,5.1,5.9,1.0,0.5,2.4,0.419,0.292,0.684,37.0,0.8567567567567569,9.3,5.1,1.9,1.0,1.1,1.0,0.428,0.377,0.743,36.3,0.4793388429752067,13.1,3.5,5.3,1.3,0.2,2.2,0.394,0.351,0.715,34.1,0.6217008797653959,10.3,6.4,1.3,0.7,0.2,1.3,0.515,0.0,0.668,24.7,0.7125506072874495,5.5,2.3,3.0,0.9,0.5,1.4,0.333,0.235,0.565,19.9,0.5427135678391961,3.0,5.4,1.2,1.1,0.5,0.8,0.511,0.0,0.458,19.9,0.5226130653266331,7.7,2.5,1.9,0.6,0.1,0.8,0.403,0.358,0.79,19.3,0.621761658031088
2007-08,IND,1610612754,0,Missed Playoffs,0.439,104.0,43.1,22.7,7.6,5.0,15.1,0.444,0.374,0.768,-1.4,36.0,46.0,103.7,105.1,-1.4,99.9,0.4731333333333333,0.875,19.1,5.2,3.5,1.0,0.4,2.3,0.476,0.424,0.834,36.0,0.7472222222222222,19.6,6.1,2.1,1.2,1.1,2.1,0.446,0.404,0.852,35.9,0.7799442896935934,11.9,3.6,8.4,1.7,0.3,3.3,0.38,0.284,0.72,33.2,0.680722891566265,13.6,6.7,2.2,0.5,2.1,2.5,0.439,0.0,0.742,28.7,0.7874564459930314,12.2,7.2,2.2,0.7,0.4,1.3,0.455,0.398,0.797,28.1,0.7615658362989322,6.4,8.7,1.7,0.7,0.4,0.8,0.55,0.0,0.593,24.5,0.6979591836734693,8.3,2.4,1.3,0.6,0.3,0.9,0.401,0.389,0.714,21.2,0.5660377358490567,8.2,2.9,1.9,1.1,0.2,1.5,0.43,0.265,0.698,20.9,0.6124401913875598
2007-08,LAC,1610612746,0,Missed Playoffs,0.28,93.8,40.1,21.1,6.8,4.9,14.4,0.438,0.324,0.781,-7.3,23.0,59.0,98.8,106.5,-7.7,94.3,0.5268,0.625,15.7,12.7,1.9,0.6,2.8,2.9,0.483,0.0,0.762,37.2,0.8279569892473116,22.1,5.6,2.7,1.0,0.1,2.8,0.458,0.384,0.812,35.7,0.803921568627451,12.8,3.6,2.6,1.0,0.4,1.6,0.433,0.349,0.819,35.1,0.5356125356125356,17.6,8.0,2.0,0.4,1.9,2.1,0.456,0.0,0.787,34.2,0.8128654970760233,12.4,5.1,2.7,0.6,0.5,1.6,0.413,0.306,0.752,30.8,0.6396103896103895,12.7,4.5,1.2,0.6,0.5,1.6,0.429,0.331,0.743,27.3,0.6556776556776556,4.6,1.9,4.4,1.4,0.1,1.0,0.404,0.0,0.873,22.6,0.504424778761062,5.9,1.8,3.0,0.9,0.2,1.6,0.348,0.231,0.679,21.2,0.4811320754716981
2007-08,LAL,1610612747,4,Finals Loss,0.695,108.6,44.1,24.4,8.0,5.3,14.1,0.476,0.378,0.769,7.3,57.0,25.0,110.3,102.9,7.4,98.0,0.5268,0.75,28.3,6.3,5.4,1.8,0.5,3.1,0.459,0.361,0.84,38.9,1.0077120822622108,14.2,10.6,3.5,1.0,0.9,2.0,0.525,0.274,0.698,37.9,0.7440633245382585,18.9,8.4,3.2,0.5,1.5,1.9,0.534,0.25,0.807,35.6,0.8595505617977528,13.1,10.2,1.7,0.3,2.1,1.5,0.636,0.0,0.695,28.8,0.8993055555555555,11.7,2.1,2.9,1.0,0.0,1.1,0.436,0.406,0.883,27.4,0.6058394160583941,7.2,3.9,2.9,0.8,0.2,1.4,0.45,0.333,0.706,23.4,0.5811965811965812,8.4,3.3,1.9,0.7,0.2,1.1,0.453,0.406,0.8,22.8,0.587719298245614,9.1,2.2,2.7,0.9,0.1,1.3,0.461,0.371,0.679,20.6,0.6650485436893203
2007-08,MEM,1610612763,0,Missed Playoffs,0.268,100.7,41.6,19.2,6.1,4.7,15.3,0.454,0.349,0.723,-6.2,22.0,60.0,102.4,108.7,-6.3,97.7,0.5268,0.5,20.1,6.2,2.0,1.4,1.0,2.3,0.461,0.346,0.785,37.0,0.7675675675675675,16.4,6.7,3.4,0.5,0.2,2.6,0.502,0.432,0.774,35.3,0.696883852691218,9.4,2.6,4.2,0.8,0.0,1.7,0.428,0.33,0.732,26.1,0.5862068965517241,10.9,2.6,2.2,0.6,0.0,1.6,0.402,0.361,0.849,25.8,0.5697674418604651,9.6,3.0,3.6,1.1,0.3,1.5,0.432,0.257,0.698,25.5,0.6313725490196079,7.2,6.1,0.8,0.5,1.6,1.4,0.438,0.0,0.554,23.8,0.6218487394957984,11.4,4.7,0.7,0.5,0.4,1.1,0.502,0.271,0.704,23.4,0.7094017094017093,4.8,4.9,1.2,0.6,0.6,1.3,0.507,0.0,0.408,18.8,0.5744680851063828
2007-08,MIA,1610612748,0,Missed Playoffs,0.183,91.4,37.6,20.0,7.2,4.3,14.7,0.443,0.358,0.727,-8.6,15.0,67.0,98.1,107.4,-9.3,92.4,0.4731333333333333,0.5,24.6,4.2,6.9,1.7,0.7,4.4,0.469,0.286,0.758,38.3,0.8798955613577026,12.0,9.0,1.4,0.8,0.4,1.4,0.467,0.0,0.81,36.8,0.6032608695652174,15.4,10.2,2.2,2.0,1.3,1.4,0.508,0.333,0.707,36.7,0.8092643051771118,13.8,4.3,3.4,1.1,0.2,2.3,0.433,0.405,0.787,36.1,0.5678670360110804,8.8,1.9,4.6,1.2,0.1,1.4,0.384,0.353,0.863,28.2,0.5390070921985816,7.6,4.0,1.6,0.8,0.2,0.5,0.368,0.242,0.667,27.7,0.4945848375451263,7.9,5.0,1.4,0.7,0.9,0.7,0.488,0.364,0.826,25.1,0.6055776892430279,8.8,3.0,1.3,0.4,0.2,1.1,0.381,0.332,0.825,24.4,0.516393442622951
2007-08,MIL,1610612749,0,Missed Playoffs,0.317,97.0,41.7,21.5,6.6,4.4,14.8,0.449,0.344,0.733,-6.9,26.0,56.0,102.4,109.6,-7.3,93.9,0.4731333333333333,0.625,22.7,4.3,3.4,0.9,0.2,2.5,0.442,0.362,0.82,37.5,0.7733333333333332,17.2,3.5,6.3,1.2,0.2,2.8,0.48,0.385,0.856,36.5,0.7013698630136985,14.3,9.8,2.6,0.8,1.7,2.2,0.511,0.0,0.587,34.9,0.7736389684813755,9.7,4.3,2.1,0.7,0.5,1.4,0.482,0.0,0.659,28.8,0.5520833333333334,8.1,3.4,7.5,1.0,0.2,2.1,0.436,0.429,0.78,26.4,0.6856060606060606,8.6,5.2,0.8,0.5,0.8,1.4,0.421,0.286,0.841,24.9,0.5823293172690764,11.7,6.1,1.0,0.4,0.5,1.4,0.435,0.297,0.783,24.1,0.7593360995850621,7.6,2.5,3.1,0.8,0.0,1.1,0.381,0.341,0.805,23.9,0.5397489539748954
2007-08,MIN,1610612750,0,Missed Playoffs,0.268,95.6,41.4,19.9,7.5,3.7,14.5,0.451,0.35,0.736,-6.8,22.0,60.0,100.7,107.8,-7.1,94.7,0.5268,0.375,21.0,11.1,1.4,0.9,1.5,2.0,0.5,0.0,0.721,35.6,0.952247191011236,13.1,3.3,4.2,0.9,0.1,2.0,0.429,0.412,0.815,32.3,0.6068111455108359,9.3,2.3,5.9,1.0,0.2,1.9,0.401,0.281,0.743,32.2,0.5217391304347826,12.6,5.8,1.8,0.8,0.1,1.2,0.457,0.33,0.83,29.7,0.6700336700336701,8.3,3.0,4.1,1.3,0.4,1.7,0.43,0.362,0.742,29.2,0.5273972602739726,14.9,2.7,2.2,0.9,0.2,2.3,0.453,0.407,0.748,26.9,0.6914498141263941,5.8,3.7,1.4,1.0,0.3,1.1,0.374,0.194,0.8,22.8,0.4868421052631579,7.3,3.5,1.8,0.6,0.4,1.4,0.508,0.217,0.727,21.1,0.5781990521327014
2007-08,BKN,1610612751,0,Missed Playoffs,0.415,95.8,41.9,23.5,6.4,4.8,15.0,0.443,0.348,0.736,-5.1,34.0,48.0,101.4,106.7,-5.4,93.8,0.4731333333333333,0.625,22.6,4.2,3.1,0.9,0.3,2.4,0.466,0.362,0.798,39.0,0.735897435897436,21.3,6.0,5.1,1.2,0.4,2.4,0.456,0.359,0.816,38.9,0.8123393316195373,14.8,2.7,5.8,1.4,0.2,2.5,0.463,0.335,0.824,31.6,0.7088607594936708,8.2,7.3,0.8,0.5,0.9,1.0,0.548,0.0,0.456,25.3,0.6600790513833992,9.8,3.5,1.2,0.6,0.3,1.1,0.402,0.359,0.786,22.1,0.6470588235294118,6.6,4.4,0.6,0.2,0.4,0.9,0.41,0.0,0.754,18.0,0.6277777777777778,5.6,4.4,0.4,0.4,1.5,1.0,0.538,0.0,0.609,17.5,0.6457142857142858,2.9,5.0,0.5,0.3,1.1,0.7,0.522,0.0,0.543,16.4,0.554878048780488
2007-08,NOP,1610612740,2,Second Round Exit,0.683,100.9,41.8,21.8,7.8,3.9,11.9,0.466,0.389,0.769,5.3,56.0,26.0,109.0,103.3,5.7,91.9,0.5268,0.75,20.6,8.9,2.3,0.8,1.3,2.2,0.482,0.24,0.85,37.8,0.8386243386243387,21.1,4.0,11.6,2.7,0.1,2.5,0.488,0.369,0.851,37.6,0.9840425531914896,11.8,11.7,1.0,0.6,1.1,1.7,0.623,0.0,0.593,35.2,0.6960227272727273,16.4,4.3,1.2,0.7,0.1,0.8,0.44,0.441,0.929,35.2,0.6221590909090908,8.0,2.7,0.9,0.6,0.1,0.5,0.417,0.394,0.765,23.6,0.4999999999999999,9.1,4.5,1.3,1.0,0.4,1.4,0.443,0.24,0.643,21.4,0.6962616822429907,8.1,1.6,2.4,0.6,0.1,1.2,0.39,0.349,0.877,18.7,0.6203208556149733,4.9,2.0,0.7,0.3,0.4,0.2,0.35,0.331,0.839,17.2,0.4709302325581396
2007-08,NYK,1610612752,0,Missed Playoffs,0.28,96.9,42.5,18.7,6.4,2.6,14.5,0.439,0.337,0.727,-6.6,23.0,59.0,101.4,108.3,-6.9,94.6,0.4731333333333333,0.75,20.6,2.6,5.0,1.0,0.2,2.4,0.41,0.356,0.864,39.9,0.6766917293233083,13.9,2.5,4.7,0.9,0.1,2.0,0.419,0.378,0.716,33.5,0.6,17.6,10.3,2.0,0.9,0.2,2.7,0.459,0.275,0.772,32.5,0.8707692307692307,10.8,8.9,1.2,0.7,0.4,1.2,0.552,0.0,0.819,29.1,0.7147766323024055,8.1,4.8,1.8,0.7,0.2,1.1,0.359,0.322,0.682,28.3,0.5123674911660777,12.7,3.1,2.9,0.8,0.0,1.4,0.423,0.332,0.786,26.2,0.6908396946564886,13.2,4.7,0.5,0.2,0.5,2.1,0.546,0.0,0.623,25.9,0.6563706563706563,7.6,2.4,2.4,0.7,0.3,1.1,0.421,0.385,0.746,25.1,0.4900398406374502
2007-08,ORL,1610612753,2,Second Round Exit,0.634,104.5,42.0,20.8,6.3,4.1,14.3,0.474,0.386,0.721,5.5,52.0,30.0,109.0,103.3,5.7,95.3,0.4731333333333333,0.75,18.2,5.4,2.4,1.2,0.5,1.7,0.455,0.409,0.838,38.0,0.6842105263157895,20.7,14.2,1.3,0.9,2.1,3.2,0.599,0.0,0.59,37.7,0.9549071618037132,19.5,5.7,5.0,0.9,0.3,3.0,0.456,0.4,0.829,36.9,0.7696476964769647,10.9,3.5,5.6,0.9,0.1,2.0,0.469,0.416,0.828,28.4,0.6690140845070423,8.7,3.2,1.3,0.7,0.1,0.6,0.41,0.362,0.736,26.8,0.4999999999999999,8.9,2.9,1.1,0.6,0.1,0.5,0.481,0.388,0.711,22.9,0.5720524017467249,6.9,1.8,3.5,0.4,0.0,1.2,0.451,0.345,0.853,20.5,0.5560975609756098,8.1,1.4,1.8,0.5,0.1,0.8,0.468,0.338,0.845,18.5,0.6
2007-08,PHI,1610612755,1,First Round Exit,0.488,96.6,41.9,20.4,8.7,4.9,14.3,0.46,0.317,0.706,0.4,40.0,42.0,103.0,102.5,0.4,93.5,0.4731333333333333,0.75,19.9,5.4,4.8,2.1,0.6,2.6,0.456,0.329,0.721,39.5,0.7645569620253163,17.0,4.0,6.9,1.3,0.1,2.5,0.492,0.088,0.772,36.8,0.7282608695652175,10.5,10.4,0.5,0.5,2.3,1.9,0.513,0.0,0.707,33.2,0.6716867469879517,12.4,2.5,2.0,0.7,0.3,1.5,0.436,0.285,0.757,26.6,0.6165413533834586,11.5,2.1,3.2,1.0,0.2,1.6,0.424,0.359,0.783,23.3,0.7038626609442059,5.2,7.5,0.8,1.1,0.1,1.3,0.439,1.0,0.467,23.2,0.5775862068965517,8.2,4.2,0.8,1.0,0.1,0.9,0.539,0.316,0.738,21.0,0.638095238095238,5.8,2.1,0.5,0.6,0.3,0.5,0.403,0.317,0.679,14.8,0.5945945945945946
2007-08,PHX,1610612756,1,First Round Exit,0.671,110.1,41.5,26.7,6.5,6.3,14.4,0.5,0.393,0.783,5.0,55.0,27.0,111.2,106.1,5.1,98.5,0.5268,0.625,11.9,3.7,2.2,0.7,0.4,0.9,0.421,0.401,0.868,35.3,0.509915014164306,16.9,3.5,11.1,0.7,0.1,3.6,0.504,0.47,0.906,34.3,0.8367346938775512,25.2,9.1,1.5,0.8,2.1,2.2,0.59,0.161,0.805,33.9,1.0766961651917402,13.1,5.0,2.9,0.9,0.8,1.4,0.503,0.317,0.867,31.7,0.6719242902208202,15.6,2.8,2.6,0.9,0.2,1.4,0.462,0.389,0.822,29.5,0.7016949152542372,13.6,9.1,1.5,0.5,1.4,3.0,0.593,0.0,0.503,28.7,0.8048780487804877,8.8,4.6,3.9,0.7,0.5,1.9,0.477,0.317,0.744,28.1,0.5907473309608541,5.8,1.7,1.1,0.4,0.1,0.9,0.44,0.364,0.885,14.8,0.554054054054054
2007-08,POR,1610612757,0,Missed Playoffs,0.5,95.4,40.7,21.1,5.5,4.4,12.9,0.448,0.377,0.767,-1.0,41.0,41.0,104.1,105.2,-1.1,90.6,0.5268,0.75,19.1,4.7,5.8,1.1,0.2,1.8,0.454,0.34,0.753,37.7,0.7718832891246684,17.8,7.6,1.6,0.7,1.2,1.7,0.484,0.143,0.762,34.9,0.7793696275071633,8.5,2.4,5.1,0.7,0.0,1.4,0.408,0.406,0.766,29.9,0.5117056856187291,10.7,3.9,1.2,0.6,0.4,1.1,0.422,0.388,0.735,28.4,0.5528169014084506,9.9,2.9,3.8,0.7,0.0,2.2,0.431,0.342,0.867,27.2,0.5551470588235294,13.3,4.6,1.3,0.7,0.8,1.3,0.433,0.396,0.741,26.7,0.7265917602996255,4.8,8.4,0.4,0.2,1.2,1.2,0.576,0.0,0.68,23.6,0.5847457627118643,8.0,2.8,0.6,0.4,0.3,0.5,0.437,0.444,0.878,22.0,0.5272727272727273
2007-08,SAC,1610612758,0,Missed Playoffs,0.463,102.5,40.1,19.1,7.9,4.1,16.1,0.464,0.373,0.798,-2.3,38.0,44.0,104.5,106.8,-2.3,97.4,0.5268,0.625,20.5,5.8,3.5,2.3,0.7,2.6,0.453,0.38,0.719,38.1,0.7926509186351707,23.7,4.5,2.1,1.0,0.1,2.1,0.456,0.402,0.869,36.3,0.8071625344352618,13.4,9.5,3.7,1.0,1.0,2.3,0.463,0.311,0.848,34.9,0.7535816618911174,12.8,3.3,4.3,0.9,0.2,2.3,0.463,0.387,0.85,32.0,0.6,12.5,4.3,2.6,1.1,0.4,2.1,0.477,0.325,0.823,31.1,0.6045016077170418,8.5,6.0,1.0,0.4,0.6,1.3,0.577,0.0,0.736,29.1,0.5223367697594501,12.3,3.3,1.6,1.2,0.6,1.6,0.463,0.391,0.779,26.5,0.6566037735849057,5.6,2.0,3.8,0.8,0.1,1.2,0.437,0.452,0.814,22.2,0.5
2007-08,SAS,1610612759,3,Conference Finals,0.683,95.4,41.3,21.0,6.4,4.1,12.6,0.457,0.369,0.761,4.8,56.0,26.0,104.7,99.4,5.3,90.8,0.5268,0.75,19.3,11.3,2.8,0.7,1.9,2.3,0.497,0.0,0.73,34.0,0.9911764705882352,18.8,3.2,6.0,0.8,0.1,2.4,0.494,0.258,0.715,33.5,0.791044776119403,19.5,4.8,4.5,1.5,0.4,2.7,0.46,0.401,0.86,31.1,0.9003215434083601,6.0,2.9,1.1,0.7,0.3,0.6,0.407,0.419,0.652,30.2,0.3443708609271523,10.1,3.1,1.4,0.4,0.1,0.7,0.414,0.37,0.8,26.9,0.5353159851301116,6.3,7.2,1.0,0.8,0.8,0.7,0.492,0.0,0.663,22.6,0.6814159292035399,4.8,5.2,1.2,0.5,0.2,0.6,0.608,0.0,0.607,20.0,0.565,5.8,3.1,0.9,0.8,0.2,0.8,0.424,0.37,0.759,18.0,0.5555555555555556
2007-08,OKC,1610612760,0,Missed Playoffs,0.244,97.5,44.6,21.3,6.5,4.9,16.0,0.444,0.333,0.77,-8.8,20.0,62.0,97.6,106.4,-8.8,99.1,0.5268,0.75,20.3,4.4,2.4,1.0,0.9,2.9,0.43,0.288,0.873,34.6,0.7543352601156069,10.7,2.9,6.8,0.9,0.1,2.2,0.454,0.371,0.766,29.1,0.6597938144329897,9.8,9.4,1.4,0.6,0.8,1.5,0.502,0.0,0.737,28.5,0.7192982456140352,10.5,4.7,1.5,0.6,0.6,2.0,0.427,0.276,0.744,28.2,0.5638297872340426,13.4,7.0,1.2,0.7,0.6,1.7,0.524,0.0,0.645,28.0,0.7571428571428571,9.2,3.2,2.0,0.8,0.3,1.2,0.403,0.323,0.736,24.3,0.588477366255144,6.4,1.5,4.0,0.6,0.2,1.3,0.399,0.296,0.857,20.0,0.57,6.0,5.1,0.4,0.5,0.6,1.0,0.419,0.0,0.736,18.2,0.6373626373626373
2007-08,TOR,1610612761,1,First Round Exit,0.5,100.2,40.1,23.8,7.0,4.1,11.7,0.468,0.392,0.812,2.9,41.0,41.0,107.7,104.6,3.1,92.3,0.4731333333333333,0.75,22.3,8.7,2.6,0.9,1.0,2.3,0.494,0.4,0.844,36.2,0.9171270718232044,12.5,4.1,2.2,1.0,0.2,1.1,0.476,0.438,0.816,32.1,0.5887850467289719,11.2,2.9,8.3,1.1,0.1,1.5,0.519,0.429,0.908,30.3,0.7293729372937294,8.5,6.2,1.2,1.0,1.4,0.7,0.485,0.328,0.741,27.8,0.6330935251798561,10.2,3.7,1.1,0.3,0.5,1.1,0.386,0.345,0.84,23.9,0.6150627615062761,9.0,4.4,1.8,0.8,0.1,0.9,0.397,0.382,0.744,23.5,0.6468085106382979,12.1,2.0,6.1,1.1,0.0,2.0,0.469,0.294,0.88,23.5,0.8212765957446809,7.8,4.8,1.2,0.3,0.7,0.8,0.55,0.333,0.755,20.9,0.6698564593301435
2007-08,UTA,1610612762,2,Second Round Exit,0.659,106.2,40.9,26.4,8.7,4.3,14.6,0.497,0.372,0.759,6.9,54.0,28.0,110.8,103.6,7.2,95.7,0.5268,0.875,18.8,3.0,10.5,1.1,0.3,3.4,0.507,0.395,0.803,37.3,0.8123324396782842,21.1,10.4,2.9,1.2,0.5,2.6,0.547,0.0,0.738,34.9,0.9598853868194844,14.5,7.7,2.0,0.8,0.4,1.4,0.445,0.388,0.804,33.2,0.7228915662650601,11.0,4.7,4.0,1.2,1.5,1.9,0.506,0.379,0.77,30.8,0.6655844155844156,12.0,2.9,1.8,1.7,0.3,0.9,0.558,0.22,0.759,27.5,0.6472727272727273,9.9,2.3,1.3,0.6,0.4,1.0,0.443,0.375,0.915,23.1,0.5844155844155844,8.1,5.6,1.0,0.9,0.9,1.1,0.504,0.0,0.677,20.8,0.7403846153846154,8.2,3.2,1.1,0.6,0.2,1.3,0.5,0.2,0.712,18.1,0.6629834254143644
2007-08,WAS,1610612764,1,First Round Exit,0.524,98.8,41.6,19.6,7.7,4.8,13.2,0.446,0.356,0.782,-0.3,43.0,39.0,106.0,106.3,-0.4,92.2,0.4731333333333333,1.0,20.3,6.7,4.9,2.2,0.3,2.6,0.466,0.357,0.901,39.9,0.7969924812030075,21.4,10.2,1.5,1.3,0.4,1.4,0.436,0.339,0.76,38.7,0.8630490956072349,19.4,3.9,5.1,1.8,0.1,3.8,0.398,0.282,0.771,32.7,0.8103975535168195,11.2,2.9,3.1,0.8,0.2,1.2,0.386,0.383,0.797,31.3,0.5431309904153354,8.4,2.9,4.8,1.0,0.0,1.3,0.459,0.23,0.776,30.4,0.5197368421052632,10.6,7.2,0.9,0.4,1.7,1.4,0.528,0.0,0.735,27.8,0.6978417266187049,9.1,1.6,1.7,0.5,0.2,0.9,0.443,0.398,0.873,21.3,0.572769953051643,7.5,5.2,1.1,0.6,1.4,1.4,0.474,0.231,0.695,20.4,0.7058823529411764
2008-09,ATL,1610612737,2,Second Round Exit,0.573,98.1,40.0,20.2,7.4,4.6,12.8,0.458,0.366,0.737,1.6,47.0,35.0,106.6,104.9,1.7,91.9,0.5049333333333333,0.75,21.4,4.4,5.8,1.1,0.2,2.5,0.437,0.36,0.826,39.5,0.769620253164557,15.6,7.2,2.4,1.4,1.6,2.3,0.492,0.299,0.588,35.1,0.7378917378917378,14.9,3.5,5.0,1.2,0.1,1.6,0.435,0.39,0.789,34.7,0.6657060518731988,13.9,6.3,1.3,0.9,0.6,1.1,0.458,0.355,0.806,34.3,0.6384839650145773,11.5,9.3,2.4,0.8,1.4,1.5,0.525,0.0,0.727,33.5,0.7134328358208955,12.2,2.1,2.0,1.1,0.2,1.6,0.447,0.36,0.76,24.7,0.6477732793522266,7.2,3.0,0.7,0.6,0.1,0.5,0.432,0.395,0.822,23.0,0.4826086956521738,6.2,5.7,0.7,0.5,0.3,1.2,0.497,0.0,0.709,19.1,0.6387434554973822
2008-09,BOS,1610612738,2,Second Round Exit,0.756,100.9,42.1,22.7,7.6,4.7,15.6,0.486,0.397,0.765,7.5,62.0,20.0,108.1,100.0,8.0,92.4,0.5049333333333333,1.0,20.5,5.6,3.6,1.0,0.3,2.8,0.457,0.391,0.83,37.5,0.7520000000000001,18.2,3.5,2.8,0.9,0.2,1.7,0.48,0.409,0.952,36.4,0.6565934065934066,11.9,5.2,8.2,1.9,0.1,2.6,0.505,0.313,0.642,33.0,0.7484848484848484,15.8,8.5,2.5,1.1,1.2,1.6,0.531,0.25,0.841,31.1,0.8842443729903536,8.5,8.1,1.3,0.3,2.0,2.2,0.577,0.0,0.6,29.6,0.6081081081081082,7.0,4.0,0.9,0.7,0.3,0.9,0.442,0.4,0.73,21.5,0.5581395348837209,7.8,2.3,1.4,1.2,0.5,1.7,0.482,0.222,0.725,19.3,0.5958549222797928,8.5,1.9,1.1,0.8,0.1,0.7,0.445,0.444,0.792,18.3,0.639344262295082
2008-09,CHA,1610612766,0,Missed Playoffs,0.427,93.6,39.7,21.2,7.1,4.8,15.6,0.455,0.366,0.74,-1.3,35.0,47.0,101.6,103.0,-1.4,91.0,0.5049333333333333,0.375,14.2,3.8,6.7,1.5,0.4,2.8,0.408,0.285,0.805,37.6,0.6329787234042552,16.6,7.8,2.7,1.7,0.9,2.1,0.48,0.298,0.804,37.6,0.7340425531914893,11.9,3.6,2.1,0.7,0.1,1.3,0.437,0.421,0.853,34.6,0.4942196531791907,13.2,5.3,4.1,0.8,0.7,2.7,0.507,0.414,0.687,34.0,0.6294117647058824,13.2,10.1,0.6,0.6,1.7,1.8,0.561,0.0,0.593,32.8,0.7439024390243902,11.8,1.8,3.5,0.6,0.0,1.7,0.43,0.439,0.893,26.5,0.6037735849056605,6.9,2.8,1.0,0.6,0.2,1.3,0.421,0.401,0.741,18.5,0.5513513513513513,4.8,2.0,1.5,0.7,0.2,1.0,0.5,0.5,0.667,14.0,0.5857142857142856
2008-09,CHI,1610612741,1,First Round Exit,0.5,102.2,42.1,21.1,7.5,5.5,14.5,0.457,0.381,0.796,-0.3,41.0,41.0,105.1,105.4,-0.3,96.0,0.5049333333333333,0.625,18.3,4.2,3.2,1.1,0.3,2.1,0.472,0.417,0.83,37.5,0.6666666666666666,16.8,3.9,6.3,0.8,0.2,2.5,0.475,0.222,0.788,37.0,0.6891891891891891,20.7,3.5,3.4,0.9,0.3,2.4,0.455,0.41,0.864,36.6,0.721311475409836,14.1,6.0,1.9,1.2,0.5,1.5,0.448,0.4,0.796,34.0,0.6529411764705882,11.9,7.8,3.3,0.7,0.5,1.9,0.476,0.411,0.824,30.0,0.7433333333333334,10.8,6.4,1.0,1.2,1.9,1.6,0.451,0.333,0.783,27.5,0.7163636363636363,9.9,2.4,3.9,1.3,0.4,1.7,0.437,0.408,0.791,26.2,0.6183206106870229,6.7,7.6,1.3,0.6,1.4,1.0,0.556,0.0,0.676,24.2,0.6859504132231405
2008-09,CLE,1610612739,3,Conference Finals,0.805,100.3,42.2,20.3,7.2,5.3,12.7,0.468,0.393,0.757,8.9,66.0,16.0,109.7,99.9,9.8,91.0,0.5049333333333333,0.875,28.4,7.6,7.2,1.7,1.1,3.0,0.489,0.344,0.78,37.7,1.140583554376658,17.8,3.4,4.1,0.9,0.1,2.2,0.467,0.436,0.912,35.0,0.6885714285714285,11.7,3.2,3.5,1.5,0.2,1.4,0.457,0.399,0.833,33.6,0.556547619047619,8.6,7.2,1.0,0.9,0.8,1.0,0.536,0.0,0.616,28.5,0.6140350877192983,12.9,7.5,1.0,0.4,1.3,1.4,0.472,0.385,0.799,27.2,0.7977941176470588,7.8,2.1,1.8,0.6,0.2,0.8,0.391,0.382,0.767,23.9,0.4895397489539749,2.9,6.5,0.8,0.9,1.3,0.6,0.445,0.0,0.422,23.5,0.5021276595744681,7.0,3.1,1.1,0.4,0.1,0.7,0.45,0.411,0.849,20.6,0.5339805825242718
2008-09,DAL,1610612742,2,Second Round Exit,0.61,101.7,42.7,21.7,7.2,5.2,12.7,0.462,0.35,0.819,2.0,50.0,32.0,108.1,106.0,2.1,93.5,0.4952666666666667,1.0,25.9,8.4,2.4,0.8,0.8,1.9,0.479,0.359,0.89,37.7,0.96551724137931,9.0,6.2,8.7,2.0,0.5,2.3,0.416,0.406,0.819,35.6,0.6769662921348314,19.6,2.4,3.4,1.3,0.3,1.6,0.463,0.366,0.88,33.7,0.7537091988130563,18.0,5.1,1.6,1.1,0.6,1.7,0.451,0.345,0.782,32.0,0.7718750000000002,7.3,2.1,1.2,0.7,0.4,0.8,0.415,0.302,0.747,23.9,0.4560669456066945,5.7,7.1,1.0,0.3,1.2,0.9,0.65,0.0,0.638,22.9,0.62882096069869,7.8,2.2,3.4,0.5,0.1,1.3,0.442,0.357,0.753,20.3,0.6256157635467979,8.5,4.5,0.5,0.3,0.7,1.1,0.496,0.0,0.867,19.4,0.6907216494845362
2008-09,DEN,1610612743,3,Conference Finals,0.659,104.3,41.6,22.2,8.7,6.0,15.3,0.47,0.371,0.76,3.4,54.0,28.0,107.5,104.0,3.5,96.8,0.4952666666666667,0.75,17.7,3.0,6.4,1.2,0.2,2.2,0.418,0.408,0.913,35.3,0.7450424929178471,22.8,6.8,3.4,1.1,0.4,3.0,0.443,0.371,0.793,34.5,0.9130434782608696,14.6,7.8,1.4,1.2,1.3,1.9,0.604,0.2,0.723,32.6,0.7484662576687116,11.7,6.0,2.0,1.5,1.1,1.6,0.491,0.368,0.604,32.0,0.646875,15.2,3.7,2.8,1.0,0.2,1.9,0.446,0.397,0.754,27.7,0.7581227436823105,5.3,2.6,4.7,1.2,0.2,2.0,0.433,0.239,0.731,22.9,0.5240174672489083,9.9,4.0,0.8,0.4,0.2,1.0,0.447,0.326,0.725,22.2,0.6441441441441442,6.4,6.2,0.4,0.6,2.5,1.0,0.548,0.2,0.718,20.6,0.7330097087378641
2008-09,DET,1610612765,1,First Round Exit,0.476,94.2,41.4,20.6,6.0,4.6,11.9,0.454,0.349,0.751,-0.5,39.0,43.0,104.5,105.0,-0.5,89.2,0.5049333333333333,0.75,14.2,5.8,3.1,0.5,0.6,1.2,0.45,0.397,0.778,37.3,0.6166219839142093,17.5,3.0,5.0,1.5,0.1,2.6,0.417,0.283,0.781,36.7,0.667574931880109,18.3,3.1,4.4,0.6,0.1,2.0,0.447,0.368,0.848,34.0,0.7205882352941179,12.0,7.4,1.4,0.9,1.3,0.9,0.419,0.354,0.772,32.2,0.686335403726708,13.4,3.5,4.9,1.0,0.1,2.2,0.439,0.295,0.803,31.9,0.6489028213166145,9.6,9.8,1.3,0.7,0.8,0.8,0.51,0.0,0.698,30.1,0.7109634551495015,5.8,4.2,0.3,0.3,0.8,0.6,0.575,0.0,0.532,18.0,0.6000000000000001,4.2,5.0,0.6,0.4,0.4,0.9,0.533,0.0,0.516,17.2,0.563953488372093
2008-09,GSW,1610612744,0,Missed Playoffs,0.354,108.6,42.0,20.9,7.8,6.4,14.6,0.458,0.373,0.791,-3.7,29.0,53.0,106.6,110.3,-3.7,100.9,0.4952666666666667,0.625,20.7,5.1,6.5,1.5,0.5,3.9,0.414,0.338,0.826,39.6,0.7676767676767676,19.7,3.0,4.4,0.9,0.2,2.3,0.41,0.36,0.872,38.1,0.6797900262467191,19.0,4.3,3.7,1.6,0.3,2.7,0.451,0.308,0.83,35.7,0.7338935574229692,14.4,5.0,1.6,0.8,0.7,1.3,0.464,0.448,0.808,32.1,0.660436137071651,18.6,5.5,1.8,0.9,0.2,2.4,0.461,0.253,0.824,31.1,0.7909967845659164,11.9,11.2,2.0,1.0,1.5,1.8,0.578,0.0,0.551,30.0,0.86,9.5,2.5,2.7,1.2,0.1,1.2,0.457,0.4,0.87,24.5,0.6040816326530611,10.1,3.0,1.2,0.5,0.2,0.8,0.478,0.467,0.87,22.6,0.6283185840707963
2008-09,HOU,1610612745,2,Second Round Exit,0.646,98.4,43.0,20.3,6.7,4.3,14.1,0.453,0.375,0.805,4.0,53.0,29.0,105.4,101.1,4.3,92.8,0.4952666666666667,0.75,17.1,5.2,3.3,1.5,0.3,2.0,0.401,0.399,0.748,35.5,0.7154929577464789,7.3,4.8,2.3,0.8,0.9,0.8,0.41,0.384,0.821,33.9,0.4513274336283185,15.6,4.4,5.0,1.2,0.4,2.0,0.388,0.376,0.801,33.8,0.727810650887574,19.7,9.9,1.8,0.4,1.9,3.0,0.548,1.0,0.866,33.6,0.9136904761904764,12.7,8.8,1.5,0.8,0.1,1.5,0.531,0.0,0.76,30.3,0.7392739273927393,11.2,2.0,3.0,0.6,0.1,1.6,0.404,0.366,0.866,25.0,0.6120000000000001,7.6,2.5,3.6,0.9,0.2,1.5,0.435,0.255,0.801,21.8,0.610091743119266,9.2,5.0,0.6,0.4,0.4,1.0,0.574,0.333,0.813,21.3,0.6854460093896714
2008-09,IND,1610612754,0,Missed Playoffs,0.439,105.1,43.7,21.6,7.0,5.3,14.5,0.455,0.378,0.807,-1.1,36.0,46.0,105.4,106.5,-1.1,99.0,0.5049333333333333,0.625,25.8,5.1,2.7,1.0,1.4,2.5,0.447,0.404,0.878,36.2,0.925414364640884,14.3,11.8,2.4,0.8,0.5,1.6,0.475,0.45,0.826,34.0,0.8294117647058823,13.1,3.4,4.1,1.1,0.2,2.2,0.453,0.353,0.852,33.1,0.595166163141994,13.6,4.6,2.1,1.1,0.5,1.7,0.451,0.2,0.721,31.5,0.6412698412698413,14.9,3.5,5.3,1.2,0.2,2.4,0.452,0.337,0.872,30.5,0.7442622950819672,15.1,3.8,2.4,0.7,0.5,2.1,0.401,0.356,0.815,27.5,0.7418181818181816,6.1,6.9,1.8,0.7,0.7,1.2,0.501,0.286,0.658,24.7,0.6072874493927126,8.1,3.1,0.9,0.5,0.5,1.0,0.423,0.373,0.697,24.0,0.5041666666666667
2008-09,LAC,1610612746,0,Missed Playoffs,0.232,95.1,39.8,21.0,7.0,5.9,14.9,0.441,0.354,0.736,-8.8,19.0,63.0,99.5,108.7,-9.2,94.6,0.4952666666666667,0.375,16.8,5.2,1.5,0.8,0.9,1.8,0.446,0.253,0.754,37.4,0.6256684491978609,20.8,10.1,2.1,0.9,0.3,2.3,0.475,0.33,0.734,35.1,0.9088319088319088,14.9,3.7,7.7,1.7,0.5,3.0,0.37,0.302,0.757,34.6,0.7369942196531791,16.1,2.6,2.8,1.0,0.4,2.1,0.456,0.389,0.854,34.3,0.6064139941690962,13.7,2.6,1.1,1.4,0.2,1.6,0.432,0.343,0.722,33.1,0.525679758308157,10.3,11.1,2.0,0.8,2.1,1.5,0.512,0.25,0.725,31.1,0.797427652733119,12.0,8.0,1.5,0.5,1.5,2.7,0.528,0.0,0.68,29.7,0.7003367003367004,7.3,2.4,3.6,1.0,0.2,1.3,0.407,0.367,0.815,28.8,0.4583333333333332
2008-09,LAL,1610612747,5,Champion,0.793,106.9,43.9,23.3,8.8,5.1,13.5,0.474,0.361,0.77,7.7,65.0,17.0,109.8,101.9,7.9,96.9,0.4952666666666667,1.0,18.9,9.6,3.5,0.6,1.0,1.9,0.567,0.5,0.781,37.0,0.8567567567567569,26.8,5.2,4.9,1.5,0.5,2.6,0.467,0.351,0.856,36.1,1.005540166204986,9.9,2.3,3.2,1.2,0.1,0.9,0.424,0.397,0.846,29.8,0.5302013422818791,11.3,8.2,2.6,1.0,1.3,1.8,0.492,0.32,0.623,29.7,0.760942760942761,14.3,8.0,1.4,0.4,1.8,1.7,0.56,0.0,0.707,28.9,0.8373702422145329,8.9,4.3,1.8,1.7,0.3,1.1,0.46,0.319,0.71,24.4,0.6516393442622951,6.4,1.8,2.4,0.9,0.2,1.3,0.391,0.336,0.584,18.3,0.5683060109289617,5.0,2.8,2.7,0.5,0.2,1.1,0.436,0.298,0.719,17.9,0.5642458100558659
2008-09,MEM,1610612763,0,Missed Playoffs,0.293,93.9,38.8,17.4,7.5,4.7,15.3,0.454,0.36,0.756,-5.5,24.0,58.0,100.9,106.8,-5.9,92.5,0.4952666666666667,0.5,18.5,3.8,3.2,1.1,0.2,2.8,0.438,0.384,0.879,38.1,0.6299212598425197,18.9,5.5,1.7,1.2,0.7,2.6,0.453,0.351,0.767,37.3,0.680965147453083,11.9,7.4,1.7,0.8,1.1,2.0,0.53,0.0,0.733,30.7,0.6807817589576548,10.9,3.4,4.3,1.1,0.1,1.7,0.442,0.406,0.817,30.6,0.5915032679738563,11.6,5.0,0.8,0.6,0.5,1.2,0.491,0.217,0.711,24.7,0.7004048582995953,5.6,4.6,0.6,0.7,0.7,0.6,0.438,0.0,0.667,19.3,0.6010362694300517,3.9,1.9,0.7,0.5,0.2,0.5,0.382,0.375,0.81,17.1,0.391812865497076,5.5,4.3,0.6,0.4,0.8,0.8,0.515,0.0,0.562,17.0,0.6352941176470589
2008-09,MIA,1610612748,1,First Round Exit,0.524,98.3,39.5,20.4,7.9,5.5,12.5,0.457,0.357,0.754,0.3,43.0,39.0,105.1,104.9,0.3,92.2,0.5049333333333333,0.5,30.2,5.0,7.5,2.2,1.3,3.4,0.491,0.317,0.765,38.6,1.1088082901554406,10.6,8.2,1.1,0.6,0.3,1.1,0.518,0.0,0.753,34.1,0.5777126099706744,10.0,2.8,4.9,2.0,0.1,2.0,0.42,0.367,0.767,32.0,0.5562500000000001,13.3,6.4,1.8,0.4,2.0,2.1,0.474,0.0,0.788,29.8,0.7315436241610739,7.2,4.6,1.2,1.1,0.8,0.5,0.468,0.355,0.85,25.9,0.555984555984556,13.9,5.4,1.0,0.5,0.5,1.5,0.472,0.407,0.772,24.8,0.7983870967741935,9.1,2.5,0.9,0.5,0.1,0.6,0.375,0.387,0.875,24.4,0.5122950819672132,2.2,3.0,0.4,0.3,1.4,0.6,0.483,0.0,0.652,16.1,0.4161490683229814
2008-09,MIL,1610612749,0,Missed Playoffs,0.415,99.3,40.7,22.0,7.4,3.8,14.1,0.445,0.363,0.78,-1.1,34.0,48.0,103.8,104.9,-1.1,95.2,0.5049333333333333,0.625,21.2,3.2,2.7,1.1,0.1,1.6,0.455,0.366,0.814,36.4,0.7335164835164836,19.6,4.6,2.4,0.8,0.2,2.0,0.439,0.397,0.805,35.8,0.7150837988826817,11.7,10.3,2.0,0.6,1.0,2.4,0.577,0.0,0.571,31.2,0.7435897435897437,9.6,3.0,5.1,1.3,0.2,1.8,0.403,0.35,0.869,28.2,0.6170212765957447,12.4,3.4,5.7,1.1,0.1,1.9,0.445,0.176,0.794,27.5,0.7563636363636366,16.2,6.7,1.8,0.6,0.7,1.8,0.447,0.345,0.838,26.9,0.8996282527881041,7.2,5.9,1.1,1.1,0.5,1.2,0.462,0.0,0.729,25.8,0.5658914728682171,8.4,1.9,2.2,0.7,0.1,1.1,0.414,0.363,0.825,25.5,0.4784313725490196
2008-09,MIN,1610612750,0,Missed Playoffs,0.293,97.8,41.7,20.4,6.2,3.9,14.2,0.441,0.353,0.769,-4.9,24.0,58.0,102.6,107.7,-5.2,94.7,0.4952666666666667,0.75,23.1,11.0,1.6,0.8,1.7,1.8,0.497,0.0,0.738,36.7,0.9918256130790192,16.3,3.1,4.3,1.0,0.4,2.1,0.407,0.36,0.846,35.6,0.6460674157303371,9.9,6.6,4.5,0.4,0.4,2.0,0.482,0.378,0.732,32.3,0.6130030959752322,13.3,4.8,1.6,0.8,0.3,1.6,0.431,0.372,0.807,31.9,0.6018808777429469,9.8,1.7,4.6,1.0,0.2,1.9,0.383,0.346,0.819,27.9,0.5519713261648745,11.1,9.1,1.0,0.4,0.6,1.5,0.459,0.105,0.789,25.3,0.8181818181818181,6.2,3.3,1.7,1.0,0.2,0.9,0.411,0.417,0.737,20.5,0.5609756097560975,10.1,3.8,1.1,0.4,0.3,1.4,0.562,0.0,0.677,19.7,0.7258883248730964
2008-09,BKN,1610612751,0,Missed Playoffs,0.415,98.1,39.8,20.0,6.8,4.8,13.1,0.448,0.376,0.779,-2.4,34.0,48.0,105.4,108.0,-2.6,92.4,0.5049333333333333,0.375,20.8,5.1,4.7,1.0,0.5,2.1,0.437,0.385,0.817,36.8,0.8152173913043477,21.3,3.3,6.9,1.7,0.2,3.1,0.438,0.291,0.82,36.1,0.8393351800554018,13.0,8.1,1.0,0.5,1.8,1.8,0.531,0.0,0.793,30.5,0.740983606557377,9.7,2.0,3.5,0.9,0.1,1.4,0.436,0.421,0.825,26.9,0.550185873605948,8.7,3.6,0.7,0.7,0.1,0.7,0.445,0.385,0.692,24.8,0.5282258064516128,7.8,3.9,1.3,0.7,0.1,0.9,0.449,0.447,0.741,24.4,0.5286885245901639,8.6,5.3,1.0,0.5,0.6,1.1,0.382,0.343,0.772,23.3,0.6394849785407725,3.7,2.8,1.0,0.4,0.3,0.6,0.45,0.25,0.8,20.6,0.3689320388349515
2008-09,NOP,1610612740,1,First Round Exit,0.598,95.8,39.7,19.6,7.2,4.1,12.5,0.457,0.364,0.807,1.5,49.0,33.0,106.2,104.5,1.7,89.9,0.4952666666666667,0.875,21.0,8.5,2.3,0.6,0.9,2.1,0.472,0.24,0.884,39.2,0.7959183673469387,22.8,5.5,11.0,2.8,0.1,3.0,0.503,0.364,0.868,38.5,1.018181818181818,13.3,4.3,1.2,0.9,0.0,0.8,0.399,0.378,0.894,34.2,0.5526315789473684,8.8,8.7,0.5,0.3,1.2,1.6,0.565,0.0,0.579,32.1,0.557632398753894,11.2,3.3,0.9,0.6,0.7,0.7,0.433,0.39,0.782,31.9,0.5015673981191223,8.9,4.8,1.1,0.8,0.3,1.1,0.412,0.369,0.822,28.5,0.5192982456140351,4.8,2.8,0.4,0.4,0.6,1.1,0.561,0.0,0.633,15.6,0.5064102564102565,4.4,2.8,0.8,0.6,0.4,0.8,0.466,0.095,0.567,14.3,0.5734265734265733
2008-09,NYK,1610612752,0,Missed Playoffs,0.39,105.2,42.1,21.2,7.4,2.5,14.3,0.445,0.36,0.784,-2.6,32.0,50.0,105.3,107.9,-2.6,99.2,0.5049333333333333,0.625,11.1,3.1,7.2,0.9,0.1,2.8,0.421,0.391,0.856,36.8,0.532608695652174,20.1,6.2,1.4,1.2,0.3,2.2,0.439,0.364,0.793,34.9,0.7736389684813754,16.0,11.7,2.1,1.0,0.3,1.9,0.549,0.0,0.755,34.9,0.8366762177650431,14.4,5.4,2.1,0.9,0.9,1.7,0.432,0.328,0.795,33.4,0.6586826347305389,17.2,3.9,4.1,1.3,0.1,1.9,0.437,0.325,0.841,29.8,0.8288590604026845,11.6,2.9,2.2,1.3,0.3,1.3,0.402,0.389,0.807,26.9,0.6319702602230484,10.2,4.4,1.6,0.7,0.1,1.0,0.393,0.365,0.761,26.3,0.6083650190114068,5.3,4.1,1.4,0.8,0.6,1.2,0.44,0.083,0.611,23.4,0.4700854700854701
2008-09,OKC,1610612760,0,Missed Playoffs,0.28,97.0,42.6,20.3,7.4,4.5,16.2,0.447,0.346,0.786,-6.1,23.0,59.0,99.9,106.2,-6.3,96.4,0.4952666666666667,0.5,25.3,6.5,2.8,1.3,0.7,3.0,0.476,0.422,0.863,39.0,0.8615384615384616,16.5,6.7,2.0,1.0,0.4,2.2,0.446,0.389,0.788,36.8,0.6630434782608696,15.3,4.9,5.3,1.3,0.2,3.3,0.398,0.271,0.815,32.5,0.7292307692307693,7.5,4.0,1.2,0.4,0.8,1.4,0.435,0.0,0.541,27.3,0.4578754578754578,6.6,2.7,5.8,0.7,0.2,2.3,0.384,0.235,0.755,26.1,0.524904214559387,8.2,6.9,0.9,0.7,0.7,1.0,0.568,0.0,0.721,25.8,0.6356589147286821,9.7,5.5,0.6,0.5,1.1,1.0,0.469,0.0,0.797,24.8,0.6612903225806451,5.9,3.7,1.7,1.1,0.7,1.0,0.426,0.276,0.836,22.0,0.5499999999999999
2008-09,ORL,1610612753,4,Finals Loss,0.72,101.0,43.3,19.4,7.0,5.4,13.9,0.457,0.381,0.715,6.7,59.0,23.0,107.2,100.1,7.1,94.0,0.5049333333333333,0.5,16.8,5.3,4.9,0.8,0.2,2.6,0.413,0.356,0.807,36.6,0.6939890710382512,17.7,5.7,2.6,1.0,0.6,2.0,0.439,0.397,0.836,36.2,0.7071823204419889,20.6,13.8,1.4,1.0,2.9,3.0,0.572,0.0,0.594,35.7,1.0280112044817926,11.7,2.9,5.3,1.4,0.1,1.8,0.385,0.338,0.75,31.8,0.6163522012578616,16.7,3.5,5.4,1.2,0.1,2.0,0.503,0.453,0.887,31.2,0.7980769230769231,8.4,2.3,1.2,1.0,0.2,0.9,0.45,0.404,0.83,25.2,0.484126984126984,9.4,3.3,1.2,0.6,0.4,1.0,0.413,0.359,0.709,24.6,0.565040650406504,5.3,1.8,2.5,0.6,0.1,1.0,0.404,0.391,0.753,18.5,0.5027027027027027
2008-09,PHI,1610612755,1,First Round Exit,0.5,97.4,41.2,20.1,8.0,5.1,14.1,0.459,0.318,0.745,0.1,41.0,41.0,104.7,104.7,0.1,92.6,0.5049333333333333,0.75,18.8,5.7,5.3,1.6,0.4,2.7,0.473,0.307,0.724,39.9,0.7293233082706767,16.3,4.5,6.5,1.3,0.2,2.4,0.473,0.283,0.826,36.3,0.7272727272727274,15.3,5.0,1.1,1.3,0.3,1.6,0.495,0.341,0.735,34.4,0.6220930232558141,13.8,8.8,1.3,0.6,1.6,2.3,0.447,0.0,0.676,31.7,0.7507886435331231,6.4,8.5,0.2,0.4,1.8,1.4,0.498,0.0,0.734,24.8,0.6411290322580645,12.8,2.0,3.0,1.0,0.2,1.9,0.398,0.286,0.79,23.7,0.7215189873417722,8.5,1.6,2.0,0.7,0.2,0.8,0.435,0.317,0.729,22.6,0.5398230088495574,7.7,3.7,0.4,0.3,0.7,0.6,0.502,0.25,0.773,16.0,0.7625000000000001
2008-09,PHX,1610612756,0,Missed Playoffs,0.561,109.4,41.7,23.2,7.2,5.1,15.7,0.504,0.383,0.744,1.9,46.0,36.0,111.2,109.2,2.0,98.1,0.4952666666666667,0.625,21.4,8.1,2.0,0.9,1.1,2.8,0.539,0.429,0.835,36.8,0.8342391304347827,15.7,3.0,9.7,0.7,0.1,3.4,0.503,0.439,0.933,33.6,0.7678571428571428,16.8,4.4,2.0,1.1,0.4,1.3,0.477,0.397,0.769,33.5,0.6985074626865673,17.8,8.4,1.7,0.7,1.4,2.2,0.609,0.0,0.595,30.0,0.9266666666666666,12.0,4.9,2.3,1.1,0.7,1.5,0.523,0.316,0.808,29.8,0.6543624161073825,10.2,5.5,2.8,0.7,0.3,1.7,0.423,0.343,0.743,27.0,0.6592592592592593,14.2,2.6,2.3,1.2,0.1,1.3,0.482,0.375,0.881,24.4,0.7827868852459018,5.5,3.0,0.8,0.8,0.1,0.6,0.477,0.392,0.676,17.0,0.5647058823529413
2008-09,POR,1610612757,1,First Round Exit,0.659,99.4,41.7,20.3,6.7,4.9,12.9,0.465,0.383,0.765,5.3,54.0,28.0,110.7,104.8,5.9,89.1,0.4952666666666667,0.625,22.6,4.7,5.1,1.1,0.3,1.9,0.48,0.377,0.824,37.2,0.85752688172043,18.1,7.5,1.9,1.0,1.0,1.5,0.484,0.25,0.781,37.1,0.7547169811320754,11.0,2.5,5.0,1.0,0.1,1.6,0.428,0.427,0.84,31.7,0.5678233438485805,12.8,4.1,1.0,0.6,0.7,1.2,0.453,0.377,0.723,27.7,0.6498194945848376,10.4,2.7,2.0,0.9,0.2,1.1,0.425,0.399,0.839,25.6,0.58984375,5.5,8.7,0.3,0.4,1.2,1.0,0.625,0.0,0.663,23.8,0.6344537815126051,8.9,7.0,0.5,0.4,1.1,1.4,0.564,0.0,0.637,21.5,0.7674418604651163,5.4,2.8,0.9,0.6,0.5,0.6,0.446,0.369,0.808,18.4,0.5217391304347826
2008-09,SAC,1610612758,0,Missed Playoffs,0.207,100.6,39.1,19.7,6.9,4.3,15.4,0.447,0.368,0.798,-8.8,17.0,65.0,102.6,111.5,-8.9,96.9,0.4952666666666667,0.5,24.6,3.6,2.7,1.2,0.2,2.9,0.42,0.415,0.867,38.2,0.7696335078534032,11.0,3.0,4.7,1.1,0.2,2.2,0.461,0.31,0.82,31.1,0.5723472668810289,12.7,3.4,2.3,1.2,1.0,1.7,0.444,0.398,0.82,30.4,0.6217105263157895,11.4,7.1,1.9,0.6,1.2,2.1,0.466,0.348,0.662,29.3,0.6860068259385664,11.1,7.4,1.1,0.6,0.7,1.8,0.497,0.0,0.692,28.1,0.6797153024911032,11.4,4.8,1.3,0.5,0.4,1.5,0.427,0.399,0.792,26.2,0.6450381679389312,7.5,2.8,2.0,0.9,0.1,0.9,0.398,0.305,0.851,20.9,0.5933014354066987,9.6,1.9,1.2,0.8,0.2,1.1,0.393,0.333,0.759,19.0,0.6631578947368421
2008-09,SAS,1610612759,1,First Round Exit,0.659,97.0,41.0,21.2,5.8,4.0,11.7,0.466,0.386,0.761,3.8,54.0,28.0,106.2,102.1,4.1,90.3,0.4952666666666667,0.75,22.0,3.1,6.9,0.9,0.1,2.6,0.506,0.292,0.782,34.1,0.8914956011730204,19.3,10.7,3.5,0.5,1.7,2.2,0.504,0.0,0.692,33.7,0.9940652818991096,11.8,3.1,2.1,0.5,0.1,1.2,0.425,0.421,0.89,30.4,0.5394736842105264,9.7,3.3,1.4,0.5,0.2,0.8,0.437,0.411,0.823,28.8,0.4965277777777777,15.5,4.5,3.6,1.5,0.4,2.0,0.454,0.33,0.884,26.8,0.876865671641791,11.9,7.1,0.9,0.6,0.4,1.5,0.468,0.0,0.84,24.8,0.782258064516129,8.2,4.8,1.0,0.6,0.3,0.5,0.496,0.44,0.739,23.8,0.6050420168067226,2.7,1.8,0.5,0.5,0.2,0.3,0.422,0.429,0.538,18.8,0.2872340425531915
2008-09,TOR,1610612761,0,Missed Playoffs,0.402,99.0,40.4,22.4,6.4,4.8,13.4,0.458,0.372,0.824,-2.8,33.0,49.0,104.3,107.2,-3.0,94.4,0.5049333333333333,0.75,22.7,10.0,2.5,0.9,1.0,2.3,0.487,0.245,0.817,38.0,0.9157894736842106,12.9,8.5,2.0,1.3,1.0,1.5,0.485,0.189,0.796,35.8,0.6759776536312849,12.8,2.9,8.9,1.1,0.1,2.1,0.497,0.406,0.981,34.3,0.6909620991253645,10.7,4.0,3.4,1.3,0.2,1.4,0.426,0.39,0.834,33.0,0.5515151515151515,15.4,5.3,1.2,0.4,1.2,1.7,0.45,0.409,0.831,31.5,0.6920634920634919,8.2,2.0,1.3,0.3,0.0,0.9,0.432,0.428,0.81,22.9,0.4759825327510917,7.7,3.7,0.6,0.4,0.2,0.9,0.481,0.188,0.825,19.8,0.5909090909090908,5.0,5.1,0.3,0.4,0.2,0.9,0.379,0.0,0.688,12.8,0.7890624999999999
2008-09,UTA,1610612762,1,First Round Exit,0.585,103.6,41.0,24.7,8.8,4.6,14.8,0.475,0.349,0.771,2.6,48.0,34.0,107.1,104.4,2.7,95.7,0.4952666666666667,1.0,19.4,2.9,10.7,1.1,0.3,3.4,0.471,0.31,0.849,36.8,0.8423913043478262,17.0,7.7,1.7,0.8,0.7,1.8,0.485,0.446,0.817,33.5,0.7791044776119402,16.2,10.4,2.1,1.1,0.2,2.1,0.49,0.0,0.698,32.3,0.8637770897832818,13.7,3.7,2.2,1.7,0.4,1.4,0.508,0.259,0.702,32.2,0.6304347826086955,13.5,8.6,1.8,1.0,1.0,1.7,0.534,0.0,0.699,30.1,0.8039867109634552,11.6,4.8,2.6,1.2,1.1,1.8,0.449,0.274,0.785,27.3,0.7142857142857143,9.0,3.3,1.8,0.6,0.4,1.2,0.438,0.386,0.882,24.0,0.5791666666666667,9.1,2.3,1.5,0.6,0.2,0.9,0.459,0.352,0.876,22.5,0.5688888888888888
2008-09,WAS,1610612764,0,Missed Playoffs,0.232,96.1,40.1,20.0,7.5,4.5,14.0,0.45,0.33,0.767,-7.5,19.0,63.0,102.3,110.2,-7.9,93.8,0.5049333333333333,0.875,20.8,6.2,4.3,1.6,0.3,3.1,0.453,0.31,0.858,38.6,0.7797927461139894,22.2,8.9,1.9,1.2,0.3,1.5,0.468,0.351,0.754,38.2,0.8638743455497382,13.0,4.5,10.0,0.0,0.5,0.5,0.261,0.286,0.75,31.3,0.8785942492012779,9.7,7.3,1.3,0.7,2.5,1.5,0.48,0.0,0.476,29.2,0.684931506849315,6.6,2.4,3.1,0.7,0.1,1.0,0.312,0.271,0.533,27.7,0.4296028880866425,8.7,2.2,3.3,0.7,0.1,1.5,0.383,0.375,0.829,27.0,0.4999999999999999,4.5,5.4,2.5,0.8,0.9,1.2,0.432,0.5,0.725,26.2,0.4923664122137405,10.0,5.3,1.7,0.7,1.0,1.6,0.471,0.238,0.704,24.0,0.7124999999999999
2009-10,ATL,1610612737,2,Second Round Exit,0.646,101.7,41.7,21.8,7.2,5.0,12.0,0.468,0.36,0.759,4.7,53.0,29.0,108.9,103.9,5.0,92.5,0.4829333333333333,0.875,21.3,4.6,4.9,1.1,0.1,1.9,0.458,0.369,0.818,38.0,0.7921052631578948,15.7,8.7,4.2,1.6,2.1,2.4,0.505,0.0,0.618,35.4,0.844632768361582,14.2,9.9,2.3,0.7,1.1,1.5,0.551,1.0,0.789,35.1,0.7606837606837608,18.0,2.5,3.0,0.8,0.2,1.7,0.449,0.382,0.857,31.1,0.7331189710610932,10.1,5.1,1.1,0.8,0.6,0.9,0.455,0.303,0.819,30.5,0.5508196721311477,9.1,2.3,3.9,0.8,0.0,1.1,0.416,0.389,0.861,27.4,0.5474452554744526,5.7,1.9,0.6,0.4,0.2,0.3,0.445,0.337,0.754,16.7,0.5089820359281436,4.3,3.8,0.5,0.5,0.4,0.7,0.488,0.0,0.65,14.0,0.6285714285714287
2009-10,BOS,1610612738,4,Finals Loss,0.61,99.2,38.6,23.5,8.5,4.9,14.9,0.483,0.348,0.746,3.7,50.0,32.0,105.4,101.5,3.9,93.6,0.4829333333333333,0.625,13.7,4.4,9.8,2.3,0.1,3.0,0.508,0.213,0.621,36.6,0.7459016393442623,16.3,3.2,2.6,0.8,0.3,1.6,0.477,0.363,0.913,35.2,0.6136363636363636,18.3,4.4,3.1,1.2,0.4,2.3,0.472,0.414,0.852,34.0,0.7382352941176471,14.3,7.3,2.7,1.0,0.8,1.5,0.521,0.2,0.837,29.9,0.8227424749163881,10.1,7.6,1.0,0.3,1.7,2.1,0.602,0.0,0.582,27.6,0.6739130434782608,9.0,4.1,1.0,1.0,0.9,0.8,0.409,0.283,0.768,22.5,0.6755555555555556,7.0,4.0,2.0,0.0,0.0,1.0,0.5,0.5,0.0,21.5,0.5581395348837209,10.1,2.0,2.9,0.9,0.1,1.3,0.436,0.39,0.746,19.9,0.7386934673366834
2009-10,CHA,1610612766,1,First Round Exit,0.537,95.3,40.8,20.2,7.7,5.4,15.7,0.453,0.346,0.751,1.5,44.0,38.0,101.5,99.9,1.6,92.9,0.4829333333333333,0.5,18.2,10.0,2.1,1.5,1.1,2.3,0.484,0.371,0.776,41.0,0.7463414634146341,20.6,5.0,3.7,1.6,0.5,3.2,0.423,0.328,0.779,38.6,0.7305699481865285,11.3,5.2,4.0,0.7,0.7,2.2,0.483,0.32,0.769,35.4,0.556497175141243,12.1,3.6,5.6,1.5,0.3,2.1,0.459,0.385,0.763,33.0,0.6363636363636362,9.1,3.2,3.0,1.2,0.3,1.7,0.355,0.309,0.832,24.8,0.6088709677419355,6.5,6.3,0.3,0.3,1.1,1.8,0.574,0.0,0.732,22.8,0.5570175438596492,9.4,6.2,1.0,1.2,1.6,1.7,0.462,0.0,0.686,22.6,0.7831858407079647,6.4,1.2,2.4,0.6,0.1,0.9,0.386,0.393,0.779,18.4,0.532608695652174
2009-10,CHI,1610612741,1,First Round Exit,0.5,97.5,44.5,20.8,6.5,5.8,14.3,0.451,0.33,0.754,-1.6,41.0,41.0,100.8,102.5,-1.7,95.6,0.4829333333333333,0.625,17.6,7.3,2.0,0.9,0.9,1.9,0.466,0.386,0.764,37.9,0.7071240105540898,20.8,3.8,6.0,0.7,0.3,2.8,0.489,0.267,0.766,36.8,0.782608695652174,10.9,3.5,4.5,1.1,0.3,1.5,0.409,0.371,0.752,33.5,0.5611940298507463,10.7,11.0,2.1,0.5,1.6,1.8,0.504,0.0,0.744,30.1,0.8006644518272426,9.0,7.5,0.9,0.6,1.3,1.4,0.494,0.0,0.646,26.9,0.6654275092936804,8.8,4.9,1.9,0.5,0.4,1.3,0.43,0.28,0.827,23.8,0.6386554621848739,9.9,2.4,1.8,0.6,0.2,1.2,0.392,0.312,0.727,22.3,0.6143497757847534,8.0,2.5,1.3,0.7,0.1,1.2,0.377,0.354,0.802,21.2,0.5377358490566038
2009-10,CLE,1610612739,2,Second Round Exit,0.744,102.1,42.5,22.4,6.9,5.2,13.9,0.485,0.381,0.72,6.5,61.0,21.0,108.8,101.8,7.0,93.4,0.4829333333333333,0.625,29.7,7.3,8.6,1.6,1.0,3.4,0.503,0.333,0.767,39.0,1.1487179487179489,18.7,8.4,1.3,1.1,0.3,1.4,0.461,0.344,0.647,36.5,0.778082191780822,15.8,3.0,5.3,1.0,0.3,2.5,0.442,0.429,0.894,34.2,0.6695906432748538,8.6,7.6,1.1,0.9,0.9,0.9,0.572,0.2,0.663,28.5,0.6385964912280702,7.3,2.9,1.9,0.8,0.2,0.9,0.434,0.414,0.789,28.3,0.431095406360424,8.8,2.8,3.3,0.9,0.5,1.5,0.445,0.325,0.81,25.0,0.5920000000000002,12.0,6.7,1.5,0.3,1.2,2.0,0.566,0.0,0.496,23.4,0.8418803418803419,8.5,4.9,0.5,0.4,0.5,1.1,0.554,0.0,0.681,20.9,0.6555023923444977
2009-10,DAL,1610612742,1,First Round Exit,0.671,102.0,41.7,23.4,7.6,5.5,12.9,0.464,0.372,0.816,2.7,55.0,27.0,107.1,104.3,2.9,94.3,0.5171333333333333,0.625,16.3,6.2,2.1,1.6,0.3,2.2,0.428,0.29,0.838,37.6,0.646276595744681,25.0,7.7,2.7,0.9,1.0,1.8,0.481,0.421,0.915,37.5,0.9466666666666668,10.3,5.6,9.1,1.8,0.4,2.4,0.423,0.425,0.808,36.0,0.6888888888888889,16.6,1.8,3.8,1.2,0.2,1.4,0.438,0.365,0.866,33.0,0.6727272727272728,12.0,6.4,1.4,0.9,0.8,1.3,0.508,0.158,0.755,31.8,0.6352201257861634,9.1,9.3,0.6,0.3,2.1,1.3,0.562,0.0,0.62,30.6,0.6568627450980392,6.0,7.3,0.6,0.3,1.4,1.1,0.624,0.333,0.604,23.3,0.6223175965665236,7.6,1.9,3.3,0.4,0.1,1.3,0.44,0.357,0.844,19.8,0.6060606060606061
2009-10,DEN,1610612743,1,First Round Exit,0.646,106.5,41.4,21.0,8.3,5.1,13.9,0.468,0.359,0.772,4.1,53.0,29.0,108.7,104.6,4.2,97.4,0.5171333333333333,0.75,28.2,6.6,3.2,1.3,0.4,3.0,0.458,0.316,0.83,38.2,0.9607329842931936,11.5,9.4,1.9,1.2,1.1,1.6,0.456,0.276,0.557,34.2,0.6871345029239765,19.5,3.1,5.6,1.1,0.1,2.4,0.418,0.386,0.91,34.1,0.7917888563049855,13.8,7.6,2.5,1.4,1.0,1.5,0.587,0.0,0.704,33.6,0.738095238095238,15.4,3.1,2.4,1.3,0.3,1.9,0.414,0.338,0.706,27.8,0.7410071942446044,8.8,3.1,1.7,0.6,0.4,0.9,0.465,0.434,0.735,27.1,0.5055350553505534,5.9,6.4,0.4,0.6,1.9,0.8,0.566,0.0,0.695,22.3,0.6457399103139013,8.3,1.9,3.1,0.7,0.0,1.3,0.515,0.41,0.757,20.3,0.6256157635467979
2009-10,DET,1610612765,0,Missed Playoffs,0.329,94.0,40.2,19.4,7.3,3.8,13.4,0.445,0.314,0.728,-5.1,27.0,55.0,102.4,108.0,-5.6,91.3,0.4829333333333333,0.5,16.6,3.8,4.8,1.4,0.2,2.2,0.405,0.228,0.833,34.2,0.7192982456140351,13.5,5.1,3.3,0.7,0.4,1.2,0.486,0.37,0.714,34.0,0.6411764705882353,18.1,2.7,4.4,0.7,0.1,2.5,0.409,0.297,0.846,33.7,0.6973293768545995,5.5,8.7,1.5,1.2,1.2,0.9,0.541,0.0,0.406,28.6,0.6013986013986014,9.3,6.0,0.7,1.0,0.4,1.0,0.481,0.313,0.71,27.9,0.5878136200716846,13.8,1.9,2.7,0.8,0.1,1.9,0.416,0.321,0.861,27.9,0.6236559139784948,10.0,2.3,4.5,0.9,0.1,1.8,0.444,0.218,0.798,26.5,0.6037735849056604,11.9,4.7,0.7,0.6,0.7,0.9,0.439,0.351,0.815,23.7,0.7468354430379748
2009-10,GSW,1610612744,0,Missed Playoffs,0.317,108.8,38.4,22.4,9.3,4.1,14.7,0.469,0.375,0.782,-3.6,26.0,56.0,105.4,108.9,-3.5,102.9,0.5171333333333333,0.5,25.5,4.0,5.3,2.2,0.4,3.8,0.449,0.338,0.753,41.4,0.8115942028985508,17.5,4.5,5.9,1.9,0.2,3.0,0.462,0.437,0.885,36.2,0.7458563535911601,15.2,4.6,2.8,1.0,0.3,1.2,0.495,0.359,0.839,32.6,0.696319018404908,11.7,7.0,1.9,0.7,0.7,1.0,0.43,0.329,0.769,31.0,0.6774193548387095,11.8,3.8,2.2,0.7,0.3,0.8,0.459,0.444,1.0,30.1,0.5980066445182723,19.8,5.3,2.5,0.7,0.1,2.4,0.516,0.26,0.835,29.7,0.8754208754208755,13.0,3.8,1.5,0.9,0.2,1.2,0.468,0.456,0.886,29.2,0.6232876712328766,10.3,2.6,2.8,1.6,0.1,1.1,0.468,0.31,0.771,27.5,0.5927272727272728
2009-10,HOU,1610612745,0,Missed Playoffs,0.512,102.4,42.0,21.8,7.1,3.9,14.5,0.447,0.351,0.772,-0.4,42.0,40.0,104.5,104.9,-0.4,96.8,0.5171333333333333,0.625,14.9,5.6,3.8,1.8,0.6,2.2,0.394,0.334,0.649,36.5,0.6712328767123289,19.6,2.6,5.3,0.8,0.2,2.8,0.432,0.398,0.822,35.6,0.7219101123595506,20.6,3.6,2.4,1.0,0.1,2.0,0.417,0.333,0.876,35.5,0.723943661971831,16.2,8.6,2.1,0.8,0.3,2.0,0.514,0.2,0.779,32.6,0.7975460122699386,8.0,4.7,2.4,0.8,1.1,1.0,0.398,0.362,0.726,32.4,0.4938271604938272,5.3,4.1,1.4,0.9,1.0,1.1,0.439,0.296,0.625,25.6,0.4531249999999999,9.1,3.6,4.5,0.9,0.1,1.7,0.397,0.272,0.827,24.3,0.6790123456790124,4.4,5.7,1.7,0.9,0.5,0.9,0.489,0.0,0.545,21.6,0.5694444444444444
2009-10,IND,1610612754,0,Missed Playoffs,0.39,100.8,41.5,21.1,7.1,5.4,15.0,0.443,0.348,0.775,-3.0,32.0,50.0,101.3,104.3,-3.0,99.4,0.4829333333333333,0.75,24.1,5.5,2.8,1.5,0.8,2.5,0.428,0.361,0.848,36.7,0.877384196185286,14.6,10.2,2.1,1.0,0.5,1.4,0.472,0.384,0.798,32.6,0.8282208588957055,9.4,4.2,1.4,0.7,0.8,1.1,0.423,0.411,0.629,30.4,0.5065789473684211,7.8,3.0,5.1,1.3,0.2,2.2,0.426,0.288,0.71,29.4,0.5170068027210885,10.3,3.2,3.8,0.9,0.2,1.9,0.445,0.16,0.77,25.3,0.6521739130434783,11.7,5.7,2.0,0.4,1.6,1.8,0.495,0.5,0.754,25.1,0.7808764940239042,10.2,3.0,2.0,0.5,0.5,1.7,0.461,0.125,0.77,24.9,0.5823293172690763,9.9,3.5,1.5,0.6,0.2,1.1,0.41,0.318,0.842,22.2,0.6576576576576577
2009-10,LAC,1610612746,0,Missed Playoffs,0.354,95.7,41.8,22.1,6.5,5.7,15.7,0.455,0.332,0.73,-6.4,29.0,53.0,100.9,107.6,-6.7,94.8,0.5171333333333333,0.375,16.9,2.6,3.0,1.1,0.2,2.3,0.449,0.371,0.742,36.0,0.5972222222222222,18.5,9.3,1.6,0.5,1.2,2.9,0.49,0.0,0.749,34.3,0.8221574344023325,15.3,3.5,8.0,1.7,0.6,2.8,0.406,0.277,0.821,33.6,0.7827380952380952,11.9,2.9,1.4,0.4,0.8,1.0,0.409,0.336,0.841,33.0,0.4969696969696969,7.3,2.3,4.8,0.7,0.1,1.6,0.416,0.395,0.75,27.0,0.5037037037037037,10.9,7.7,0.7,0.6,0.8,1.5,0.478,0.125,0.861,25.1,0.7649402390438248,9.1,3.6,1.0,0.5,0.5,0.9,0.391,0.381,0.831,21.5,0.641860465116279,7.8,3.8,1.1,0.4,0.3,1.2,0.569,0.2,0.635,16.4,0.7439024390243903
2009-10,LAL,1610612747,5,Champion,0.695,101.7,44.3,21.1,7.5,4.9,13.4,0.457,0.341,0.765,4.7,57.0,25.0,105.9,101.0,4.9,95.3,0.5171333333333333,0.875,27.0,5.4,5.0,1.5,0.3,3.2,0.456,0.329,0.811,38.8,0.9278350515463916,18.3,11.3,3.4,0.6,1.7,2.2,0.536,0.0,0.79,37.0,0.8945945945945947,11.0,4.3,3.0,1.4,0.3,1.6,0.414,0.355,0.688,33.8,0.5443786982248521,10.8,9.8,3.3,0.9,0.7,1.8,0.463,0.319,0.693,31.5,0.7523809523809524,15.0,8.3,1.0,0.5,1.4,1.8,0.57,0.0,0.739,30.4,0.8026315789473684,7.5,2.1,2.5,1.1,0.1,1.0,0.38,0.348,0.856,27.2,0.4522058823529411,8.1,2.2,1.3,0.7,0.4,0.8,0.427,0.328,0.818,20.7,0.5748792270531401,7.2,1.6,1.5,0.6,0.1,0.9,0.435,0.376,0.671,18.0,0.5611111111111111
2009-10,MEM,1610612763,0,Missed Playoffs,0.488,102.5,43.5,18.8,7.9,4.9,15.2,0.469,0.337,0.733,-1.5,40.0,42.0,104.8,106.3,-1.5,96.7,0.5171333333333333,0.5,19.6,5.9,1.9,1.5,0.8,2.1,0.466,0.327,0.753,39.7,0.6952141057934508,17.5,3.8,3.0,1.2,0.2,2.1,0.458,0.383,0.809,38.0,0.6210526315789473,20.8,11.7,1.8,1.0,0.4,2.1,0.488,0.288,0.778,37.7,0.8912466843501324,14.6,9.3,2.4,1.0,1.6,2.0,0.581,0.0,0.67,35.8,0.7513966480446927,12.0,2.4,5.3,1.4,0.2,2.1,0.445,0.387,0.743,32.1,0.5981308411214952,8.8,3.2,2.7,1.6,0.3,0.9,0.487,0.258,0.639,30.0,0.5233333333333333,7.4,2.5,0.7,0.4,0.3,1.2,0.451,0.196,0.777,16.5,0.6121212121212122,3.5,1.7,2.8,0.9,0.1,1.7,0.371,0.179,0.815,15.5,0.4709677419354838
2009-10,MIA,1610612748,1,First Round Exit,0.573,96.5,41.8,18.9,7.4,5.6,13.2,0.458,0.346,0.752,2.3,47.0,35.0,104.5,102.1,2.5,91.4,0.4829333333333333,0.625,26.6,4.8,6.5,1.8,1.1,3.3,0.476,0.3,0.761,36.3,1.0330578512396698,14.8,6.4,1.3,1.0,0.6,1.7,0.45,0.275,0.8,29.8,0.7516778523489934,13.6,6.9,1.3,0.4,1.4,1.8,0.529,0.0,0.72,28.4,0.7676056338028169,9.9,8.1,0.7,0.4,0.3,1.0,0.494,0.0,0.762,27.9,0.6594982078853047,8.9,4.9,1.2,0.9,0.2,0.8,0.431,0.397,0.732,27.4,0.5583941605839416,8.2,2.5,3.4,1.0,0.2,1.8,0.348,0.345,0.728,27.3,0.4945054945054944,7.1,1.8,3.4,1.2,0.2,1.7,0.401,0.318,0.745,24.8,0.4838709677419354,6.1,1.8,3.1,0.5,0.1,0.8,0.475,0.28,0.844,22.0,0.4909090909090908
2009-10,MIL,1610612749,1,First Round Exit,0.561,97.7,43.0,21.2,7.1,4.7,13.2,0.436,0.356,0.755,1.7,46.0,36.0,102.0,100.2,1.8,94.4,0.4829333333333333,0.5,15.4,3.3,2.8,1.2,0.3,1.5,0.441,0.382,0.83,34.9,0.6160458452722063,15.5,3.4,5.7,1.3,0.2,2.4,0.371,0.374,0.817,32.6,0.7269938650306748,15.9,10.2,1.8,0.6,2.5,1.9,0.52,0.0,0.629,32.3,0.9009287925696596,11.0,5.3,2.7,1.1,0.3,1.6,0.408,0.367,0.782,30.4,0.618421052631579,11.9,3.0,2.2,1.1,0.1,0.8,0.352,0.3,0.712,27.3,0.6410256410256412,6.2,5.5,1.1,0.8,0.5,1.0,0.48,0.353,0.699,25.6,0.51171875,10.4,6.4,1.0,0.7,0.3,0.9,0.443,0.336,0.715,23.4,0.7649572649572651,6.5,1.9,1.5,0.5,0.2,0.8,0.381,0.365,0.716,22.7,0.4317180616740088
2009-10,MIN,1610612750,0,Missed Playoffs,0.183,98.2,42.9,19.8,7.3,3.7,16.3,0.449,0.341,0.746,-9.6,15.0,67.0,98.9,108.6,-9.7,98.8,0.5171333333333333,0.5,17.1,9.3,1.8,0.8,1.3,1.8,0.498,0.0,0.68,32.4,0.8796296296296298,13.0,3.4,2.4,1.4,0.4,2.0,0.431,0.346,0.648,30.3,0.6138613861386136,10.9,4.6,1.6,0.8,0.2,1.3,0.447,0.372,0.825,29.1,0.5773195876288659,13.5,2.4,4.4,1.0,0.0,2.9,0.417,0.358,0.826,28.9,0.6366782006920416,14.0,11.0,2.3,0.7,0.4,2.0,0.45,0.33,0.815,28.6,0.923076923076923,6.7,4.7,1.5,0.7,1.1,1.1,0.49,0.0,0.536,21.4,0.6355140186915889,8.2,2.6,3.1,0.7,0.1,1.7,0.456,0.067,0.717,21.1,0.6161137440758293,5.6,3.1,1.7,0.8,0.3,1.0,0.433,0.295,0.798,19.8,0.5303030303030303
2009-10,BKN,1610612751,0,Missed Playoffs,0.146,92.4,39.7,18.8,7.0,4.8,14.4,0.429,0.318,0.78,-9.1,12.0,70.0,98.1,107.7,-9.7,93.7,0.4829333333333333,0.75,18.8,8.6,2.3,0.7,1.7,2.5,0.499,0.0,0.817,36.9,0.8021680216802168,16.9,3.2,6.6,1.2,0.3,2.8,0.403,0.276,0.798,34.7,0.7319884726224782,12.5,3.5,1.7,1.3,0.3,1.1,0.436,0.338,0.869,33.5,0.5432835820895522,12.0,7.2,0.9,0.7,1.0,1.5,0.403,0.366,0.798,31.8,0.6383647798742137,9.8,3.0,1.4,0.8,0.3,1.4,0.445,0.259,0.847,25.8,0.5387596899224807,7.8,2.4,0.9,0.6,0.2,0.6,0.421,0.335,0.778,22.9,0.4934497816593886,8.4,4.5,2.9,0.6,0.1,1.6,0.401,0.31,0.715,22.6,0.6592920353982302,4.5,2.9,1.0,0.3,0.2,0.9,0.411,0.0,0.754,21.3,0.3755868544600939
2009-10,NOP,1610612740,0,Missed Playoffs,0.451,100.2,40.3,22.3,7.6,3.7,13.5,0.464,0.363,0.778,-2.5,37.0,45.0,105.1,107.6,-2.6,94.7,0.5171333333333333,0.625,18.7,4.2,10.7,2.1,0.2,2.5,0.493,0.409,0.847,38.1,0.8766404199475065,19.0,7.5,3.0,0.9,0.7,2.1,0.505,0.259,0.865,36.4,0.7967032967032966,12.6,3.7,1.5,0.8,0.1,0.9,0.404,0.375,0.897,31.4,0.56687898089172,10.4,9.0,0.7,0.7,1.5,1.4,0.53,0.0,0.562,28.9,0.7231833910034602,12.4,2.5,5.7,1.0,0.1,2.7,0.477,0.4,0.851,27.8,0.683453237410072,14.5,2.9,1.6,0.8,0.2,1.0,0.451,0.374,0.814,25.6,0.7421875,5.2,4.3,1.5,0.5,0.2,0.7,0.365,0.335,0.825,22.5,0.4888888888888889,7.1,2.7,0.9,0.5,0.1,0.6,0.385,0.363,0.611,21.1,0.5071090047393365
2009-10,NYK,1610612752,0,Missed Playoffs,0.354,102.1,40.4,21.6,7.1,3.7,14.0,0.455,0.346,0.782,-3.8,29.0,53.0,105.2,109.1,-3.9,96.1,0.4829333333333333,0.625,20.2,11.7,3.6,1.0,0.5,2.3,0.545,0.0,0.812,37.3,0.93029490616622,15.3,5.4,2.1,0.7,0.8,1.7,0.479,0.267,0.806,35.7,0.6330532212885155,15.1,4.9,1.7,0.9,0.7,1.4,0.423,0.381,0.818,33.9,0.6460176991150443,11.7,11.0,1.1,0.6,0.6,1.6,0.441,0.0,0.759,33.1,0.7069486404833837,7.4,2.7,5.6,0.9,0.0,1.6,0.373,0.349,0.716,30.9,0.4854368932038835,17.7,5.6,1.5,0.9,0.4,1.8,0.435,0.342,0.757,30.5,0.7967213114754096,8.2,3.1,3.3,0.5,0.5,1.5,0.387,0.25,0.746,22.4,0.6294642857142857,9.4,2.5,1.1,0.7,0.1,0.8,0.517,0.431,0.796,22.0,0.5909090909090908
2009-10,OKC,1610612760,1,First Round Exit,0.61,101.5,43.5,20.0,8.0,5.9,15.0,0.462,0.34,0.805,3.5,50.0,32.0,105.8,102.1,3.6,95.4,0.5171333333333333,0.75,30.1,7.6,2.8,1.4,1.0,3.3,0.476,0.365,0.9,39.5,1.0025316455696205,15.1,6.0,1.6,1.3,0.9,1.6,0.453,0.333,0.74,37.1,0.628032345013477,16.1,4.9,8.0,1.3,0.4,3.3,0.418,0.221,0.78,34.3,0.7988338192419825,6.0,4.7,1.8,1.2,0.6,1.1,0.44,0.313,0.674,28.6,0.4615384615384615,9.9,3.2,1.8,1.1,0.3,1.4,0.403,0.375,0.808,22.9,0.6506550218340613,8.4,5.0,0.7,0.4,0.6,0.8,0.502,0.2,0.717,22.9,0.6244541484716157,5.9,5.1,0.5,0.5,0.6,0.8,0.589,0.25,0.692,20.8,0.5673076923076923,6.3,5.4,0.1,0.3,1.3,0.9,0.543,0.5,0.63,18.1,0.6906077348066297
2009-10,ORL,1610612753,3,Conference Finals,0.72,102.8,43.2,19.7,6.2,5.6,14.1,0.47,0.375,0.724,7.5,59.0,23.0,109.5,101.5,8.0,93.6,0.4829333333333333,0.625,18.3,13.2,1.8,0.9,2.8,3.3,0.612,0.0,0.592,34.7,0.9711815561959652,14.1,4.4,1.5,1.1,0.4,1.5,0.435,0.397,0.806,32.9,0.60790273556231,16.6,3.9,3.1,0.7,0.2,1.4,0.428,0.367,0.84,30.8,0.75,12.6,3.0,5.4,0.7,0.0,2.1,0.449,0.381,0.845,28.6,0.6853146853146852,8.8,5.5,1.7,0.7,0.4,1.4,0.487,0.319,0.74,25.9,0.6061776061776061,8.7,2.9,0.7,0.7,0.4,0.9,0.432,0.379,0.633,22.5,0.5555555555555555,9.6,1.9,1.9,0.3,0.0,0.8,0.439,0.405,0.86,22.1,0.5837104072398189,6.0,1.5,3.6,0.6,0.0,1.1,0.444,0.38,0.756,20.8,0.5096153846153846
2009-10,PHI,1610612755,0,Missed Playoffs,0.329,97.7,41.0,21.0,8.1,5.4,14.5,0.46,0.343,0.756,-3.9,27.0,55.0,103.4,107.5,-4.1,93.9,0.4829333333333333,0.75,17.1,6.5,5.8,1.7,0.7,2.7,0.443,0.31,0.733,38.9,0.7480719794344474,13.8,5.2,1.4,1.2,0.2,1.9,0.47,0.348,0.691,32.0,0.621875,13.8,2.8,4.0,0.7,0.1,2.3,0.43,0.36,0.794,30.9,0.6181229773462784,13.1,6.1,1.4,1.1,1.1,1.7,0.48,0.0,0.738,30.2,0.6986754966887417,14.0,2.9,4.2,1.3,0.2,1.7,0.47,0.34,0.824,29.9,0.6989966555183946,8.1,9.6,0.8,0.5,1.8,1.5,0.545,0.0,0.729,25.9,0.7451737451737452,8.0,2.6,3.8,1.1,0.2,2.1,0.442,0.39,0.756,24.2,0.5619834710743801,8.7,1.8,2.1,0.4,0.2,0.9,0.457,0.346,0.833,21.3,0.5774647887323943
2009-10,PHX,1610612756,3,Conference Finals,0.659,110.2,43.0,23.3,5.8,5.1,14.8,0.492,0.412,0.77,4.9,54.0,28.0,112.7,107.7,5.0,97.6,0.5171333333333333,0.875,23.1,8.9,1.0,0.6,1.0,2.6,0.557,0.167,0.771,34.6,0.9248554913294798,16.5,3.3,11.0,0.5,0.1,3.6,0.507,0.426,0.938,32.8,0.8475609756097562,15.7,5.1,1.8,0.8,0.4,1.2,0.474,0.393,0.739,31.5,0.7174603174603174,11.3,5.5,2.4,0.7,0.4,1.3,0.478,0.438,0.817,30.0,0.6333333333333332,11.2,5.3,1.4,0.8,0.9,0.9,0.451,0.439,0.81,27.0,0.6925925925925925,8.2,3.4,1.4,1.0,0.2,0.8,0.459,0.458,0.754,24.3,0.5514403292181069,8.4,4.9,0.1,0.2,1.0,0.8,0.588,0.0,0.704,19.3,0.7150259067357512,7.9,2.1,3.0,0.6,0.1,1.6,0.452,0.394,0.736,18.0,0.6722222222222222
2009-10,POR,1610612757,1,First Round Exit,0.61,98.1,40.2,20.4,6.4,4.3,12.3,0.461,0.354,0.79,3.3,50.0,32.0,108.0,104.4,3.6,90.0,0.5171333333333333,0.75,17.9,8.0,2.1,0.9,0.6,1.3,0.495,0.313,0.757,37.5,0.752,21.5,4.4,4.7,0.9,0.2,2.0,0.473,0.33,0.78,37.2,0.7983870967741934,7.5,11.8,2.5,1.3,2.0,1.2,0.475,0.286,0.639,31.3,0.7635782747603834,14.0,3.2,5.4,1.1,0.1,2.1,0.445,0.2,0.821,30.5,0.7114754098360657,10.1,3.8,1.2,0.6,0.7,0.7,0.519,0.409,0.843,24.8,0.6330645161290323,9.4,3.3,0.8,0.5,0.5,0.7,0.405,0.373,0.813,24.5,0.563265306122449,11.1,8.5,0.9,0.4,2.3,1.9,0.605,0.0,0.766,23.9,0.891213389121339,8.1,2.6,2.0,1.0,0.2,1.2,0.378,0.368,0.867,23.2,0.5474137931034483
2009-10,SAC,1610612758,0,Missed Playoffs,0.305,100.0,42.6,20.5,6.9,4.5,15.0,0.456,0.349,0.726,-4.4,25.0,57.0,102.4,106.8,-4.5,96.7,0.5171333333333333,0.625,20.1,5.3,5.8,1.5,0.4,3.0,0.458,0.255,0.748,37.2,0.8091397849462365,12.5,8.5,1.7,0.5,1.0,1.9,0.472,0.1,0.715,31.4,0.7101910828025478,12.9,2.8,4.7,1.1,0.1,1.7,0.493,0.377,0.837,31.3,0.6357827476038339,16.8,5.9,0.8,0.7,0.8,1.7,0.536,0.333,0.806,30.9,0.7540453074433658,10.0,6.1,2.2,0.4,1.2,1.8,0.468,0.299,0.689,26.4,0.6856060606060606,10.3,4.5,1.2,0.7,0.2,1.3,0.446,0.369,0.672,25.1,0.6215139442231075,8.1,2.6,1.8,0.4,0.8,0.8,0.466,0.39,0.882,23.0,0.5608695652173913,8.5,3.1,0.9,0.5,0.7,1.2,0.441,0.377,0.643,21.4,0.5841121495327103
2009-10,SAS,1610612759,2,Second Round Exit,0.61,101.4,42.8,22.3,6.3,4.6,13.6,0.473,0.358,0.74,5.1,50.0,32.0,107.2,101.8,5.4,94.1,0.5171333333333333,0.625,17.9,10.1,3.2,0.6,1.5,1.8,0.518,0.182,0.725,31.3,1.0063897763578271,12.3,4.4,2.0,0.6,0.5,1.3,0.467,0.316,0.735,31.1,0.594855305466238,16.0,2.4,5.7,0.5,0.1,2.7,0.487,0.294,0.756,30.9,0.7119741100323624,12.4,2.6,2.9,0.9,0.3,1.3,0.478,0.399,0.772,29.2,0.6095890410958903,16.5,3.8,4.9,1.4,0.3,2.1,0.441,0.377,0.87,28.7,0.8641114982578397,5.8,5.9,1.1,0.6,0.4,1.0,0.479,0.0,0.632,21.0,0.6095238095238095,4.4,2.2,1.2,0.6,0.2,0.7,0.403,0.357,0.74,19.7,0.4010152284263959,6.3,2.1,1.7,0.4,0.2,0.7,0.389,0.333,0.794,19.2,0.5208333333333334
2009-10,TOR,1610612761,0,Missed Playoffs,0.488,104.1,40.4,22.0,5.7,4.7,13.4,0.482,0.371,0.764,-1.8,40.0,42.0,108.6,110.5,-1.9,95.3,0.4829333333333333,0.375,24.0,10.8,2.4,0.6,1.0,2.4,0.518,0.364,0.797,36.1,1.0083102493074791,17.2,6.2,1.2,0.3,1.4,1.5,0.47,0.372,0.774,35.0,0.7085714285714285,11.3,4.6,4.1,0.7,0.4,1.7,0.409,0.374,0.774,30.7,0.6319218241042345,11.4,2.7,5.0,0.7,0.1,2.0,0.481,0.412,0.842,27.4,0.6532846715328469,10.3,2.1,5.9,0.7,0.1,1.5,0.482,0.398,0.798,26.7,0.6591760299625469,8.6,2.9,0.7,0.6,0.2,0.8,0.498,0.25,0.763,21.6,0.5648148148148147,6.5,2.8,1.1,0.4,0.2,0.9,0.406,0.335,0.688,20.8,0.485576923076923,7.5,2.8,1.5,0.6,0.4,0.9,0.515,0.133,0.688,19.8,0.601010101010101
2009-10,UTA,1610612762,2,Second Round Exit,0.646,104.2,42.2,26.7,8.2,4.9,15.2,0.491,0.364,0.741,5.3,53.0,29.0,107.8,102.2,5.5,96.4,0.5171333333333333,0.875,18.7,4.0,10.5,1.3,0.2,3.3,0.469,0.371,0.801,36.9,0.8509485094850949,19.5,11.2,3.2,1.1,0.5,2.7,0.562,0.0,0.742,34.3,0.956268221574344,13.5,7.1,1.6,0.5,1.1,1.7,0.458,0.385,0.82,29.4,0.751700680272109,11.9,4.6,2.7,1.4,1.2,1.4,0.506,0.292,0.744,29.0,0.7034482758620689,11.6,6.8,1.6,0.8,1.2,1.4,0.538,0.111,0.693,27.8,0.7410071942446044,9.4,2.3,1.5,0.8,0.2,1.1,0.483,0.382,0.829,24.7,0.5303643724696356,9.9,2.7,1.7,0.9,0.3,1.3,0.429,0.341,0.695,23.8,0.5966386554621849,7.2,2.1,1.7,0.5,0.2,0.8,0.493,0.536,0.796,18.3,0.5956284153005463
2009-10,WAS,1610612764,0,Missed Playoffs,0.317,96.2,41.8,19.0,6.0,5.1,14.9,0.449,0.353,0.762,-4.8,26.0,56.0,101.4,106.4,-5.0,94.2,0.4829333333333333,0.25,22.6,4.2,7.2,1.3,0.3,3.7,0.411,0.348,0.739,36.5,0.8739726027397259,10.9,6.2,3.9,0.7,0.2,2.1,0.501,0.48,0.824,33.4,0.5928143712574849,14.1,6.3,2.1,1.0,0.9,2.2,0.478,0.295,0.744,27.9,0.7956989247311829,10.7,3.9,1.2,0.6,0.5,1.4,0.473,0.355,0.725,27.7,0.5595667870036101,12.7,3.6,1.4,0.7,0.3,1.3,0.405,0.267,0.784,26.2,0.6641221374045801,10.1,1.9,3.3,0.5,0.1,1.3,0.414,0.346,0.89,23.8,0.6134453781512604,6.9,2.2,3.6,0.5,0.3,1.6,0.517,0.0,0.875,22.1,0.5384615384615385,7.8,3.8,0.9,0.6,0.1,1.1,0.368,0.347,0.8,21.7,0.5576036866359447
2010-11,ATL,1610612737,2,Second Round Exit,0.537,95.0,39.3,22.0,6.1,4.2,13.6,0.462,0.352,0.779,-0.8,44.0,38.0,103.2,104.1,-0.9,91.8,0.4707333333333333,0.875,18.2,4.0,4.7,0.7,0.1,2.0,0.443,0.297,0.802,35.5,0.723943661971831,15.3,9.3,3.5,0.8,1.0,1.5,0.557,0.5,0.798,35.1,0.8091168091168092,16.5,8.5,3.3,1.3,1.6,2.6,0.477,0.331,0.725,34.3,0.8338192419825075,14.2,1.7,3.2,0.8,0.2,1.9,0.421,0.341,0.854,30.2,0.6026490066225165,10.2,2.5,4.0,1.0,0.2,1.7,0.446,0.399,0.841,30.0,0.5399999999999999,10.4,4.8,1.4,0.5,0.4,1.0,0.458,0.336,0.845,28.7,0.5749128919860627,4.4,4.2,0.7,0.4,0.3,0.9,0.461,0.0,0.754,15.7,0.5796178343949046,5.2,1.5,2.0,0.6,0.4,0.9,0.438,0.375,0.794,13.8,0.6376811594202898
2010-11,BOS,1610612738,2,Second Round Exit,0.683,96.5,38.8,23.4,8.2,4.2,14.6,0.486,0.365,0.77,5.4,56.0,26.0,104.0,98.2,5.8,92.3,0.4707333333333333,0.625,10.6,4.4,11.2,2.3,0.2,3.4,0.475,0.233,0.568,37.2,0.6801075268817204,16.5,3.4,2.7,1.0,0.2,1.5,0.491,0.444,0.881,36.1,0.6177285318559556,18.9,5.4,3.3,1.0,0.6,2.1,0.497,0.374,0.86,34.7,0.780979827089337,13.3,4.8,1.4,0.7,0.5,1.3,0.449,0.303,0.811,32.4,0.5987654320987654,14.9,8.9,2.4,1.3,0.8,1.6,0.528,0.2,0.862,31.3,0.853035143769968,11.7,5.4,1.2,1.0,0.4,1.1,0.448,0.133,0.736,29.5,0.6305084745762711,8.1,4.7,0.4,0.4,0.4,0.8,0.511,0.0,0.774,22.1,0.5972850678733032,9.2,4.8,0.7,0.4,1.1,1.5,0.667,0.0,0.557,20.3,0.7241379310344827
2010-11,CHA,1610612766,0,Missed Playoffs,0.415,93.3,40.1,21.1,6.4,5.3,14.5,0.451,0.327,0.756,-4.0,34.0,48.0,100.8,105.1,-4.3,92.0,0.4707333333333333,0.625,18.5,4.5,3.6,1.2,0.4,3.1,0.411,0.337,0.816,35.9,0.6991643454038997,11.3,5.0,4.1,0.9,0.6,2.0,0.492,0.345,0.683,33.9,0.5870206489675516,14.4,2.7,6.1,0.7,0.0,1.9,0.416,0.333,0.906,33.6,0.6547619047619049,7.9,6.8,0.7,0.4,0.6,1.0,0.517,0.0,0.589,26.0,0.5923076923076922,9.6,3.0,1.5,0.7,0.5,0.9,0.454,0.194,0.785,24.4,0.5901639344262295,10.2,5.5,0.7,0.7,1.6,1.6,0.471,0.0,0.787,21.0,0.8142857142857142,6.2,3.6,0.6,0.7,0.6,0.7,0.462,0.077,0.726,21.0,0.5238095238095238,6.6,2.0,2.2,0.6,0.4,1.2,0.466,0.25,0.864,17.3,0.6127167630057804
2010-11,CHI,1610612741,3,Conference Finals,0.756,98.6,44.2,22.3,7.2,5.7,14.2,0.462,0.361,0.743,7.3,62.0,20.0,105.5,97.7,7.8,92.8,0.4707333333333333,0.5,17.4,5.8,2.8,1.0,0.6,1.9,0.46,0.345,0.753,39.1,0.6572890025575449,25.0,4.1,7.7,1.0,0.6,3.4,0.445,0.332,0.858,37.4,0.9358288770053478,11.7,10.4,2.2,1.0,1.5,1.9,0.525,0.0,0.739,32.8,0.7591463414634148,17.5,9.6,2.5,0.8,0.3,2.5,0.51,0.0,0.701,31.9,0.8840125391849531,4.1,5.8,1.2,0.6,0.8,0.8,0.511,1.0,0.625,22.7,0.5154185022026431,6.2,3.2,1.7,1.3,0.3,0.7,0.48,0.222,0.654,22.0,0.5454545454545455,7.1,5.7,0.7,0.5,1.3,0.9,0.466,0.125,0.676,21.8,0.6605504587155964,8.3,1.8,1.5,0.4,0.2,0.7,0.434,0.415,0.885,20.1,0.5721393034825871
2010-11,CLE,1610612739,0,Missed Playoffs,0.232,95.5,40.3,21.0,6.6,4.2,14.2,0.434,0.342,0.745,-9.0,19.0,63.0,99.5,108.8,-9.4,95.6,0.4707333333333333,0.625,18.0,6.7,1.7,0.9,0.5,1.4,0.427,0.346,0.731,32.9,0.8024316109422492,9.1,9.7,1.5,0.9,1.2,1.3,0.528,0.0,0.667,32.1,0.657320872274143,8.3,3.0,3.0,0.9,0.1,1.1,0.399,0.379,0.779,29.0,0.4896551724137931,13.1,2.7,6.7,1.3,0.5,2.5,0.417,0.339,0.771,28.4,0.767605633802817,13.8,8.7,1.1,0.6,0.7,2.2,0.458,0.0,0.673,28.2,0.8049645390070923,11.6,2.6,3.0,0.7,0.3,1.2,0.4,0.403,0.822,27.8,0.6115107913669064,13.3,3.1,5.2,0.7,0.1,2.2,0.466,0.2,0.823,26.3,0.7680608365019013,6.9,2.8,0.8,0.8,0.6,1.1,0.425,0.275,0.643,21.5,0.5023255813953489
2010-11,DAL,1610612742,5,Champion,0.695,100.2,41.4,23.8,6.8,4.3,14.0,0.475,0.365,0.777,4.2,57.0,25.0,107.6,103.0,4.5,93.1,0.5292666666666667,0.75,23.0,7.0,2.6,0.5,0.6,1.9,0.517,0.393,0.892,34.3,0.9271137026239068,7.9,4.4,8.2,1.7,0.4,2.2,0.361,0.34,0.87,33.2,0.6144578313253011,15.8,1.9,4.1,1.1,0.2,2.0,0.451,0.362,0.85,31.3,0.6741214057507986,15.0,4.1,1.6,1.0,0.3,1.7,0.45,0.431,0.773,29.9,0.6789297658862878,12.5,6.9,1.4,0.9,0.6,1.6,0.52,0.152,0.768,28.2,0.7340425531914893,10.1,9.4,0.4,0.5,1.1,1.2,0.654,0.0,0.732,27.8,0.7302158273381295,8.0,2.5,1.3,1.4,0.2,1.3,0.395,0.268,0.708,21.9,0.5525114155251142,9.5,2.0,3.9,0.4,0.0,1.7,0.439,0.349,0.847,20.6,0.6844660194174758
2010-11,DEN,1610612743,1,First Round Exit,0.61,107.5,42.0,22.1,7.4,4.3,14.1,0.476,0.388,0.765,4.8,50.0,32.0,109.5,104.6,4.8,98.0,0.5292666666666667,0.625,15.5,3.6,8.3,1.7,0.1,2.9,0.425,0.353,0.805,36.5,0.7205479452054796,15.6,4.9,1.7,0.8,0.4,1.3,0.414,0.352,0.862,33.9,0.6519174041297935,12.6,3.6,2.4,0.5,0.4,1.0,0.498,0.423,0.847,33.7,0.5489614243323441,15.3,5.7,1.7,0.7,1.3,1.4,0.45,0.35,0.807,33.3,0.6996996996996998,14.5,7.6,2.0,1.1,1.0,1.8,0.615,0.2,0.711,30.5,0.8,11.7,2.6,4.7,1.0,0.1,1.7,0.503,0.404,0.764,26.3,0.699619771863118,8.6,6.2,2.3,0.9,0.7,1.2,0.511,0.222,0.583,25.7,0.6809338521400778,12.3,4.1,2.2,1.2,0.2,1.3,0.435,0.39,0.738,24.9,0.7510040160642569
2010-11,DET,1610612765,0,Missed Playoffs,0.366,97.0,38.6,21.1,7.3,4.0,13.0,0.46,0.376,0.737,-3.6,30.0,52.0,104.6,108.5,-3.9,91.7,0.4707333333333333,0.75,14.1,4.2,2.8,0.4,0.5,1.1,0.473,0.347,0.702,32.8,0.6371951219512195,15.5,3.1,5.2,1.1,0.1,2.2,0.439,0.289,0.866,31.2,0.730769230769231,9.4,7.5,1.3,1.2,0.6,1.0,0.551,0.0,0.622,27.8,0.6834532374100719,14.1,2.3,3.1,0.7,0.1,1.6,0.429,0.382,0.849,27.2,0.6875,11.2,2.4,2.1,0.6,0.2,1.7,0.44,0.402,0.85,26.0,0.5692307692307692,8.0,3.5,3.5,0.9,0.5,1.4,0.442,0.341,0.698,23.4,0.641025641025641,2.9,6.5,1.3,1.0,1.0,0.8,0.45,0.5,0.333,22.9,0.5196506550218342,11.1,3.9,0.6,0.6,0.6,0.9,0.442,0.387,0.767,21.9,0.726027397260274
2010-11,GSW,1610612744,0,Missed Playoffs,0.439,103.4,40.5,22.5,9.0,5.0,14.6,0.461,0.392,0.761,-2.3,36.0,46.0,105.5,107.9,-2.4,97.3,0.5292666666666667,0.5,24.1,3.5,5.6,2.1,0.3,3.2,0.451,0.361,0.789,40.3,0.8039702233250621,16.4,5.3,3.0,1.5,0.8,1.6,0.423,0.376,0.789,38.4,0.6614583333333334,16.5,9.8,3.2,1.0,0.4,2.3,0.507,0.333,0.787,36.1,0.7922437673130193,18.6,3.9,5.8,1.5,0.3,3.1,0.48,0.442,0.934,33.6,0.8035714285714285,5.0,7.2,1.0,0.9,0.9,1.0,0.534,0.0,0.323,23.7,0.5907172995780591,9.2,2.7,1.5,0.4,0.0,0.7,0.469,0.423,0.746,20.3,0.645320197044335,7.4,3.0,0.9,0.5,0.2,0.9,0.476,0.154,0.775,19.5,0.5692307692307692,4.1,3.1,0.7,0.4,1.5,0.8,0.437,0.0,0.656,17.8,0.5056179775280898
2010-11,HOU,1610612745,0,Missed Playoffs,0.524,105.9,42.8,23.8,7.1,4.5,13.5,0.454,0.367,0.801,2.2,43.0,39.0,108.0,105.8,2.2,97.1,0.5292666666666667,0.625,13.5,4.1,6.7,1.4,0.3,2.1,0.426,0.376,0.765,34.2,0.698830409356725,18.3,8.2,2.5,0.6,0.6,2.0,0.504,0.0,0.738,32.6,0.8650306748466258,23.5,3.2,2.5,1.0,0.2,2.3,0.436,0.383,0.888,32.5,0.8646153846153846,7.9,8.1,2.7,1.1,0.7,1.2,0.527,0.0,0.662,28.1,0.6868327402135231,9.8,3.6,1.6,0.5,0.2,0.9,0.425,0.325,0.855,22.3,0.663677130044843,8.3,2.6,1.2,0.7,0.2,0.8,0.439,0.408,0.792,21.3,0.572769953051643,10.2,5.4,0.8,0.0,1.6,1.4,0.486,0.0,0.938,18.1,0.9171270718232044,7.5,2.0,2.9,0.7,0.1,1.7,0.435,0.361,0.624,17.6,0.6534090909090908
2010-11,IND,1610612754,1,First Round Exit,0.451,99.8,43.5,19.6,7.1,5.6,15.4,0.442,0.354,0.782,-1.1,37.0,45.0,101.9,103.0,-1.1,97.4,0.4707333333333333,0.75,20.5,5.4,2.6,1.1,0.8,2.6,0.425,0.386,0.848,35.0,0.7942857142857143,13.2,2.8,5.1,1.1,0.2,2.5,0.457,0.331,0.871,29.9,0.665551839464883,12.7,7.5,2.0,0.4,1.8,2.3,0.461,0.0,0.745,27.7,0.7978339350180504,11.2,4.5,1.7,0.7,0.5,1.1,0.462,0.402,0.8,27.6,0.6340579710144926,9.1,3.2,0.9,0.6,0.5,1.0,0.421,0.417,0.755,26.2,0.5076335877862596,7.4,5.3,2.1,0.7,0.8,1.3,0.547,0.383,0.739,22.2,0.6756756756756755,11.0,5.2,0.6,0.5,0.2,1.1,0.465,0.0,0.779,21.9,0.7488584474885844,7.8,3.7,1.1,1.0,0.4,1.1,0.453,0.297,0.762,20.7,0.6231884057971014
2010-11,LAC,1610612746,0,Missed Playoffs,0.39,98.6,42.1,22.1,7.1,4.9,16.4,0.457,0.338,0.707,-3.1,32.0,50.0,101.8,105.1,-3.2,96.0,0.5292666666666667,0.375,22.5,12.1,3.8,0.8,0.5,2.7,0.506,0.292,0.642,37.9,0.9762532981530342,22.3,2.9,4.4,1.3,0.3,2.7,0.45,0.364,0.825,37.7,0.7559681697612732,14.0,2.6,6.6,0.9,0.2,2.9,0.399,0.324,0.853,30.8,0.6948051948051949,7.2,3.3,1.6,0.8,0.2,0.7,0.41,0.341,0.718,27.6,0.4492753623188406,12.4,7.0,1.4,0.5,1.5,1.8,0.471,0.0,0.754,26.2,0.8015267175572518,7.1,7.2,0.5,0.5,1.8,1.3,0.686,0.0,0.452,25.6,0.6171875,9.8,1.6,2.7,0.7,0.3,1.5,0.388,0.327,0.893,24.6,0.5528455284552846,6.7,2.8,3.6,1.1,0.3,2.4,0.424,0.276,0.744,22.7,0.5330396475770925
2010-11,LAL,1610612747,2,Second Round Exit,0.695,101.5,44.0,22.0,7.3,5.1,13.1,0.463,0.352,0.779,6.1,57.0,25.0,107.9,101.4,6.5,93.3,0.5292666666666667,0.75,18.8,10.2,3.3,0.6,1.6,1.7,0.529,0.333,0.823,37.0,0.8864864864864864,25.3,5.1,4.7,1.2,0.1,3.0,0.451,0.323,0.828,33.9,0.9852507374631272,14.4,8.7,3.0,0.6,0.7,1.7,0.53,0.382,0.675,32.2,0.7981366459627329,8.5,3.3,2.1,1.5,0.4,1.1,0.397,0.356,0.676,29.4,0.5000000000000001,6.8,1.9,2.7,1.2,0.1,0.9,0.389,0.396,0.806,28.0,0.4214285714285713,11.3,9.4,1.4,0.4,2.0,1.4,0.574,0.0,0.66,27.8,0.8309352517985612,4.0,2.0,2.2,0.5,0.0,0.9,0.359,0.378,0.867,20.0,0.3899999999999999,6.7,4.3,1.3,0.7,0.4,1.1,0.47,0.318,0.779,19.2,0.6406250000000001
2010-11,MEM,1610612763,2,Second Round Exit,0.561,99.9,41.0,20.6,9.4,5.4,14.0,0.471,0.334,0.75,2.3,46.0,36.0,104.4,102.0,2.4,94.7,0.5292666666666667,0.75,19.8,6.2,2.8,1.7,1.1,2.5,0.471,0.396,0.805,39.8,0.7311557788944725,20.1,12.2,2.2,0.8,0.3,2.0,0.503,0.186,0.758,36.3,0.9256198347107436,13.7,3.0,6.5,1.8,0.2,2.2,0.444,0.369,0.733,35.5,0.647887323943662,11.7,7.0,2.5,0.9,1.7,1.8,0.527,0.429,0.748,31.9,0.689655172413793,7.6,4.5,2.3,0.8,1.0,1.0,0.45,0.382,0.688,29.0,0.5241379310344827,11.3,2.4,2.0,1.0,0.4,1.4,0.407,0.364,0.756,26.3,0.596958174904943,8.9,2.7,1.4,1.8,0.6,1.2,0.51,0.174,0.753,20.8,0.6826923076923078,7.3,2.4,0.9,0.9,0.3,0.8,0.472,0.34,0.767,20.2,0.5445544554455446
2010-11,MIA,1610612748,4,Finals Loss,0.707,102.1,42.1,20.0,6.6,5.2,13.9,0.481,0.37,0.769,7.5,58.0,24.0,109.3,101.3,8.0,92.9,0.4707333333333333,0.5,26.7,7.5,7.0,1.6,0.6,3.6,0.51,0.33,0.759,38.8,1.0257731958762888,25.5,6.4,4.6,1.5,1.1,3.1,0.5,0.306,0.758,37.1,0.9703504043126684,18.7,8.3,1.9,0.8,0.6,1.8,0.496,0.24,0.815,36.3,0.7851239669421488,8.6,2.4,3.3,0.6,0.1,1.3,0.431,0.44,0.629,28.6,0.4790209790209789,8.0,8.2,0.5,0.5,0.2,1.1,0.512,0.0,0.8,26.5,0.6150943396226414,6.4,2.1,2.5,1.1,0.1,1.3,0.399,0.359,0.871,22.6,0.4823008849557521,5.6,4.5,1.2,0.5,0.0,1.0,0.401,0.364,0.676,20.4,0.5294117647058824,2.0,3.5,0.3,0.1,1.2,0.5,0.535,0.0,0.644,19.5,0.3384615384615384
2010-11,MIL,1610612749,0,Missed Playoffs,0.427,91.9,40.8,18.8,7.5,4.9,13.5,0.43,0.342,0.757,-0.8,35.0,47.0,99.0,99.9,-0.9,92.1,0.4707333333333333,0.75,12.8,11.1,2.0,0.7,2.6,1.9,0.495,0.0,0.442,35.3,0.7733711048158641,14.0,3.6,3.5,1.0,0.4,1.9,0.415,0.379,0.813,35.0,0.5885714285714286,16.2,3.7,4.8,1.5,0.3,2.3,0.39,0.323,0.809,34.4,0.7034883720930233,11.5,4.1,2.3,1.6,0.2,1.2,0.39,0.37,0.8,32.5,0.5692307692307692,6.7,5.3,0.9,0.9,0.4,1.0,0.463,0.0,0.707,26.5,0.4981132075471698,9.5,6.1,0.9,0.9,0.4,1.1,0.436,0.298,0.894,25.1,0.6653386454183264,11.3,6.8,1.3,0.6,0.5,1.3,0.431,0.15,0.794,24.6,0.7804878048780488,7.1,1.5,3.0,0.7,0.1,1.1,0.397,0.346,0.83,22.0,0.5136363636363636
2010-11,MIN,1610612750,0,Missed Playoffs,0.207,101.1,44.4,20.1,7.2,5.1,17.0,0.441,0.376,0.768,-6.6,17.0,65.0,101.1,107.7,-6.6,99.5,0.5292666666666667,0.25,20.2,15.2,2.5,0.6,0.4,2.1,0.47,0.417,0.85,35.8,1.0279329608938548,19.2,5.6,2.2,0.7,0.7,2.7,0.45,0.366,0.753,32.3,0.7956656346749226,11.8,2.8,5.4,1.3,0.1,2.2,0.468,0.44,0.883,30.4,0.6315789473684211,9.0,3.0,1.9,0.7,0.7,1.2,0.397,0.356,0.696,26.2,0.5381679389312977,8.8,5.2,1.5,0.8,2.0,2.2,0.469,0.0,0.557,24.4,0.6598360655737706,9.8,3.2,1.2,0.6,0.2,1.3,0.447,0.417,0.77,23.8,0.5756302521008402,6.7,4.5,1.3,0.4,0.4,0.8,0.45,0.409,0.802,21.0,0.5952380952380952,7.2,1.5,3.0,0.7,0.1,1.7,0.402,0.359,0.733,19.2,0.5625
2010-11,BKN,1610612751,0,Missed Playoffs,0.293,94.2,40.8,21.0,5.6,4.7,14.0,0.44,0.343,0.759,-6.2,24.0,58.0,100.2,106.8,-6.6,92.5,0.4707333333333333,0.25,20.1,4.0,10.3,1.2,0.2,3.5,0.439,0.331,0.845,37.9,0.8522427440633249,20.4,6.0,1.6,0.6,1.5,2.1,0.492,0.0,0.787,35.2,0.7954545454545454,13.2,3.0,1.2,0.3,0.1,0.9,0.45,0.423,0.897,32.0,0.5281250000000001,9.2,4.0,1.0,0.4,0.4,0.9,0.375,0.302,0.772,28.8,0.4895833333333333,10.0,10.4,1.1,0.4,1.1,1.4,0.527,0.0,0.665,27.8,0.7769784172661871,9.6,2.4,5.0,0.8,0.1,1.9,0.392,0.359,0.82,24.6,0.6504065040650407,9.8,2.8,2.0,0.8,0.1,1.0,0.402,0.37,0.844,24.6,0.5894308943089431,3.7,1.8,1.7,1.2,0.0,0.3,0.429,0.25,0.6,19.3,0.4196891191709844
2010-11,NOP,1610612740,1,First Round Exit,0.561,94.9,40.1,20.6,7.6,4.4,13.0,0.459,0.36,0.765,0.9,46.0,36.0,103.8,102.9,1.0,90.7,0.5292666666666667,0.375,15.9,4.1,9.8,2.4,0.1,2.2,0.463,0.388,0.878,36.0,0.8361111111111112,18.9,7.6,2.3,1.0,0.9,2.0,0.508,0.222,0.807,35.0,0.82,11.0,5.4,2.2,1.6,0.4,1.6,0.398,0.303,0.701,34.7,0.5475504322766569,10.3,9.5,0.6,0.6,1.8,1.7,0.573,0.0,0.562,31.8,0.6635220125786165,11.9,4.6,0.8,0.5,0.4,1.4,0.502,0.0,0.74,26.4,0.6363636363636365,10.5,1.9,1.2,0.5,0.1,1.0,0.437,0.414,0.784,24.5,0.5387755102040817,8.7,2.1,1.0,0.5,0.2,0.9,0.443,0.348,0.78,21.7,0.5345622119815667,8.9,2.1,2.9,0.7,0.1,1.3,0.408,0.306,0.85,20.8,0.6442307692307692
2010-11,NYK,1610612752,1,First Round Exit,0.512,106.5,40.5,21.4,7.6,5.8,13.7,0.457,0.368,0.809,0.8,42.0,40.0,108.3,107.6,0.8,97.8,0.4707333333333333,0.125,25.3,8.2,2.6,0.9,1.9,3.2,0.502,0.435,0.792,36.8,0.9701086956521738,25.6,7.3,2.9,0.9,0.6,2.7,0.455,0.378,0.838,35.7,0.9691876750700278,16.8,2.6,5.4,1.0,0.2,2.5,0.427,0.402,0.916,32.1,0.7320872274143303,9.7,6.4,1.9,1.0,0.2,1.3,0.497,0.393,0.769,31.0,0.5774193548387097,10.6,3.0,3.0,1.1,0.0,1.1,0.416,0.373,0.794,24.3,0.6831275720164609,7.1,3.7,0.7,0.6,0.8,0.7,0.426,0.401,0.837,20.7,0.5893719806763286,4.2,3.2,1.4,0.5,1.1,0.6,0.632,0.0,0.622,17.8,0.550561797752809,4.5,4.6,0.5,0.4,0.4,0.7,0.468,0.0,0.773,15.4,0.6298701298701299
2010-11,OKC,1610612760,3,Conference Finals,0.671,104.8,42.8,20.4,8.0,5.9,14.1,0.464,0.347,0.823,3.8,55.0,27.0,108.6,104.6,3.9,95.0,0.5292666666666667,0.75,27.7,6.8,2.7,1.1,1.0,2.8,0.462,0.35,0.88,38.9,0.9383033419023138,21.9,4.6,8.2,1.9,0.4,3.9,0.442,0.33,0.842,34.7,0.9538904899135446,9.9,7.6,0.3,0.4,2.4,0.9,0.543,0.0,0.75,27.0,0.7296296296296296,12.2,3.1,2.1,1.1,0.3,1.3,0.436,0.349,0.843,26.7,0.6554307116104869,5.1,4.4,1.4,1.2,0.5,0.7,0.471,0.275,0.747,25.9,0.4594594594594595,6.0,8.0,0.9,0.3,0.9,1.9,0.515,0.0,0.556,25.6,0.5546875,4.6,4.5,1.0,0.6,0.4,0.8,0.566,0.0,0.753,21.5,0.4790697674418604,6.8,1.5,1.9,0.5,0.1,1.2,0.399,0.325,0.818,17.2,0.558139534883721
2010-11,ORL,1610612753,1,First Round Exit,0.634,99.2,43.2,20.0,6.7,4.7,14.9,0.461,0.366,0.692,5.5,52.0,30.0,105.7,99.9,5.8,93.1,0.4707333333333333,0.625,22.9,14.1,1.4,1.4,2.4,3.6,0.593,0.0,0.596,37.6,1.026595744680851,15.6,4.1,1.8,1.2,0.2,1.2,0.447,0.395,0.73,33.9,0.640117994100295,10.8,4.4,4.2,0.9,0.4,1.6,0.446,0.41,0.679,31.4,0.60828025477707,13.1,3.0,6.0,1.0,0.0,2.6,0.446,0.401,0.802,30.5,0.6721311475409836,11.2,5.6,0.8,0.4,0.7,1.3,0.515,0.0,0.815,26.1,0.6666666666666664,10.8,2.7,3.9,1.1,0.3,2.5,0.366,0.297,0.784,25.7,0.6342412451361868,10.1,1.9,1.7,0.5,0.1,0.9,0.441,0.397,0.875,25.6,0.5234374999999999,10.6,5.5,0.8,0.5,0.6,0.8,0.43,0.393,0.812,22.3,0.7713004484304934
2010-11,PHI,1610612755,1,First Round Exit,0.5,99.0,41.8,22.7,7.6,4.3,13.0,0.461,0.355,0.77,1.5,41.0,41.0,104.0,102.5,1.6,94.0,0.4707333333333333,0.75,14.1,5.8,6.3,1.5,0.6,2.1,0.445,0.337,0.693,36.8,0.7119565217391305,14.0,4.0,6.5,1.5,0.4,2.7,0.446,0.365,0.823,35.4,0.6694915254237288,15.0,8.3,1.5,1.1,1.3,1.2,0.512,0.0,0.78,34.7,0.7492795389048992,10.5,2.3,1.1,0.9,0.1,0.8,0.425,0.397,0.894,27.9,0.5053763440860215,12.7,5.3,1.0,1.1,0.3,1.2,0.541,0.273,0.707,26.0,0.7384615384615386,13.7,2.0,3.4,0.6,0.2,1.4,0.406,0.348,0.823,23.3,0.7939914163090128,7.2,3.9,2.0,0.6,0.2,1.0,0.425,0.318,0.808,23.0,0.5608695652173913,7.2,5.7,1.5,0.4,0.9,1.2,0.465,0.243,0.534,21.2,0.6839622641509435
2010-11,PHX,1610612756,0,Missed Playoffs,0.488,105.0,40.2,23.7,6.6,4.4,14.3,0.47,0.377,0.759,-0.9,40.0,42.0,107.0,107.9,-0.9,96.5,0.5292666666666667,0.5,14.7,3.5,11.4,0.6,0.1,3.5,0.492,0.395,0.912,33.3,0.804804804804805,12.7,6.7,1.2,0.6,1.0,0.9,0.432,0.39,0.832,33.0,0.6454545454545455,13.2,4.2,2.5,0.8,0.4,1.7,0.484,0.395,0.829,30.1,0.6445182724252491,14.0,3.8,2.0,0.9,0.3,1.2,0.437,0.361,0.74,28.1,0.7046263345195729,10.6,3.9,1.3,1.1,0.2,0.9,0.477,0.415,0.743,26.1,0.6206896551724139,10.2,7.9,0.9,0.5,1.1,1.0,0.561,0.25,0.725,25.4,0.7716535433070867,10.7,1.3,3.9,0.6,0.1,1.7,0.375,0.297,0.886,21.8,0.6834862385321102,7.2,2.2,0.6,0.5,0.4,0.7,0.392,0.36,0.684,19.4,0.5257731958762888
2010-11,POR,1610612757,1,First Round Exit,0.585,96.3,39.3,21.2,8.0,4.4,13.0,0.447,0.345,0.804,1.5,48.0,34.0,105.6,103.9,1.7,90.6,0.5292666666666667,0.75,21.8,8.8,2.1,1.0,1.2,1.9,0.5,0.174,0.791,39.6,0.8333333333333335,15.7,8.0,2.4,1.5,0.9,2.1,0.454,0.333,0.746,37.9,0.6965699208443271,15.9,3.1,2.0,1.2,0.1,1.7,0.449,0.407,0.844,33.6,0.6130952380952381,12.7,3.7,7.0,1.4,0.1,2.4,0.46,0.108,0.853,32.7,0.6880733944954128,12.4,4.5,1.5,0.9,0.6,1.0,0.455,0.345,0.841,31.5,0.6,12.2,2.6,2.7,0.8,0.3,1.2,0.4,0.333,0.848,27.9,0.6236559139784947,4.7,10.3,2.1,0.7,1.6,1.1,0.398,0.0,0.614,26.1,0.7011494252873564,8.6,2.2,2.5,1.1,0.2,1.1,0.37,0.321,0.863,23.3,0.5793991416309012
2010-11,SAC,1610612758,0,Missed Playoffs,0.293,99.4,43.9,20.4,7.4,4.8,16.1,0.449,0.335,0.734,-5.3,24.0,58.0,100.6,106.0,-5.4,98.0,0.5292666666666667,0.625,17.8,4.8,5.6,1.5,0.5,3.2,0.409,0.291,0.771,37.0,0.7297297297297298,13.7,3.4,4.9,1.2,0.1,1.8,0.5,0.357,0.864,34.6,0.6213872832369942,14.1,8.6,2.5,1.0,0.8,3.3,0.43,0.167,0.687,28.5,0.831578947368421,12.8,3.5,1.8,0.9,0.1,1.3,0.434,0.367,0.788,24.3,0.7325102880658436,8.1,8.2,0.8,0.5,1.5,1.7,0.473,0.0,0.73,24.2,0.7190082644628099,8.6,4.3,1.0,0.8,0.2,1.0,0.412,0.372,0.673,24.0,0.5791666666666666,9.7,2.3,1.2,0.9,0.8,0.8,0.436,0.362,0.855,23.9,0.5899581589958159,8.8,6.1,1.2,0.4,0.6,1.3,0.507,0.0,0.605,23.3,0.6781115879828327
2010-11,SAS,1610612759,1,First Round Exit,0.744,103.7,41.9,22.4,7.3,4.5,13.4,0.475,0.397,0.767,5.7,61.0,21.0,109.4,103.4,6.0,94.3,0.5292666666666667,0.875,17.5,3.1,6.6,1.2,0.0,2.6,0.519,0.357,0.769,32.4,0.7962962962962964,11.0,3.8,1.3,0.5,0.4,1.1,0.474,0.44,0.759,30.4,0.5230263157894737,17.4,3.7,4.9,1.5,0.4,2.2,0.433,0.349,0.871,30.3,0.8481848184818481,13.4,8.9,2.7,0.7,1.9,1.6,0.5,0.0,0.716,28.4,0.9154929577464788,11.6,2.6,2.5,0.9,0.3,1.3,0.453,0.377,0.863,28.3,0.5865724381625441,7.3,3.6,0.9,0.4,0.3,0.4,0.464,0.457,0.744,21.7,0.5576036866359448,8.3,7.0,1.0,1.2,0.5,1.4,0.501,0.0,0.657,21.4,0.7757009345794393,9.8,2.5,1.2,0.3,0.1,1.0,0.451,0.419,0.808,21.1,0.6113744075829384
2010-11,TOR,1610612761,0,Missed Playoffs,0.268,99.1,40.3,21.9,7.1,4.3,14.7,0.465,0.316,0.755,-6.3,22.0,60.0,103.3,109.8,-6.5,95.5,0.4707333333333333,0.625,21.4,5.2,1.8,0.5,0.7,2.3,0.448,0.345,0.82,35.7,0.764705882352941,17.2,3.8,1.8,1.0,0.4,1.8,0.467,0.096,0.813,34.8,0.6436781609195402,9.8,3.0,8.9,1.2,0.1,2.2,0.44,0.365,0.854,30.9,0.673139158576052,4.4,11.5,1.3,1.0,0.2,1.3,0.408,0.0,0.545,26.6,0.6428571428571428,11.2,4.5,1.0,0.5,0.2,1.7,0.438,0.298,0.631,26.5,0.5924528301886792,9.6,6.4,1.1,0.7,1.2,1.0,0.568,0.0,0.788,25.7,0.7003891050583658,7.7,7.1,0.6,0.6,1.0,0.7,0.576,0.0,0.555,24.6,0.6626016260162602,13.3,1.7,2.1,0.9,0.1,1.4,0.45,0.338,0.796,24.0,0.6958333333333334
2010-11,UTA,1610612762,0,Missed Playoffs,0.476,99.4,39.5,23.4,7.7,5.9,14.3,0.465,0.346,0.771,-1.8,39.0,43.0,104.9,106.8,-1.9,93.8,0.5292666666666667,0.375,18.6,9.7,1.8,0.6,1.9,1.3,0.496,0.0,0.761,35.9,0.871866295264624,17.3,7.6,2.5,1.4,0.9,1.9,0.531,0.391,0.757,34.3,0.8104956268221574,15.2,2.4,7.1,1.0,0.1,2.9,0.422,0.322,0.833,31.7,0.722397476340694,11.7,5.1,3.0,1.3,1.2,1.8,0.467,0.367,0.77,31.2,0.6570512820512819,8.0,2.6,1.7,0.8,0.2,0.9,0.409,0.352,0.892,30.8,0.4025974025974025,12.8,3.3,1.7,0.9,0.5,1.2,0.407,0.322,0.811,25.2,0.7142857142857143,6.8,5.3,0.5,0.4,0.9,1.0,0.517,0.0,0.595,19.7,0.6548223350253808,4.3,2.3,3.5,0.8,0.2,1.5,0.41,0.336,0.671,19.6,0.4897959183673468
2010-11,WAS,1610612764,0,Missed Playoffs,0.28,97.3,41.3,19.4,8.1,6.1,15.3,0.443,0.332,0.745,-7.4,23.0,59.0,99.6,107.1,-7.6,96.5,0.4707333333333333,0.5,16.4,4.6,8.3,1.8,0.5,3.8,0.409,0.296,0.766,37.8,0.7354497354497356,16.8,8.2,2.3,1.5,0.8,2.7,0.445,0.222,0.777,33.9,0.7935103244837759,11.7,5.1,1.6,0.9,0.5,1.5,0.433,0.357,0.802,32.0,0.5718749999999999,17.4,2.7,1.2,0.7,0.3,1.4,0.441,0.387,0.816,31.8,0.6572327044025157,10.1,8.0,0.5,0.5,2.4,1.3,0.55,0.0,0.583,27.8,0.7266187050359711,11.7,2.5,2.8,0.9,0.1,2.0,0.384,0.258,0.869,24.4,0.6557377049180328,8.4,4.1,1.3,0.7,0.3,1.1,0.358,0.241,0.617,22.7,0.6035242290748899,6.3,2.1,0.6,0.5,0.2,0.5,0.417,0.329,0.897,21.2,0.4339622641509433
2011-12,ATL,1610612737,1,First Round Exit,0.606,96.6,41.2,22.4,8.1,4.6,14.0,0.454,0.37,0.74,3.4,40.0,26.0,102.4,98.7,3.6,92.4,0.4787333333333333,0.875,18.8,3.7,3.9,0.8,0.2,1.9,0.454,0.388,0.849,35.4,0.7203389830508475,18.8,9.6,3.9,1.4,1.7,2.5,0.458,0.257,0.63,35.3,0.9320113314447592,12.6,2.4,4.9,1.6,0.6,2.0,0.476,0.342,0.757,33.1,0.6072507552870091,12.4,7.0,2.2,0.9,1.3,1.5,0.553,0.0,0.733,31.6,0.7056962025316454,7.8,7.9,1.4,0.9,0.5,1.4,0.499,0.0,0.741,28.3,0.6042402826855123,10.2,5.2,1.2,0.8,0.3,0.7,0.432,0.389,0.788,26.3,0.6463878326996197,6.6,2.1,2.8,0.8,0.2,1.2,0.414,0.346,0.781,25.8,0.437984496124031,7.6,1.5,0.8,0.4,0.1,0.6,0.471,0.442,0.857,17.4,0.5632183908045978
2011-12,BOS,1610612738,3,Conference Finals,0.591,91.8,38.8,23.6,7.5,5.5,14.8,0.46,0.367,0.778,2.5,39.0,27.0,98.9,96.2,2.7,92.3,0.4787333333333333,0.75,11.9,4.8,11.7,1.8,0.1,3.6,0.448,0.238,0.597,36.9,0.7235772357723578,14.2,3.1,2.4,1.1,0.2,1.5,0.458,0.453,0.915,34.0,0.5735294117647058,19.4,5.2,4.5,1.1,0.4,2.8,0.443,0.366,0.852,34.0,0.8176470588235293,12.5,6.2,0.9,0.6,0.9,1.1,0.479,0.0,0.81,31.7,0.6309148264984226,15.8,8.2,2.9,0.9,1.0,1.8,0.503,0.333,0.857,31.1,0.8681672025723471,5.0,5.4,0.4,0.3,1.7,0.8,0.433,0.0,0.677,22.8,0.5263157894736842,6.9,3.1,0.6,0.5,0.2,0.8,0.385,0.335,0.645,21.9,0.4794520547945205,7.6,1.8,1.4,0.7,0.2,1.2,0.498,0.407,0.795,21.4,0.4906542056074767
2011-12,CHA,1610612766,0,Missed Playoffs,0.106,87.0,39.0,20.1,6.0,5.5,14.5,0.414,0.295,0.746,-13.9,7.0,59.0,92.3,107.1,-14.8,93.9,0.4787333333333333,0.25,15.1,4.1,2.3,0.9,0.4,1.8,0.459,0.234,0.76,33.3,0.6306306306306306,11.1,2.3,6.4,0.8,0.0,2.3,0.376,0.341,0.875,29.3,0.6245733788395903,15.0,3.9,1.2,0.7,0.0,1.8,0.373,0.364,0.856,27.5,0.6909090909090908,12.1,3.5,4.4,0.9,0.3,1.8,0.366,0.305,0.789,27.2,0.7132352941176471,5.2,5.8,0.4,0.3,1.8,1.1,0.464,0.0,0.483,23.1,0.5367965367965368,8.3,2.8,1.8,0.6,0.1,1.0,0.416,0.308,0.725,22.6,0.5575221238938053,9.3,5.0,0.9,0.3,0.8,1.1,0.425,0.235,0.821,22.5,0.6755555555555556,8.1,3.6,1.0,0.7,0.2,0.8,0.518,0.25,0.667,22.2,0.5765765765765765
2011-12,CHI,1610612741,1,First Round Exit,0.758,96.3,46.7,23.1,6.9,5.9,14.0,0.452,0.375,0.722,8.2,50.0,16.0,104.5,95.7,8.9,91.6,0.4787333333333333,0.875,15.3,6.5,2.9,1.0,0.7,1.8,0.412,0.367,0.77,39.4,0.6243654822335025,21.8,3.4,7.9,0.9,0.7,3.1,0.435,0.312,0.812,35.2,0.8977272727272727,10.2,9.8,2.5,0.6,1.4,1.4,0.508,0.0,0.748,30.4,0.7598684210526316,15.0,8.5,1.9,1.0,0.4,1.7,0.532,0.0,0.693,29.5,0.8508474576271186,11.6,2.4,3.0,0.4,0.0,1.8,0.452,0.37,0.784,24.9,0.6265060240963854,6.9,3.5,2.1,1.1,0.3,0.9,0.427,0.275,0.56,24.8,0.5241935483870968,9.7,2.1,4.1,0.9,0.2,2.0,0.368,0.393,0.808,23.7,0.6329113924050631,8.1,2.4,1.7,0.6,0.2,0.8,0.432,0.435,0.833,22.6,0.5398230088495574
2011-12,CLE,1610612739,0,Missed Playoffs,0.318,93.0,42.3,19.8,7.1,4.0,15.4,0.422,0.346,0.716,-7.2,21.0,45.0,98.1,105.7,-7.6,94.1,0.4787333333333333,0.625,17.2,6.3,2.0,0.8,0.7,1.4,0.403,0.341,0.683,33.1,0.7734138972809668,10.8,11.5,1.7,1.4,0.7,1.8,0.514,0.0,0.672,31.4,0.7738853503184713,18.5,3.7,5.4,1.1,0.4,3.1,0.469,0.399,0.872,30.5,0.8524590163934426,6.0,3.5,1.5,1.0,0.0,1.5,0.417,0.5,0.0,29.4,0.3571428571428571,10.6,5.1,1.8,1.3,0.3,1.8,0.412,0.321,0.788,29.0,0.596551724137931,7.5,2.9,2.2,0.7,0.5,1.3,0.351,0.396,0.791,26.2,0.4770992366412214,7.2,2.7,2.4,0.7,0.1,1.0,0.433,0.362,0.625,25.1,0.4820717131474103,8.2,6.5,0.5,0.5,1.0,1.4,0.439,0.0,0.552,23.7,0.6455696202531646
2011-12,DAL,1610612742,1,First Round Exit,0.545,95.8,42.8,20.9,8.6,5.1,14.0,0.443,0.339,0.771,1.0,36.0,30.0,101.0,100.0,1.0,93.5,0.5210666666666667,0.75,21.6,6.7,2.2,0.7,0.5,1.9,0.457,0.368,0.896,33.5,0.8895522388059701,15.1,2.4,3.6,1.2,0.2,2.0,0.43,0.378,0.883,31.7,0.6466876971608833,10.6,7.4,2.1,1.1,0.6,1.6,0.446,0.294,0.796,30.5,0.6622950819672132,6.2,4.1,5.5,1.7,0.2,1.9,0.363,0.354,0.786,28.7,0.5505226480836237,10.1,3.4,2.3,0.9,0.4,1.4,0.411,0.361,0.826,25.3,0.6205533596837943,9.6,2.3,3.2,1.3,0.3,1.7,0.461,0.355,0.886,24.1,0.6224066390041494,8.9,2.8,2.9,1.1,0.5,1.3,0.422,0.288,0.841,21.7,0.6866359447004607,5.2,6.0,0.4,0.4,1.0,0.9,0.518,0.0,0.469,21.2,0.5707547169811321
2011-12,DEN,1610612743,1,First Round Exit,0.576,104.1,43.1,24.0,8.2,5.0,15.4,0.476,0.332,0.735,2.9,38.0,28.0,106.5,103.5,2.9,96.6,0.5210666666666667,0.625,16.4,3.7,6.6,1.3,0.1,2.4,0.488,0.365,0.824,34.8,0.7385057471264368,15.2,3.2,2.4,0.6,0.2,1.4,0.471,0.398,0.798,33.7,0.5994065281899109,14.6,4.7,2.7,1.0,0.5,1.6,0.414,0.328,0.871,31.4,0.697452229299363,14.2,6.1,1.4,0.9,0.2,1.8,0.446,0.333,0.676,27.5,0.7636363636363633,9.7,3.3,6.7,1.0,0.1,2.7,0.438,0.217,0.811,27.4,0.6605839416058396,9.4,5.1,2.1,0.8,0.8,2.3,0.392,0.25,0.833,26.8,0.5932835820895523,11.3,7.8,0.5,0.6,2.2,1.4,0.556,0.0,0.461,25.2,0.8333333333333335,8.6,2.1,2.4,1.0,0.1,1.3,0.44,0.328,0.698,22.9,0.5633187772925764
2011-12,DET,1610612765,0,Missed Playoffs,0.379,90.9,40.3,18.7,7.0,4.2,15.7,0.438,0.346,0.752,-4.8,25.0,41.0,97.8,102.9,-5.2,92.2,0.4787333333333333,0.75,12.7,4.5,2.4,0.4,0.5,1.2,0.421,0.356,0.774,33.1,0.5830815709969788,12.8,3.2,3.8,0.7,0.2,2.6,0.415,0.38,0.759,32.2,0.5621118012422359,15.4,9.7,2.3,1.3,0.7,2.4,0.521,0.0,0.739,31.5,0.8571428571428572,14.8,2.6,3.8,0.8,0.2,1.9,0.429,0.317,0.834,29.9,0.6789297658862878,12.5,2.3,2.4,0.7,0.2,2.2,0.442,0.429,0.86,26.9,0.5910780669144982,8.7,4.8,0.7,0.6,0.3,1.0,0.468,0.302,0.806,22.9,0.6157205240174672,6.5,5.1,0.6,0.5,0.8,1.1,0.478,0.0,0.547,22.5,0.5511111111111111,1.4,4.3,0.7,0.8,0.8,0.5,0.395,0.25,0.34,15.8,0.4746835443037974
2011-12,GSW,1610612744,0,Missed Playoffs,0.348,97.8,39.2,22.3,8.0,5.5,13.9,0.457,0.388,0.77,-3.4,23.0,43.0,103.1,106.7,-3.6,94.4,0.5210666666666667,0.375,20.1,9.6,2.8,0.9,0.4,2.6,0.503,0.0,0.782,37.2,0.8387096774193546,14.7,3.4,5.3,1.5,0.3,2.5,0.49,0.455,0.809,28.1,0.8078291814946619,9.2,3.5,1.4,0.6,0.3,0.8,0.416,0.42,0.694,27.7,0.5126353790613718,10.3,4.6,1.5,1.0,0.4,0.8,0.422,0.36,0.816,27.0,0.6296296296296295,9.8,3.9,1.4,0.5,0.9,1.0,0.501,0.452,0.793,26.4,0.5871212121212122,12.5,2.4,2.0,0.7,0.3,1.6,0.443,0.414,0.868,24.4,0.6680327868852458,11.2,2.0,4.5,1.2,0.0,1.5,0.424,0.365,0.832,23.4,0.7435897435897436,6.3,6.3,0.4,0.9,0.0,1.6,0.525,0.0,0.441,20.8,0.5913461538461539
2011-12,HOU,1610612745,0,Missed Playoffs,0.515,98.1,42.2,21.3,7.5,4.8,14.5,0.449,0.359,0.782,0.2,34.0,32.0,102.7,102.5,0.2,94.1,0.5210666666666667,0.75,14.3,4.5,6.6,1.6,0.3,2.8,0.409,0.374,0.864,32.1,0.7632398753894081,17.1,2.7,2.8,0.7,0.1,1.8,0.413,0.347,0.894,31.6,0.6835443037974683,15.5,6.5,2.1,0.5,0.4,2.3,0.491,0.0,0.773,31.3,0.7252396166134185,11.4,2.7,1.5,1.2,0.4,1.1,0.433,0.401,0.826,30.3,0.5313531353135312,9.5,4.8,2.1,1.2,0.5,1.3,0.452,0.337,0.551,28.6,0.5874125874125874,11.7,2.5,5.3,1.3,0.2,2.4,0.462,0.337,0.805,26.5,0.7018867924528303,7.7,4.5,0.8,0.4,0.6,0.8,0.44,0.0,0.702,23.2,0.5689655172413793,4.9,9.0,1.8,0.8,1.4,1.0,0.446,0.4,0.453,22.9,0.7379912663755458
2011-12,IND,1610612754,2,Second Round Exit,0.636,97.7,43.9,18.6,7.9,5.4,14.0,0.438,0.368,0.782,3.3,42.0,24.0,103.5,100.0,3.5,93.5,0.4787333333333333,0.625,18.7,5.0,1.8,1.0,0.6,1.8,0.416,0.381,0.873,33.3,0.7597597597597598,10.4,3.1,4.8,0.8,0.2,1.9,0.44,0.362,0.83,31.3,0.5559105431309904,12.8,8.8,1.7,0.5,2.0,2.0,0.497,0.0,0.711,29.8,0.7986577181208053,12.1,5.6,2.4,1.6,0.6,1.8,0.44,0.385,0.802,29.7,0.6902356902356902,12.8,6.6,2.1,0.8,0.7,1.4,0.487,0.222,0.807,29.2,0.7397260273972603,9.6,3.0,2.9,0.8,0.3,1.0,0.442,0.367,0.778,25.5,0.611764705882353,9.3,4.4,0.5,0.8,0.1,1.0,0.405,0.0,0.813,21.8,0.6467889908256881,11.1,2.0,1.5,0.9,0.1,1.5,0.425,0.382,0.815,21.6,0.6527777777777777
2011-12,LAC,1610612746,2,Second Round Exit,0.606,97.5,41.6,21.0,8.4,4.8,13.3,0.455,0.357,0.68,2.6,40.0,26.0,105.2,102.4,2.8,92.0,0.5210666666666667,0.5,19.8,3.6,9.1,2.5,0.1,2.1,0.478,0.371,0.861,36.3,0.9090909090909092,20.7,10.9,3.2,0.8,0.7,2.3,0.549,0.125,0.521,36.2,0.9392265193370168,15.0,2.5,4.0,0.5,0.2,1.9,0.364,0.384,0.895,30.3,0.66996699669967,12.0,3.7,1.2,0.8,0.1,1.2,0.407,0.358,0.813,29.7,0.5589225589225589,13.2,1.9,3.1,1.0,0.1,1.7,0.426,0.389,0.9,28.3,0.6219081272084807,14.2,2.1,0.9,0.7,0.3,1.3,0.403,0.365,0.852,27.9,0.6057347670250895,7.4,8.3,0.3,0.5,2.0,1.1,0.632,0.0,0.525,27.2,0.6397058823529411,11.0,2.1,2.2,0.7,0.4,1.1,0.398,0.386,0.859,25.9,0.5907335907335908
2011-12,LAL,1610612747,2,Second Round Exit,0.621,97.3,46.2,22.5,5.9,5.3,15.1,0.457,0.326,0.756,1.4,41.0,25.0,103.3,101.8,1.5,92.9,0.5210666666666667,0.875,27.9,5.4,4.6,1.2,0.3,3.5,0.43,0.303,0.845,38.5,0.9324675324675324,17.4,10.4,3.6,0.6,1.4,2.2,0.501,0.259,0.782,37.4,0.8342245989304813,18.7,11.8,1.4,0.5,1.9,2.5,0.558,0.2,0.692,35.2,0.9034090909090908,7.7,3.4,2.2,1.1,0.4,1.1,0.394,0.296,0.617,26.9,0.5092936802973979,11.3,3.3,5.5,0.7,0.0,2.2,0.428,0.443,0.782,26.7,0.6966292134831461,5.2,1.6,3.3,0.7,0.0,1.4,0.377,0.335,0.778,23.3,0.4034334763948498,7.8,5.5,2.0,0.6,0.8,1.2,0.452,0.333,0.742,22.9,0.6768558951965066,4.0,2.3,0.5,0.5,0.3,0.8,0.416,0.0,0.657,16.5,0.4121212121212121
2011-12,MEM,1610612763,1,First Round Exit,0.621,95.0,42.0,19.5,9.6,5.2,14.5,0.447,0.326,0.759,2.0,41.0,25.0,101.0,98.8,2.1,93.5,0.5210666666666667,0.75,19.0,6.4,2.3,1.5,0.8,2.5,0.455,0.312,0.791,37.3,0.7372654155495979,14.6,8.9,3.1,1.0,1.9,1.9,0.482,0.083,0.748,36.5,0.7561643835616438,12.7,2.5,6.5,2.2,0.2,2.0,0.433,0.377,0.861,35.1,0.6296296296296295,12.6,3.2,2.6,1.1,0.3,1.9,0.408,0.364,0.773,26.8,0.6679104477611942,9.8,4.0,1.4,1.8,0.6,1.6,0.469,0.308,0.8,26.3,0.6083650190114068,11.6,8.0,1.7,0.8,0.1,1.4,0.463,0.25,0.659,26.2,0.7938931297709926,8.8,6.2,0.8,0.4,0.5,1.2,0.453,0.0,0.771,22.4,0.6919642857142858,10.9,2.9,2.3,0.9,0.2,2.0,0.383,0.25,0.829,20.9,0.7272727272727273
2011-12,MIA,1610612748,5,Champion,0.697,98.5,41.6,20.0,8.9,5.4,15.2,0.469,0.359,0.775,6.0,46.0,20.0,104.3,98.0,6.3,93.2,0.4787333333333333,0.75,27.1,7.9,6.2,1.9,0.8,3.4,0.531,0.362,0.771,37.5,1.08,18.0,7.9,1.8,0.9,0.8,2.1,0.487,0.286,0.821,35.2,0.7755681818181817,22.1,4.8,4.6,1.7,1.3,2.6,0.497,0.268,0.791,33.2,0.9608433734939756,9.8,2.7,3.5,1.5,0.2,2.2,0.448,0.388,0.792,28.5,0.543859649122807,6.0,7.3,0.7,0.5,0.4,0.9,0.423,0.0,0.814,24.8,0.564516129032258,4.8,2.4,1.3,1.0,0.5,0.6,0.387,0.339,0.622,23.1,0.4069264069264069,3.4,3.9,0.1,0.6,1.3,0.7,0.559,0.0,0.69,21.1,0.4075829383886255,6.8,1.4,2.0,0.7,0.0,1.6,0.393,0.276,0.776,19.4,0.479381443298969
2011-12,MIL,1610612749,0,Missed Playoffs,0.47,99.0,42.5,23.5,8.3,5.1,14.1,0.443,0.345,0.774,0.3,31.0,35.0,102.4,102.1,0.3,96.6,0.4787333333333333,0.75,20.4,3.4,6.0,1.5,0.3,3.1,0.433,0.308,0.796,36.6,0.7786885245901638,19.1,3.4,5.5,1.6,0.3,2.2,0.418,0.332,0.808,35.3,0.784702549575071,11.3,8.3,2.6,1.0,2.0,2.0,0.449,0.0,0.609,30.3,0.7656765676567657,9.0,3.9,2.3,1.5,0.2,1.2,0.402,0.36,0.792,28.5,0.5508771929824561,13.0,8.8,1.2,0.7,0.7,1.3,0.492,0.455,0.781,27.6,0.8369565217391303,12.3,3.7,2.1,0.5,0.1,1.1,0.474,0.399,0.811,26.3,0.6692015209125476,13.7,6.5,2.6,0.8,0.6,1.9,0.437,0.291,0.846,26.2,0.8511450381679391,7.7,5.3,0.7,0.9,0.5,0.9,0.51,0.25,0.641,23.5,0.6042553191489362
2011-12,MIN,1610612750,0,Missed Playoffs,0.394,97.9,43.7,19.5,6.6,4.4,15.2,0.433,0.332,0.771,-2.2,26.0,40.0,101.5,103.8,-2.3,95.9,0.5210666666666667,0.75,26.0,13.3,2.0,0.9,0.5,2.3,0.448,0.372,0.824,39.0,1.0358974358974358,10.6,4.2,8.2,2.2,0.2,3.2,0.357,0.34,0.803,34.2,0.6491228070175438,12.1,2.7,4.8,1.1,0.3,1.8,0.44,0.322,0.891,33.0,0.5818181818181819,13.9,7.4,0.7,0.6,0.7,1.9,0.564,0.0,0.743,26.9,0.7955390334572492,11.3,2.8,5.7,0.5,0.0,2.5,0.4,0.371,0.776,25.2,0.7063492063492064,6.9,3.6,0.9,0.7,0.4,1.0,0.423,0.339,0.792,24.2,0.4752066115702479,11.5,4.4,1.0,0.4,0.4,1.7,0.445,0.376,0.642,23.1,0.6926406926406924,6.0,2.7,0.9,0.5,0.7,0.9,0.398,0.314,0.706,22.6,0.4380530973451326
2011-12,BKN,1610612751,0,Missed Playoffs,0.333,93.1,40.3,19.9,7.5,3.9,15.1,0.425,0.342,0.777,-6.0,22.0,44.0,99.7,106.1,-6.4,93.1,0.4787333333333333,0.5,21.0,3.3,8.7,1.2,0.4,4.0,0.407,0.336,0.843,36.3,0.8429752066115703,13.8,6.7,2.8,1.5,0.6,1.9,0.454,0.307,0.8,35.8,0.6564245810055868,13.8,11.0,1.5,0.8,1.2,1.9,0.481,0.0,0.752,34.9,0.7564469914040115,12.6,3.6,2.3,0.9,0.3,2.1,0.428,0.313,0.764,29.4,0.5986394557823129,19.2,3.6,1.2,0.2,0.8,1.2,0.494,0.0,0.625,27.2,0.875,7.6,4.8,1.8,0.5,0.3,1.5,0.374,0.319,0.6,26.7,0.5056179775280899,12.0,2.0,1.0,0.7,0.1,1.1,0.413,0.371,0.933,26.4,0.5568181818181818,12.9,3.5,1.1,0.9,0.5,1.8,0.481,0.391,0.754,25.2,0.6785714285714285
2011-12,NOP,1610612740,0,Missed Playoffs,0.318,89.6,41.1,20.7,7.4,4.8,15.5,0.451,0.333,0.757,-3.8,21.0,45.0,98.3,102.4,-4.1,90.6,0.5210666666666667,0.625,20.6,2.8,3.4,1.4,0.4,2.7,0.45,0.25,0.754,34.5,0.7507246376811594,15.6,3.9,6.3,0.7,0.2,2.4,0.456,0.348,0.872,34.0,0.7147058823529412,10.8,5.2,3.3,1.7,0.6,1.9,0.417,0.333,0.775,32.9,0.5987841945288755,11.8,2.6,1.5,0.7,0.1,1.0,0.417,0.377,0.783,29.8,0.5268456375838927,13.1,7.7,2.1,0.5,1.6,2.7,0.446,0.0,0.785,29.2,0.7636986301369865,9.9,7.9,0.9,0.6,1.0,1.4,0.533,0.0,0.514,28.9,0.6539792387543254,8.9,2.6,5.4,0.9,0.1,2.2,0.43,0.319,0.821,25.8,0.6085271317829457,12.5,5.2,0.9,0.3,0.3,1.6,0.503,0.0,0.799,24.4,0.721311475409836
2011-12,NYK,1610612752,1,First Round Exit,0.545,97.8,41.7,20.1,9.4,4.2,16.0,0.443,0.336,0.741,3.2,36.0,30.0,101.4,98.1,3.3,95.9,0.4787333333333333,0.375,22.6,6.3,3.6,1.1,0.4,2.6,0.43,0.335,0.804,34.1,0.9208211143695014,11.3,9.9,0.9,0.9,1.4,1.6,0.679,0.0,0.689,33.2,0.6867469879518071,17.5,7.8,1.1,0.8,1.0,2.4,0.483,0.238,0.765,32.8,0.7865853658536587,9.5,3.2,2.8,1.7,0.1,1.9,0.401,0.306,0.798,28.9,0.5328719723183392,8.8,4.2,2.6,1.2,0.3,1.5,0.46,0.256,0.562,28.7,0.5435540069686412,12.5,3.9,2.4,1.5,0.2,1.3,0.407,0.347,0.709,27.6,0.6956521739130432,14.6,3.1,6.2,1.6,0.3,3.6,0.446,0.32,0.798,26.9,0.8252788104089219,6.1,1.9,4.7,1.2,0.1,2.6,0.37,0.306,0.667,20.5,0.5560975609756097
2011-12,OKC,1610612760,4,Finals Loss,0.712,103.1,43.7,18.5,7.5,8.2,16.3,0.471,0.358,0.806,6.1,47.0,19.0,107.1,100.8,6.4,95.3,0.5210666666666667,0.875,28.0,8.0,3.5,1.3,1.2,3.8,0.496,0.387,0.86,38.6,0.989637305699482,23.6,4.6,5.5,1.7,0.3,3.6,0.457,0.316,0.823,35.3,0.9093484419263456,16.8,4.1,3.7,1.0,0.2,2.2,0.491,0.39,0.846,31.4,0.751592356687898,9.1,7.5,0.4,0.5,3.7,1.2,0.535,0.333,0.661,27.1,0.7380073800738007,5.1,6.6,1.2,0.4,1.1,1.8,0.489,0.0,0.652,26.8,0.4701492537313432,5.6,1.9,2.7,0.8,0.1,1.2,0.371,0.321,0.851,23.9,0.4142259414225941,4.8,3.0,1.1,0.9,0.4,1.0,0.432,0.437,0.884,21.8,0.4220183486238532,4.5,4.3,1.3,0.5,0.4,1.0,0.597,0.0,0.71,20.7,0.4830917874396136
2011-12,ORL,1610612753,1,First Round Exit,0.561,94.2,42.5,20.0,6.8,4.2,14.9,0.441,0.375,0.66,0.8,37.0,29.0,102.4,101.6,0.9,91.2,0.4787333333333333,0.875,20.6,14.5,1.9,1.5,2.1,3.2,0.573,0.0,0.491,38.3,0.9765013054830288,16.1,7.7,0.9,0.8,0.4,0.9,0.439,0.393,0.877,32.2,0.7763975155279502,10.9,3.8,4.4,0.8,0.3,2.7,0.415,0.353,0.705,31.2,0.560897435897436,11.9,3.2,5.7,0.7,0.1,2.4,0.427,0.377,0.807,29.9,0.6421404682274249,11.6,3.6,2.0,1.0,0.4,1.1,0.408,0.368,0.594,29.5,0.5932203389830507,11.6,2.3,2.5,0.4,0.1,1.0,0.425,0.418,0.911,27.1,0.5867158671586715,9.3,5.4,0.8,0.7,0.3,1.2,0.421,0.143,0.683,23.4,0.6538461538461541,3.8,1.6,2.4,0.6,0.1,1.3,0.419,0.42,0.81,19.5,0.3692307692307692
2011-12,PHI,1610612755,2,Second Round Exit,0.53,93.6,43.2,22.0,8.0,5.2,11.2,0.448,0.362,0.742,4.2,35.0,31.0,101.7,97.1,4.6,91.6,0.4787333333333333,1.0,12.4,6.1,5.5,1.7,0.5,1.9,0.454,0.394,0.617,35.6,0.6825842696629213,13.5,3.3,4.5,1.6,0.3,2.1,0.432,0.38,0.783,33.8,0.6242603550295859,11.0,7.2,1.6,1.0,1.6,1.1,0.494,0.0,0.733,28.9,0.7370242214532873,12.8,5.2,1.2,1.0,0.7,0.9,0.507,0.25,0.771,27.9,0.7168458781362007,14.9,2.4,3.5,0.8,0.3,1.1,0.407,0.362,0.812,26.3,0.7908745247148289,9.4,5.8,2.8,0.6,0.3,1.6,0.446,0.224,0.676,26.3,0.6577946768060836,8.4,2.4,0.8,0.6,0.0,0.4,0.409,0.365,0.906,24.9,0.4738955823293173,9.6,7.3,2.6,0.4,1.3,1.5,0.489,0.25,0.727,24.9,0.7911646586345382
2011-12,PHX,1610612756,0,Missed Playoffs,0.5,98.4,41.7,22.5,6.5,5.5,14.1,0.458,0.343,0.757,-0.2,33.0,33.0,103.5,103.8,-0.3,95.0,0.5210666666666667,0.625,15.4,10.0,0.9,0.7,1.5,1.4,0.555,0.0,0.649,32.0,0.8468749999999999,12.5,3.0,10.7,0.6,0.1,3.7,0.532,0.39,0.894,31.6,0.7341772151898734,12.7,4.6,1.7,0.8,0.3,1.1,0.485,0.383,0.726,31.1,0.6109324758842443,10.2,3.5,2.2,0.8,0.6,1.3,0.446,0.264,0.761,28.1,0.5693950177935942,10.5,5.9,1.4,0.7,1.1,1.0,0.416,0.346,0.89,26.1,0.7126436781609194,11.0,2.7,1.2,0.7,0.3,1.1,0.42,0.362,0.808,23.7,0.6244725738396624,7.4,4.4,1.0,0.7,0.7,1.1,0.399,0.347,0.717,19.5,0.6717948717948717,8.2,1.5,0.6,0.3,0.0,0.7,0.4,0.318,0.793,15.1,0.6556291390728477
2011-12,POR,1610612757,0,Missed Playoffs,0.424,97.2,40.7,20.4,8.0,4.9,14.2,0.443,0.346,0.796,-0.6,28.0,38.0,102.8,103.4,-0.7,93.9,0.5210666666666667,0.375,21.7,8.0,2.4,0.9,0.8,2.0,0.512,0.182,0.814,36.3,0.8760330578512396,13.7,3.4,1.7,1.5,0.2,1.1,0.412,0.383,0.86,33.8,0.57396449704142,11.4,2.5,6.5,1.3,0.2,2.8,0.407,0.305,0.806,31.8,0.6006289308176099,13.9,4.6,1.4,1.0,1.0,1.5,0.451,0.391,0.836,30.4,0.6710526315789473,14.0,2.0,3.2,0.9,0.2,1.9,0.384,0.308,0.927,26.9,0.6840148698884758,8.4,6.2,0.8,0.6,0.6,1.3,0.467,0.0,0.642,23.0,0.665217391304348,2.0,5.1,0.2,0.1,0.6,0.8,0.458,0.0,0.611,16.6,0.433734939759036,3.0,3.5,0.9,0.5,0.6,0.6,0.465,0.0,0.7,15.1,0.5231788079470199
2011-12,SAC,1610612758,0,Missed Playoffs,0.333,98.8,42.9,19.3,8.5,4.9,14.4,0.436,0.316,0.736,-5.7,22.0,44.0,101.0,106.8,-5.8,97.4,0.5210666666666667,0.5,18.7,3.7,1.9,1.4,0.2,1.6,0.438,0.345,0.865,34.9,0.6962750716332377,16.5,4.6,4.5,1.3,0.5,2.7,0.453,0.202,0.779,34.3,0.7201166180758019,18.1,11.0,1.6,1.5,1.2,2.7,0.448,0.143,0.702,30.5,1.0065573770491805,7.5,2.9,2.0,0.8,0.2,1.0,0.409,0.295,0.644,27.2,0.4558823529411765,9.1,6.9,1.2,0.7,0.7,1.1,0.535,0.0,0.602,25.9,0.6756756756756755,11.5,2.6,4.1,0.8,0.1,1.6,0.448,0.379,0.832,25.5,0.6862745098039216,3.2,4.3,1.4,0.7,0.3,0.9,0.429,0.0,0.667,19.2,0.46875,7.6,1.2,1.8,0.5,0.0,1.1,0.386,0.361,0.833,18.6,0.5376344086021505
2011-12,SAS,1610612759,3,Conference Finals,0.758,103.7,43.0,23.2,7.4,4.4,13.6,0.478,0.393,0.748,7.2,50.0,16.0,108.5,101.0,7.5,94.9,0.5210666666666667,0.625,18.3,2.9,7.7,1.0,0.1,2.6,0.48,0.23,0.799,32.1,0.8535825545171338,15.4,9.0,2.3,0.7,1.5,1.7,0.492,0.0,0.695,28.2,0.9645390070921984,9.8,3.5,2.5,1.1,0.3,2.2,0.374,0.288,0.825,25.8,0.5813953488372094,6.4,4.9,3.6,0.6,0.4,2.0,0.444,0.313,0.629,25.0,0.556,7.9,5.1,1.1,1.3,0.4,0.7,0.493,0.376,0.773,24.0,0.6291666666666668,12.9,3.4,4.4,0.7,0.4,1.9,0.526,0.413,0.871,23.3,0.8540772532188842,9.1,3.5,1.3,0.9,0.7,1.0,0.442,0.436,0.79,23.1,0.6277056277056277,9.9,2.1,2.1,0.5,0.0,1.1,0.436,0.419,0.781,21.5,0.627906976744186
2011-12,TOR,1610612761,0,Missed Playoffs,0.348,90.7,42.0,20.9,6.5,4.9,15.2,0.44,0.34,0.77,-3.3,23.0,43.0,98.5,102.1,-3.6,91.4,0.4787333333333333,0.875,16.7,3.3,2.0,0.8,0.3,2.0,0.422,0.261,0.81,35.0,0.6028571428571429,10.5,3.0,8.8,0.9,0.1,2.0,0.457,0.371,0.882,33.9,0.6283185840707965,19.5,5.5,2.0,0.6,0.5,2.2,0.432,0.296,0.873,33.3,0.7777777777777779,9.6,2.0,1.5,0.3,0.2,1.5,0.387,0.393,0.853,27.1,0.4464944649446494,9.1,4.7,2.0,1.1,1.4,1.6,0.45,0.317,0.704,25.2,0.6626984126984127,7.1,6.4,1.2,0.5,1.1,1.5,0.576,0.4,0.69,24.3,0.6090534979423868,6.3,6.6,0.9,0.6,1.0,1.0,0.513,0.0,0.67,23.2,0.6206896551724137,11.4,2.1,3.8,0.8,0.1,1.7,0.424,0.423,0.852,22.7,0.7268722466960355
2011-12,UTA,1610612762,1,First Round Exit,0.545,99.7,44.2,21.8,8.3,5.8,14.2,0.456,0.323,0.754,0.6,36.0,30.0,103.7,103.1,0.6,94.1,0.5210666666666667,0.875,19.2,9.6,2.2,0.8,1.7,1.0,0.492,0.25,0.774,34.0,0.9558823529411764,16.6,8.8,2.3,1.8,0.8,1.8,0.495,0.226,0.792,32.8,0.8689024390243905,11.8,3.5,3.1,0.8,0.6,1.7,0.456,0.346,0.832,30.5,0.5934426229508198,11.3,1.8,5.0,1.0,0.2,1.9,0.445,0.362,0.746,27.6,0.6304347826086957,6.4,1.4,1.1,0.4,0.1,0.6,0.466,0.391,0.84,23.4,0.3760683760683761,8.7,3.7,1.2,0.7,0.2,1.2,0.399,0.243,0.773,23.0,0.5782608695652173,8.8,6.5,0.7,0.6,1.0,1.6,0.499,0.0,0.649,21.2,0.7547169811320755,3.0,2.4,4.3,1.1,0.4,1.7,0.338,0.192,0.674,20.7,0.4589371980676329
2011-12,WAS,1610612764,0,Missed Playoffs,0.303,93.6,41.7,19.1,8.0,6.3,15.3,0.441,0.32,0.727,-4.8,20.0,46.0,97.8,102.8,-5.0,95.6,0.4787333333333333,0.75,16.3,4.5,8.0,1.4,0.9,3.9,0.423,0.071,0.789,36.2,0.7513812154696132,13.7,7.5,2.1,1.1,1.0,2.5,0.537,0.0,0.673,28.5,0.8035087719298246,14.7,2.6,3.0,0.9,0.1,2.2,0.4,0.289,0.793,27.4,0.697080291970803,7.8,3.9,1.0,0.8,0.4,1.1,0.385,0.239,0.838,26.0,0.4923076923076923,8.4,6.5,0.8,1.0,0.9,1.2,0.531,0.5,0.602,25.2,0.6507936507936509,8.5,5.8,1.1,0.8,0.7,1.4,0.38,0.286,0.673,24.1,0.6431535269709543,9.3,3.4,0.6,0.6,0.1,0.8,0.44,0.387,0.579,23.0,0.5739130434782609,8.2,6.8,1.3,0.8,0.7,0.8,0.547,0.222,0.933,21.9,0.7762557077625571
2012-13,ATL,1610612737,1,First Round Exit,0.537,98.0,40.9,24.5,8.1,4.5,14.9,0.464,0.371,0.715,0.4,44.0,38.0,102.7,102.3,0.4,94.5,0.4702,0.5,17.4,10.2,3.2,1.1,1.1,2.0,0.543,0.5,0.644,37.2,0.8333333333333333,17.5,8.4,4.2,1.2,1.8,3.0,0.465,0.303,0.517,35.3,0.8526912181303116,14.6,2.3,7.2,1.5,0.4,2.9,0.451,0.359,0.881,32.9,0.7021276595744681,10.9,4.0,2.0,0.9,0.5,0.9,0.461,0.457,0.859,30.5,0.5704918032786884,14.1,2.1,3.6,1.1,0.3,1.9,0.422,0.367,0.868,28.7,0.672473867595819,9.9,2.0,3.4,1.1,0.2,1.5,0.438,0.335,0.727,24.5,0.616326530612245,5.9,6.5,1.5,0.7,0.2,1.3,0.473,0.0,0.757,21.8,0.6192660550458715,5.1,2.2,0.9,0.5,0.1,0.4,0.374,0.364,0.522,20.7,0.4057971014492753
2012-13,BOS,1610612738,1,First Round Exit,0.506,96.5,39.3,22.8,8.2,4.5,14.6,0.465,0.358,0.776,-0.2,41.0,40.0,101.1,101.3,-0.2,93.5,0.4702,0.625,13.7,5.6,11.1,1.8,0.2,3.9,0.484,0.24,0.645,37.4,0.7620320855614974,18.6,6.3,4.8,1.1,0.4,2.8,0.436,0.38,0.787,33.4,0.8502994011976049,14.8,7.8,2.3,1.1,0.9,1.6,0.496,0.125,0.786,29.7,0.8518518518518519,9.2,2.2,2.1,1.3,0.4,1.4,0.402,0.317,0.755,28.7,0.4808362369337979,12.8,3.9,1.6,0.7,0.8,1.6,0.467,0.385,0.808,27.8,0.6546762589928057,8.7,5.2,1.0,0.5,0.8,1.0,0.486,0.0,0.86,27.6,0.5507246376811593,10.1,2.0,2.5,0.8,0.1,1.3,0.434,0.372,0.87,26.9,0.5278810408921933,7.8,2.4,1.8,1.1,0.3,1.1,0.464,0.372,0.861,24.9,0.4939759036144578
2012-13,BKN,1610612751,1,First Round Exit,0.598,96.9,42.8,20.3,7.3,4.8,14.7,0.45,0.357,0.731,1.8,49.0,33.0,105.0,103.1,1.9,91.4,0.4702,0.5,16.3,3.0,3.5,0.7,0.2,1.7,0.423,0.375,0.82,36.7,0.5994550408719346,18.9,3.0,7.7,1.0,0.4,2.8,0.44,0.378,0.859,36.4,0.7747252747252746,19.4,6.9,0.9,0.4,2.1,1.8,0.521,0.0,0.758,30.5,0.9147540983606556,7.7,4.6,2.6,1.4,0.7,1.6,0.397,0.282,0.637,30.1,0.5116279069767442,4.5,11.1,0.5,0.9,0.2,1.4,0.479,0.0,0.509,24.6,0.6422764227642276,10.3,5.1,1.0,1.0,0.7,1.5,0.512,0.136,0.685,19.0,0.8736842105263157,6.8,1.8,2.0,0.8,0.2,0.9,0.418,0.411,0.78,19.0,0.5631578947368421,4.2,1.6,1.0,0.4,0.1,0.7,0.38,0.343,0.647,19.0,0.3473684210526316
2012-13,CHA,1610612766,0,Missed Playoffs,0.256,93.4,40.3,19.4,7.2,5.8,14.1,0.425,0.335,0.75,-9.2,21.0,61.0,98.3,108.0,-9.7,94.4,0.4702,0.5,17.7,3.5,5.7,2.0,0.4,2.4,0.423,0.322,0.798,34.9,0.7707736389684814,15.5,3.7,2.6,1.0,0.5,1.6,0.447,0.33,0.824,31.4,0.6910828025477707,4.8,7.3,0.4,0.4,1.8,1.0,0.451,0.0,0.521,27.3,0.5018315018315018,14.4,2.8,3.8,0.8,0.1,1.7,0.408,0.308,0.839,27.1,0.7453874538745389,10.6,6.4,1.5,0.6,0.6,1.4,0.385,0.317,0.646,26.9,0.6802973977695169,9.0,5.8,1.5,0.7,0.9,1.3,0.458,0.222,0.749,26.0,0.6384615384615384,6.0,4.9,2.1,0.5,0.4,1.0,0.455,0.286,0.765,22.2,0.5810810810810811,11.2,1.7,1.9,0.5,0.2,1.8,0.408,0.387,0.843,20.8,0.658653846153846
2012-13,CHI,1610612741,2,Second Round Exit,0.549,93.2,43.2,23.0,7.2,5.1,14.3,0.437,0.353,0.773,0.3,45.0,37.0,100.4,100.1,0.3,92.1,0.4702,0.625,16.5,6.3,3.0,1.1,0.4,1.9,0.426,0.322,0.816,38.7,0.6563307493540051,11.9,11.1,4.0,1.2,2.1,2.7,0.481,0.0,0.751,36.8,0.7500000000000001,16.2,9.8,2.3,0.8,0.4,2.2,0.477,0.0,0.731,32.2,0.8478260869565217,7.7,2.6,5.2,1.1,0.4,1.7,0.377,0.39,0.714,29.4,0.5204081632653061,8.6,4.0,1.4,1.0,0.4,0.8,0.467,0.381,0.803,26.0,0.5615384615384615,9.6,1.9,2.0,0.6,0.1,1.1,0.395,0.357,0.839,25.8,0.5077519379844961,13.1,2.2,4.4,1.0,0.1,1.8,0.433,0.405,0.799,25.4,0.7480314960629924,8.0,5.3,0.9,0.4,1.4,1.2,0.485,0.0,0.679,22.5,0.6577777777777778
2012-13,CLE,1610612739,0,Missed Playoffs,0.293,96.5,41.0,20.7,7.9,4.1,14.0,0.434,0.346,0.756,-4.7,24.0,58.0,100.8,105.7,-4.9,95.5,0.4702,0.5,14.1,14.4,3.4,1.5,0.6,1.8,0.478,0.0,0.755,36.0,0.8944444444444445,22.5,3.7,5.9,1.5,0.4,3.2,0.452,0.391,0.855,34.7,0.887608069164265,11.7,9.4,1.3,0.7,0.9,1.5,0.488,0.0,0.608,31.3,0.7188498402555911,10.3,3.9,1.6,1.3,0.4,1.6,0.41,0.315,0.795,31.0,0.5129032258064516,14.7,2.4,3.0,1.0,0.3,2.0,0.412,0.31,0.746,28.8,0.673611111111111,7.9,5.7,1.2,0.5,0.9,1.2,0.438,0.0,0.764,26.4,0.5681818181818182,6.3,2.4,3.3,0.7,0.5,1.2,0.48,0.0,0.867,22.0,0.5454545454545454,7.9,2.1,1.3,0.6,0.0,0.7,0.427,0.392,0.907,21.3,0.5258215962441315
2012-13,DAL,1610612742,0,Missed Playoffs,0.5,101.1,41.9,23.2,7.9,5.5,14.0,0.462,0.372,0.793,-0.6,41.0,41.0,103.6,104.2,-0.6,96.1,0.5299999999999999,0.375,15.3,3.5,4.4,1.1,0.3,2.6,0.449,0.407,0.82,35.5,0.619718309859155,17.3,6.8,2.5,0.7,0.7,1.3,0.471,0.414,0.86,31.3,0.853035143769968,12.1,7.8,2.4,1.1,0.7,1.5,0.514,0.315,0.782,30.0,0.7533333333333333,12.0,2.7,5.1,1.2,0.1,2.1,0.471,0.353,0.88,29.3,0.6484641638225255,13.4,4.1,2.4,0.9,0.5,1.3,0.435,0.406,0.816,25.8,0.7751937984496122,7.2,6.0,1.0,0.7,1.3,0.8,0.473,0.0,0.71,21.2,0.7264150943396226,10.5,5.6,0.8,0.4,0.8,1.6,0.507,0.0,0.788,20.7,0.7971014492753623,6.1,1.6,3.1,0.6,0.1,1.2,0.373,0.384,0.793,19.2,0.5364583333333333
2012-13,DEN,1610612743,1,First Round Exit,0.695,106.1,45.0,24.4,9.3,6.5,15.3,0.478,0.343,0.701,5.1,57.0,25.0,107.6,102.4,5.2,97.5,0.5299999999999999,0.875,13.0,5.3,5.4,1.7,0.7,2.6,0.451,0.317,0.574,34.7,0.6772334293948126,16.7,2.7,6.9,1.5,0.1,2.5,0.461,0.366,0.756,34.4,0.7383720930232558,16.2,5.2,2.5,0.9,0.5,1.6,0.418,0.373,0.822,32.5,0.7292307692307691,11.5,9.2,1.0,1.0,1.0,1.4,0.552,0.0,0.613,28.1,0.7935943060498221,9.6,2.9,5.9,0.9,0.1,2.1,0.479,0.266,0.84,26.2,0.6603053435114503,13.0,5.1,1.3,1.0,0.3,1.4,0.462,0.413,0.793,25.1,0.7689243027888447,12.1,2.9,1.5,1.4,0.3,1.2,0.425,0.296,0.69,24.4,0.6967213114754098,8.0,6.9,0.4,0.5,1.3,0.7,0.581,0.0,0.558,22.4,0.7321428571428573
2012-13,DET,1610612765,0,Missed Playoffs,0.354,94.9,42.1,21.2,7.0,4.9,15.1,0.449,0.356,0.699,-4.0,29.0,53.0,100.9,105.1,-4.2,93.4,0.4702,0.625,16.0,9.6,3.5,1.3,0.7,2.9,0.486,0.0,0.689,33.2,0.8493975903614458,13.3,3.3,4.0,0.8,0.1,2.7,0.407,0.367,0.733,31.5,0.5968253968253969,11.3,2.4,7.1,0.8,0.1,1.7,0.491,0.461,0.9,29.6,0.6756756756756758,11.5,2.8,3.6,0.7,0.2,1.8,0.406,0.302,0.783,28.6,0.5944055944055944,8.8,4.0,0.9,0.7,0.5,1.2,0.428,0.35,0.806,28.0,0.4892857142857143,6.9,5.7,0.8,0.4,1.3,1.1,0.446,0.0,0.621,24.8,0.5645161290322582,7.9,7.6,0.5,1.0,1.6,1.0,0.608,0.5,0.371,20.7,0.8502415458937199,9.8,1.5,3.6,0.7,0.1,1.9,0.469,0.316,0.809,18.8,0.7340425531914893
2012-13,GSW,1610612744,2,Second Round Exit,0.573,101.2,45.0,22.5,6.9,4.2,15.1,0.458,0.403,0.79,0.9,47.0,35.0,104.2,103.3,0.9,96.4,0.5299999999999999,0.375,22.9,4.0,6.9,1.6,0.2,3.1,0.451,0.453,0.9,38.2,0.8507853403141361,18.5,11.2,3.5,0.8,0.3,2.6,0.519,0.0,0.797,36.8,0.8614130434782609,16.6,3.7,2.2,1.0,0.5,1.9,0.422,0.401,0.841,35.8,0.61731843575419,12.9,3.1,5.6,0.8,0.1,2.0,0.452,0.404,0.843,29.7,0.6902356902356904,9.2,4.1,1.2,0.6,0.2,1.2,0.439,0.359,0.758,25.4,0.5551181102362204,5.8,7.7,2.1,0.6,1.7,1.1,0.451,1.0,0.5,24.6,0.6829268292682925,10.8,6.0,0.8,0.4,0.4,1.4,0.54,0.333,0.817,23.2,0.7327586206896552,2.4,4.0,0.3,0.3,0.9,0.8,0.438,0.0,0.531,14.4,0.4930555555555556
2012-13,HOU,1610612745,1,First Round Exit,0.549,106.0,43.4,23.2,8.3,4.4,16.4,0.461,0.366,0.754,3.5,45.0,37.0,106.7,103.2,3.5,98.8,0.5299999999999999,0.125,25.9,4.9,5.8,1.8,0.5,3.8,0.438,0.368,0.851,38.3,0.9164490861618798,15.5,5.3,3.5,1.0,0.4,1.9,0.486,0.385,0.729,36.3,0.6556473829201103,13.4,3.0,6.1,1.6,0.4,2.9,0.441,0.339,0.785,32.2,0.670807453416149,10.1,11.7,0.9,0.6,1.1,2.1,0.541,0.0,0.562,30.0,0.7433333333333333,10.6,3.3,2.0,1.0,0.1,1.1,0.405,0.375,0.857,25.2,0.6309523809523809,7.1,1.5,2.2,0.6,0.2,1.3,0.453,0.373,0.769,18.8,0.5478723404255318,5.5,1.6,1.1,0.8,0.7,0.6,0.393,0.374,0.857,17.7,0.5141242937853108,5.6,2.7,2.9,0.9,0.5,1.1,0.418,0.375,0.829,17.4,0.6609195402298852
2012-13,IND,1610612754,3,Conference Finals,0.605,94.7,45.9,20.3,7.2,6.3,15.1,0.436,0.347,0.746,4.0,49.0,32.0,101.6,97.3,4.3,92.5,0.4702,0.75,17.4,7.6,4.1,1.8,0.6,2.9,0.419,0.362,0.807,37.6,0.7606382978723405,14.2,3.7,4.7,1.1,0.3,1.5,0.443,0.368,0.817,34.5,0.6521739130434783,17.1,7.7,2.9,1.0,0.9,2.2,0.498,0.211,0.768,33.4,0.8203592814371258,8.8,3.9,2.9,1.0,0.2,1.4,0.46,0.33,0.652,29.2,0.5273972602739726,11.9,8.3,1.4,0.5,2.6,2.1,0.448,0.25,0.741,28.7,0.7874564459930314,7.0,2.4,0.8,0.3,0.4,0.9,0.366,0.314,0.8,18.0,0.5555555555555557,7.0,4.6,0.4,0.4,0.2,1.0,0.432,0.0,0.72,16.9,0.6863905325443788,5.0,3.9,0.3,0.5,0.8,1.2,0.453,0.0,0.608,16.5,0.5636363636363638
2012-13,LAC,1610612746,1,First Round Exit,0.683,101.1,41.6,23.9,9.6,5.6,14.6,0.478,0.358,0.711,6.5,56.0,26.0,107.7,100.8,6.9,93.6,0.5299999999999999,0.625,16.9,3.7,9.7,2.4,0.1,2.3,0.481,0.328,0.885,33.4,0.9131736526946108,18.0,8.3,3.7,1.2,0.6,2.3,0.538,0.179,0.66,32.5,0.9076923076923076,16.5,1.7,2.5,1.0,0.2,1.9,0.438,0.376,0.871,29.3,0.68259385665529,10.3,4.6,1.5,1.0,0.8,1.1,0.462,0.342,0.744,25.7,0.6653696498054474,8.8,7.2,0.3,0.6,1.4,1.2,0.643,0.0,0.386,24.5,0.6979591836734694,10.4,2.9,1.0,0.7,0.1,0.9,0.424,0.388,0.833,24.1,0.5892116182572613,8.5,3.0,3.1,1.4,0.7,1.8,0.445,0.397,0.791,20.4,0.7303921568627451,4.0,5.9,1.7,0.8,0.7,1.0,0.399,0.2,0.476,19.7,0.6142131979695431
2012-13,LAL,1610612747,1,First Round Exit,0.549,102.2,44.8,22.2,7.0,5.2,15.0,0.458,0.355,0.692,1.2,45.0,37.0,105.6,104.4,1.2,96.4,0.5299999999999999,0.5,27.3,5.6,6.0,1.4,0.3,3.7,0.463,0.324,0.839,38.6,0.9559585492227975,17.1,12.4,1.4,1.1,2.4,3.0,0.578,0.167,0.492,35.8,0.8770949720670391,13.7,8.6,4.1,0.5,1.2,2.1,0.466,0.286,0.702,33.8,0.7692307692307692,12.4,5.0,1.5,1.6,0.6,1.3,0.403,0.342,0.734,33.7,0.5875370919881305,12.7,2.8,6.7,0.6,0.1,2.5,0.497,0.438,0.922,32.5,0.6276923076923078,7.3,2.9,3.8,0.8,0.1,1.4,0.422,0.421,0.771,26.1,0.5172413793103448,7.3,5.5,1.1,0.6,0.7,1.1,0.44,0.337,0.697,23.1,0.6103896103896104,9.4,4.8,0.7,0.4,0.3,0.7,0.464,0.361,0.691,21.5,0.6930232558139535
2012-13,MEM,1610612763,3,Conference Finals,0.683,93.4,42.7,20.9,8.6,5.3,14.0,0.444,0.345,0.773,4.1,56.0,26.0,101.7,97.2,4.5,91.3,0.5299999999999999,0.625,14.1,7.8,4.0,1.0,1.7,2.0,0.494,0.071,0.848,35.0,0.7599999999999999,14.6,2.8,6.1,2.2,0.3,2.4,0.44,0.362,0.83,34.5,0.6840579710144928,15.4,11.2,1.4,0.8,0.4,2.0,0.46,0.087,0.75,34.3,0.793002915451895,10.4,4.4,2.4,0.6,0.3,1.1,0.438,0.404,0.738,32.1,0.5295950155763239,8.9,4.6,1.2,1.5,0.6,1.2,0.445,0.125,0.717,26.7,0.5842696629213484,8.7,2.2,3.3,0.7,0.2,1.5,0.419,0.353,0.836,22.1,0.6153846153846152,6.4,2.2,1.0,0.6,0.1,0.7,0.428,0.395,0.787,21.1,0.4549763033175356,7.7,5.7,0.8,0.5,1.0,0.8,0.539,0.0,0.617,20.1,0.7412935323383084
2012-13,MIA,1610612748,5,Champion,0.805,102.9,38.6,23.0,8.7,5.4,13.9,0.496,0.396,0.754,7.9,66.0,16.0,110.3,101.9,8.4,92.3,0.4702,0.875,26.8,8.0,7.3,1.7,0.9,3.0,0.565,0.406,0.753,37.9,1.100263852242744,21.2,5.0,5.1,1.9,0.8,2.8,0.521,0.258,0.725,34.6,0.9017341040462424,16.6,6.8,1.7,0.9,1.4,1.7,0.535,0.284,0.798,33.2,0.7740963855421686,8.6,2.2,3.5,1.5,0.2,1.5,0.429,0.409,0.795,26.9,0.5390334572490707,10.9,2.7,1.7,0.8,0.2,1.3,0.449,0.419,0.886,25.8,0.5813953488372093,6.6,2.3,1.0,0.6,0.8,0.5,0.42,0.43,0.842,24.8,0.4354838709677419,5.6,1.6,2.1,0.7,0.1,1.3,0.421,0.357,0.65,19.9,0.4422110552763818,3.9,5.4,0.5,0.4,0.2,0.6,0.514,0.0,0.711,18.9,0.5185185185185186
2012-13,MIL,1610612749,1,First Round Exit,0.463,98.9,44.0,22.9,8.4,6.7,14.1,0.435,0.36,0.736,-1.5,38.0,44.0,100.9,102.5,-1.5,97.2,0.4702,0.75,19.2,3.9,6.0,2.1,0.4,3.1,0.416,0.287,0.773,37.5,0.7599999999999999,17.5,3.1,6.5,1.6,0.1,2.5,0.399,0.375,0.819,36.2,0.7265193370165747,14.1,2.2,3.8,0.5,0.1,1.8,0.434,0.366,0.9,30.5,0.619672131147541,13.2,7.1,1.6,0.9,0.5,1.0,0.462,0.444,0.796,27.6,0.8079710144927534,9.8,9.5,1.2,0.7,2.8,1.2,0.506,0.0,0.618,27.3,0.8351648351648352,10.5,3.9,1.9,0.5,0.5,1.2,0.442,0.428,0.82,25.9,0.6216216216216217,6.7,4.4,0.9,0.7,0.2,1.2,0.401,0.351,0.571,22.9,0.5109170305676857,5.5,2.5,1.1,0.9,0.2,0.8,0.376,0.278,0.741,18.4,0.5108695652173912
2012-13,MIN,1610612750,0,Missed Playoffs,0.378,95.7,42.0,22.4,8.5,4.7,14.8,0.439,0.305,0.742,-2.4,31.0,51.0,100.1,102.6,-2.5,95.4,0.5299999999999999,0.625,18.3,14.0,2.3,0.7,0.5,2.2,0.352,0.217,0.704,34.3,0.9795918367346936,12.4,5.7,2.8,1.5,1.0,1.9,0.507,0.292,0.752,31.8,0.6761006289308177,16.3,8.8,0.9,0.7,0.8,1.6,0.52,0.0,0.744,31.6,0.8196202531645569,11.5,2.5,3.8,1.0,0.2,1.6,0.453,0.311,0.848,30.2,0.5761589403973509,10.7,4.0,7.3,2.4,0.1,3.0,0.36,0.293,0.799,29.7,0.7239057239057239,8.7,5.1,0.8,1.1,0.5,0.7,0.468,0.0,0.65,25.1,0.6175298804780877,12.0,5.5,0.6,0.6,0.5,1.3,0.43,0.332,0.706,24.6,0.7276422764227642,5.8,2.8,4.6,0.6,0.0,1.4,0.314,0.0,0.7,24.4,0.5081967213114754
2012-13,NOP,1610612740,0,Missed Playoffs,0.329,94.1,41.6,21.0,6.3,5.4,14.5,0.448,0.363,0.776,-3.9,27.0,55.0,102.7,106.9,-4.2,91.2,0.5299999999999999,0.375,13.9,4.3,9.0,0.8,0.1,3.2,0.433,0.342,0.805,34.4,0.7238372093023256,16.2,6.4,1.2,0.5,0.4,1.2,0.423,0.382,0.844,30.9,0.7605177993527509,17.0,1.8,3.3,1.1,0.2,2.8,0.402,0.324,0.842,30.1,0.6843853820598007,13.5,8.2,1.0,1.2,1.8,1.4,0.516,0.0,0.751,28.8,0.84375,7.3,7.7,1.4,1.2,0.7,1.5,0.475,0.211,0.737,27.2,0.6176470588235293,11.3,5.6,0.8,0.4,1.6,1.3,0.534,0.0,0.778,26.0,0.7076923076923076,6.2,1.8,2.1,0.4,0.1,1.2,0.372,0.326,0.546,23.2,0.4051724137931035,5.3,1.9,1.1,0.4,0.2,0.7,0.433,0.415,0.907,17.7,0.4632768361581921
2012-13,NYK,1610612752,2,Second Round Exit,0.659,100.0,40.6,19.3,8.2,3.6,12.0,0.448,0.376,0.759,4.2,54.0,28.0,108.6,104.0,4.6,91.8,0.4702,0.5,28.7,6.9,2.6,0.8,0.5,2.6,0.449,0.379,0.83,37.0,0.9972972972972972,13.9,2.9,5.5,1.4,0.2,2.3,0.427,0.36,0.789,34.0,0.6352941176470588,18.1,5.3,2.7,1.3,0.3,1.7,0.422,0.356,0.762,33.5,0.7761194029850748,10.4,10.7,0.9,0.6,1.1,1.3,0.638,0.0,0.694,32.8,0.6829268292682928,5.0,10.0,1.0,0.0,0.0,2.0,0.091,0.25,1.0,28.9,0.4844290657439447,6.0,4.3,3.3,1.6,0.3,1.0,0.372,0.351,0.833,26.9,0.5390334572490707,7.2,5.3,0.4,0.9,0.9,0.9,0.602,0.0,0.425,24.0,0.5750000000000001,14.2,5.0,0.4,0.3,0.7,1.7,0.577,0.0,0.808,23.5,0.8042553191489361
2012-13,OKC,1610612760,2,Second Round Exit,0.732,105.7,43.6,21.4,8.3,7.6,15.3,0.481,0.377,0.828,9.2,60.0,22.0,110.2,100.6,9.6,95.2,0.5299999999999999,0.875,28.1,7.9,4.6,1.4,1.3,3.5,0.51,0.416,0.905,38.5,1.0337662337662337,23.2,5.2,7.4,1.8,0.3,3.3,0.438,0.323,0.8,34.9,0.991404011461318,13.2,7.7,0.5,0.4,3.0,1.6,0.573,0.351,0.749,31.1,0.7459807073954983,14.0,2.3,1.4,0.9,0.1,1.3,0.45,0.426,0.89,27.7,0.6281588447653429,7.6,3.9,1.5,1.3,0.5,0.8,0.481,0.419,0.826,27.5,0.509090909090909,4.2,6.0,1.4,0.6,1.1,1.4,0.457,0.0,0.611,25.1,0.4741035856573704,5.1,4.1,1.5,0.6,0.4,0.9,0.595,0.0,0.769,19.5,0.5538461538461538,5.3,1.1,1.4,0.6,0.1,0.9,0.342,0.375,0.921,17.4,0.4367816091954023
2012-13,ORL,1610612753,0,Missed Playoffs,0.244,94.1,42.7,22.8,6.4,4.4,14.5,0.448,0.329,0.755,-7.0,20.0,62.0,98.9,106.3,-7.3,94.7,0.4702,0.25,16.5,3.7,3.2,0.6,0.2,2.2,0.439,0.3,0.857,36.0,0.6111111111111112,14.7,3.7,7.4,1.3,0.1,2.8,0.392,0.341,0.873,35.3,0.6912181303116147,13.1,11.9,1.9,0.8,1.0,1.8,0.519,0.0,0.683,33.2,0.8102409638554215,15.1,7.2,2.1,0.9,0.6,1.9,0.448,0.0,0.718,31.3,0.7667731629392972,8.2,4.4,0.7,1.2,0.8,0.9,0.461,0.274,0.57,26.0,0.5538461538461538,11.0,5.2,1.3,0.6,0.8,1.2,0.455,0.315,0.752,23.6,0.7500000000000001,7.8,2.2,2.7,0.7,0.3,1.4,0.396,0.34,0.797,22.4,0.5491071428571428,8.2,2.1,4.6,0.6,0.0,1.6,0.441,0.333,0.816,22.1,0.6289592760180994
2012-13,PHI,1610612755,0,Missed Playoffs,0.415,93.2,41.3,22.8,7.4,4.7,13.0,0.444,0.36,0.729,-3.3,34.0,48.0,99.5,103.1,-3.6,93.2,0.4702,0.625,17.7,4.2,8.0,1.6,0.4,3.7,0.431,0.368,0.752,37.5,0.752,13.3,6.3,4.3,0.9,0.2,2.3,0.419,0.365,0.74,35.3,0.6430594900849859,14.8,7.5,1.6,1.8,0.7,1.2,0.531,0.125,0.574,34.6,0.7283236994219654,10.5,3.8,1.5,1.2,0.5,0.8,0.402,0.341,0.606,28.4,0.5880281690140845,11.0,7.2,2.2,0.3,1.4,1.6,0.464,0.356,0.777,27.2,0.7536764705882352,10.6,2.2,1.4,0.6,0.2,0.8,0.413,0.357,0.82,23.9,0.5941422594142259,9.2,3.8,1.9,0.8,0.4,0.8,0.396,0.374,0.851,22.6,0.6769911504424778,5.8,5.0,0.9,0.3,0.7,0.7,0.454,0.0,0.717,21.1,0.5687203791469195
2012-13,PHX,1610612756,0,Missed Playoffs,0.305,95.2,41.6,22.6,8.0,5.3,15.6,0.443,0.33,0.744,-6.5,25.0,57.0,98.2,104.9,-6.7,96.3,0.5299999999999999,0.5,14.7,3.1,7.4,1.6,0.3,2.8,0.443,0.319,0.748,33.5,0.7253731343283584,11.1,8.5,1.2,0.7,1.6,1.6,0.521,0.0,0.652,30.8,0.698051948051948,10.9,3.1,2.6,0.9,0.1,1.3,0.468,0.391,0.796,27.5,0.5927272727272728,12.8,6.6,2.2,0.8,0.4,1.5,0.472,0.188,0.787,26.6,0.800751879699248,6.4,4.4,1.4,0.8,0.2,0.8,0.473,0.314,0.744,24.2,0.5123966942148761,10.5,2.5,1.8,1.0,0.3,1.3,0.42,0.277,0.784,23.8,0.6218487394957983,8.2,4.8,1.3,0.9,0.8,1.3,0.407,0.336,0.732,22.4,0.65625,10.1,3.8,1.5,0.4,0.5,1.9,0.405,0.313,0.746,20.7,0.6956521739130433
2012-13,POR,1610612757,0,Missed Playoffs,0.402,97.5,40.8,21.8,6.6,4.3,14.7,0.448,0.353,0.776,-3.2,33.0,49.0,102.7,106.1,-3.3,94.1,0.5299999999999999,0.5,19.0,3.1,6.5,0.9,0.2,3.0,0.429,0.368,0.844,38.6,0.6917098445595854,14.3,5.6,4.9,1.2,1.1,2.6,0.423,0.372,0.848,38.4,0.6380208333333333,21.1,9.1,2.6,0.8,1.2,1.9,0.484,0.143,0.81,37.7,0.8726790450928383,14.8,2.8,2.5,1.3,0.3,1.6,0.436,0.398,0.797,34.8,0.5775862068965518,12.7,10.4,1.1,0.6,0.6,1.8,0.562,0.0,0.679,29.0,0.813793103448276,5.5,3.7,0.5,0.2,0.6,0.7,0.545,0.429,0.809,17.5,0.5599999999999999,3.8,2.4,0.9,0.5,0.2,0.9,0.392,0.287,0.467,16.6,0.4156626506024096,4.5,0.7,2.8,0.3,0.0,1.2,0.377,0.354,0.726,15.0,0.4733333333333334
2012-13,SAC,1610612758,0,Missed Playoffs,0.341,100.2,40.6,20.8,8.2,4.2,14.6,0.447,0.363,0.769,-4.9,28.0,54.0,103.0,108.0,-5.0,96.6,0.5299999999999999,0.75,15.2,4.4,3.5,1.4,0.4,2.0,0.478,0.338,0.775,31.0,0.7387096774193548,17.1,9.9,2.7,1.4,0.7,3.0,0.465,0.182,0.738,30.5,0.9442622950819672,8.8,2.7,3.0,0.7,0.3,1.1,0.399,0.371,0.773,30.0,0.48,10.9,6.7,1.0,0.6,0.7,1.2,0.502,0.0,0.694,27.9,0.6702508960573478,13.9,2.0,4.0,0.8,0.0,1.8,0.44,0.358,0.882,26.9,0.7026022304832713,10.4,4.7,1.1,0.4,0.6,0.9,0.512,0.386,0.762,25.0,0.6520000000000001,12.7,2.5,1.3,0.8,0.1,0.9,0.429,0.372,0.881,24.0,0.6875000000000001,7.5,1.9,2.1,1.0,0.0,1.1,0.403,0.38,0.905,18.1,0.6298342541436464
2012-13,SAS,1610612759,4,Finals Loss,0.707,103.0,41.3,25.1,8.5,5.4,14.7,0.481,0.376,0.791,6.4,58.0,24.0,105.9,99.4,6.6,96.3,0.5299999999999999,1.0,20.3,3.0,7.6,0.8,0.1,2.6,0.522,0.353,0.845,32.9,0.8875379939209727,11.9,6.0,1.6,1.7,0.6,1.1,0.494,0.374,0.825,31.2,0.6634615384615384,17.8,9.9,2.7,0.7,2.7,2.1,0.502,0.286,0.817,30.1,1.053156146179402,10.5,3.1,1.8,1.2,0.7,1.2,0.448,0.429,0.848,27.5,0.5854545454545456,10.3,6.4,1.6,0.8,0.8,1.2,0.56,0.0,0.73,24.7,0.7570850202429152,11.8,3.4,4.6,1.3,0.2,2.2,0.425,0.353,0.796,23.2,0.8232758620689656,5.8,3.4,2.4,0.7,0.4,1.1,0.539,0.385,0.723,22.8,0.5087719298245613,9.5,2.1,1.9,0.4,0.0,1.0,0.412,0.355,0.865,21.8,0.591743119266055
2012-13,TOR,1610612761,0,Missed Playoffs,0.415,97.2,40.2,21.5,7.3,4.8,13.7,0.446,0.343,0.788,-1.5,34.0,48.0,102.9,104.5,-1.6,93.0,0.4702,0.5,18.1,3.9,2.5,0.9,0.3,1.8,0.445,0.283,0.831,36.7,0.6512261580381471,18.2,6.1,2.7,1.5,0.7,2.6,0.416,0.323,0.814,35.8,0.7430167597765363,11.6,4.7,6.4,1.4,0.4,2.3,0.401,0.362,0.795,29.7,0.7474747474747475,10.0,7.5,1.5,1.0,1.4,1.4,0.554,0.385,0.727,28.7,0.6968641114982579,12.7,3.7,1.1,0.6,0.7,1.5,0.399,0.309,0.844,28.6,0.6048951048951049,8.9,6.0,0.7,0.3,1.3,1.5,0.557,0.0,0.789,23.9,0.6569037656903766,10.7,2.3,1.6,0.7,0.1,1.2,0.383,0.333,0.857,23.0,0.6173913043478261,5.3,1.9,0.5,0.6,0.3,0.8,0.347,0.313,0.667,20.3,0.3842364532019704
2012-13,UTA,1610612762,0,Missed Playoffs,0.524,98.0,42.0,22.7,8.4,6.3,14.8,0.454,0.366,0.764,-0.1,43.0,39.0,103.6,103.7,-0.1,93.7,0.5299999999999999,0.625,17.8,9.2,2.1,1.0,1.1,1.3,0.494,0.118,0.77,33.1,0.9033232628398792,12.9,2.4,6.2,1.0,0.2,2.7,0.43,0.383,0.882,30.8,0.6493506493506493,14.6,7.1,2.6,1.3,1.0,1.8,0.49,0.333,0.742,30.4,0.8157894736842106,14.1,3.1,3.0,0.8,0.5,1.7,0.435,0.415,0.827,29.2,0.678082191780822,10.8,1.5,2.0,0.8,0.3,1.1,0.397,0.41,0.819,27.4,0.5218978102189782,7.2,3.6,1.1,0.5,0.5,0.8,0.423,0.325,0.778,23.7,0.510548523206751,9.4,7.1,1.0,0.9,1.7,1.7,0.482,0.0,0.688,23.2,0.793103448275862,3.5,1.7,4.4,1.0,0.2,1.6,0.368,0.307,0.692,18.5,0.4972972972972974
2012-13,WAS,1610612764,0,Missed Playoffs,0.354,93.2,43.2,21.6,7.3,4.6,15.1,0.435,0.365,0.733,-2.5,29.0,53.0,97.8,100.5,-2.7,94.4,0.4702,0.25,18.5,4.0,7.6,1.3,0.8,3.2,0.441,0.267,0.804,32.7,0.8868501529051989,13.9,3.8,2.4,0.9,0.5,1.6,0.41,0.386,0.786,31.2,0.6378205128205127,11.4,3.9,1.9,0.6,0.2,1.2,0.442,0.422,0.848,28.9,0.5813148788927336,12.6,6.7,2.9,0.9,0.6,2.3,0.48,0.0,0.729,27.2,0.7867647058823529,9.5,4.8,2.0,1.3,0.4,1.5,0.417,0.364,0.821,26.3,0.6273764258555133,9.7,8.8,1.2,0.6,1.0,1.4,0.477,0.0,0.571,26.0,0.7653846153846154,5.1,2.4,2.3,1.0,0.3,1.2,0.407,0.325,0.703,22.7,0.4361233480176212,7.7,2.0,3.6,0.6,0.1,1.1,0.39,0.35,0.79,22.4,0.5758928571428571
2013-14,ATL,1610612737,1,First Round Exit,0.463,101.0,40.0,24.9,8.3,4.0,15.3,0.458,0.363,0.781,-0.5,38.0,44.0,103.4,103.9,-0.5,96.9,0.4519999999999999,0.625,12.0,4.0,2.9,1.0,0.3,1.4,0.475,0.472,0.926,33.9,0.5545722713864307,17.9,8.5,3.1,1.7,1.1,2.5,0.461,0.358,0.731,33.5,0.8895522388059701,18.6,8.4,2.6,0.9,1.5,2.2,0.567,0.364,0.682,33.0,0.9030303030303032,16.5,2.6,6.7,1.1,0.2,2.9,0.438,0.329,0.846,32.2,0.7515527950310559,11.1,5.5,1.8,1.5,0.3,1.1,0.47,0.362,0.773,32.1,0.5950155763239876,10.4,2.1,3.5,0.8,0.1,1.5,0.4,0.342,0.849,24.1,0.6390041493775934,7.5,2.2,3.7,0.7,0.0,1.2,0.417,0.337,0.865,20.4,0.6323529411764706,5.7,4.9,1.0,0.5,1.2,0.8,0.539,0.0,0.649,19.4,0.6443298969072165
2013-14,BOS,1610612738,0,Missed Playoffs,0.305,96.2,42.5,21.0,7.1,4.2,15.4,0.435,0.333,0.777,-4.5,25.0,57.0,99.7,104.3,-4.6,96.3,0.4519999999999999,0.625,16.9,4.6,1.7,0.7,0.6,2.0,0.412,0.341,0.795,34.2,0.6578947368421052,11.7,5.5,9.8,1.3,0.1,3.3,0.403,0.289,0.627,33.3,0.7537537537537539,14.9,3.8,1.4,1.1,0.2,1.6,0.438,0.395,0.804,30.9,0.6407766990291262,13.3,8.1,1.6,0.5,0.7,1.6,0.427,0.269,0.778,27.6,0.8188405797101448,11.1,5.7,1.1,0.4,0.9,1.2,0.486,0.333,0.858,27.6,0.6521739130434783,5.1,3.7,2.5,1.3,0.2,1.7,0.504,0.297,0.465,24.4,0.4549180327868853,9.3,2.0,2.7,0.8,0.1,1.1,0.402,0.358,0.797,23.4,0.5897435897435898,8.7,5.2,1.6,0.5,0.4,1.5,0.466,0.351,0.811,20.0,0.7449999999999999
2013-14,BKN,1610612751,2,Second Round Exit,0.537,98.5,38.1,20.9,8.6,3.8,14.5,0.459,0.369,0.753,-1.0,44.0,38.0,104.4,105.4,-1.1,93.5,0.4519999999999999,0.5,15.8,3.4,2.7,0.6,0.1,1.5,0.454,0.401,0.815,32.6,0.647239263803681,14.3,2.6,6.1,1.5,0.2,2.2,0.45,0.366,0.801,32.2,0.6987577639751552,20.7,6.0,0.9,0.5,1.8,1.6,0.563,0.0,0.817,31.4,0.9012738853503184,13.5,4.6,2.4,1.1,0.4,2.0,0.451,0.373,0.826,28.0,0.7142857142857143,8.3,3.2,3.2,1.2,0.4,1.4,0.483,0.167,0.827,26.0,0.5730769230769229,9.8,2.8,1.1,0.8,0.2,0.9,0.394,0.345,0.804,24.2,0.5702479338842976,7.2,2.2,1.0,0.6,0.1,0.8,0.4,0.339,0.78,22.7,0.4537444933920704,11.2,5.3,1.5,1.0,0.5,1.5,0.476,0.278,0.742,22.2,0.8108108108108109
2013-14,CHA,1610612766,1,First Round Exit,0.524,96.9,42.7,21.7,6.1,5.1,12.3,0.442,0.351,0.737,-0.2,43.0,39.0,101.2,101.5,-0.2,94.6,0.4519999999999999,0.625,17.7,4.2,6.1,1.2,0.4,2.3,0.393,0.333,0.837,35.8,0.7625698324022346,21.8,10.8,2.1,0.9,1.1,1.7,0.509,0.2,0.69,35.0,1.0,14.0,4.0,2.6,0.7,0.4,1.5,0.433,0.348,0.761,32.0,0.63125,8.5,4.8,4.3,0.7,0.6,1.1,0.436,0.361,0.729,30.3,0.5874587458745875,8.0,2.3,0.8,0.5,0.2,1.0,0.376,0.269,0.553,24.2,0.4462809917355372,7.2,5.2,0.8,0.7,0.6,1.0,0.473,0.111,0.614,24.2,0.5578512396694215,10.5,1.7,1.6,0.3,0.0,1.2,0.41,0.378,0.895,21.4,0.602803738317757,6.9,2.4,1.0,0.6,0.3,0.7,0.44,0.386,0.805,20.7,0.5072463768115943
2013-14,CHI,1610612741,1,First Round Exit,0.585,93.7,44.1,22.7,7.2,5.2,14.9,0.432,0.348,0.779,1.9,48.0,34.0,99.7,97.7,2.0,92.8,0.4519999999999999,0.625,13.1,4.9,2.6,1.9,0.5,1.5,0.397,0.283,0.769,38.7,0.5555555555555555,12.6,11.3,5.4,1.2,1.5,2.4,0.475,0.0,0.737,35.2,0.8409090909090908,11.3,4.2,2.3,0.8,0.6,1.3,0.43,0.38,0.854,31.5,0.5682539682539683,15.9,3.2,4.3,0.5,0.1,3.4,0.354,0.34,0.844,31.1,0.6623794212218651,9.1,2.6,3.9,1.1,0.4,1.6,0.393,0.351,0.76,29.0,0.5344827586206896,13.0,6.8,1.1,0.5,1.4,1.8,0.479,0.0,0.751,28.7,0.7317073170731707,13.7,8.3,1.6,0.7,0.3,2.0,0.456,0.0,0.767,28.2,0.8014184397163121,13.1,1.8,4.4,0.7,0.0,1.8,0.415,0.401,0.885,27.3,0.6666666666666666
2013-14,CLE,1610612739,0,Missed Playoffs,0.402,98.2,44.1,21.2,7.1,3.7,14.2,0.437,0.356,0.751,-3.3,33.0,49.0,101.3,104.7,-3.4,95.7,0.4519999999999999,0.625,20.8,3.6,6.1,1.5,0.3,2.7,0.43,0.358,0.861,35.2,0.8409090909090908,16.0,5.7,2.9,1.0,0.1,1.8,0.431,0.302,0.791,35.1,0.6809116809116809,11.7,9.2,0.9,0.5,0.4,1.3,0.477,0.0,0.693,31.6,0.6772151898734176,13.2,8.3,3.0,0.6,1.2,2.2,0.456,0.416,0.783,30.9,0.7799352750809062,15.9,2.8,3.0,0.9,0.2,2.2,0.433,0.368,0.685,29.6,0.6959459459459458,9.5,2.8,4.1,0.7,0.3,1.7,0.41,0.341,0.839,28.2,0.5567375886524822,8.4,9.7,2.2,1.1,0.6,1.1,0.495,0.0,0.681,27.7,0.7545126353790614,9.9,2.0,1.0,0.9,0.3,0.9,0.435,0.393,0.853,19.3,0.6839378238341969
2013-14,DAL,1610612742,1,First Round Exit,0.598,104.8,40.9,23.6,8.6,4.3,13.5,0.474,0.384,0.795,2.4,49.0,33.0,109.0,106.5,2.5,95.5,0.5480666666666667,0.5,19.0,3.6,5.7,1.7,0.3,3.2,0.451,0.33,0.788,36.9,0.7344173441734418,21.7,6.2,2.7,0.9,0.6,1.5,0.497,0.398,0.899,32.9,0.9300911854103342,10.4,6.5,1.6,1.2,0.5,1.3,0.482,0.358,0.785,31.7,0.5962145110410094,11.4,2.4,4.7,0.9,0.1,1.3,0.456,0.449,0.825,30.5,0.5967213114754099,11.9,3.5,2.6,0.8,0.4,1.3,0.407,0.394,0.821,24.4,0.7336065573770492,7.9,2.1,4.5,0.7,0.1,1.5,0.378,0.307,0.8,20.4,0.6764705882352942,6.6,6.8,0.5,0.5,1.2,1.1,0.568,0.0,0.737,20.2,0.7178217821782178,9.1,4.2,0.5,0.6,0.9,0.6,0.677,0.0,0.726,18.6,0.7903225806451613
2013-14,DEN,1610612743,0,Missed Playoffs,0.439,104.4,45.4,22.4,7.5,5.6,15.9,0.447,0.358,0.726,-2.1,36.0,46.0,103.3,105.4,-2.1,100.7,0.5480666666666667,0.625,17.6,3.5,8.8,1.6,0.2,3.2,0.431,0.356,0.798,35.8,0.7960893854748605,13.6,4.7,1.8,0.7,0.5,1.3,0.416,0.348,0.724,31.1,0.6430868167202572,13.2,2.9,3.5,0.8,0.5,1.8,0.413,0.38,0.849,30.7,0.6221498371335504,13.7,8.6,1.2,0.9,0.9,1.7,0.545,0.0,0.65,27.2,0.8676470588235292,11.8,9.2,1.4,0.7,0.7,1.9,0.508,0.0,0.517,26.9,0.8141263940520446,9.0,1.9,3.2,0.7,0.2,1.6,0.401,0.387,0.874,21.6,0.6203703703703703,9.4,6.4,0.8,0.3,1.2,1.5,0.523,0.167,0.754,21.6,0.7685185185185185,8.4,2.7,1.5,0.4,0.1,1.3,0.419,0.376,0.756,19.8,0.595959595959596
2013-14,DET,1610612765,0,Missed Playoffs,0.354,101.0,45.4,20.9,8.4,4.8,14.5,0.447,0.321,0.67,-3.7,29.0,53.0,102.9,106.7,-3.7,97.7,0.4519999999999999,0.625,16.4,6.8,3.3,1.4,1.4,2.6,0.419,0.264,0.532,35.5,0.7521126760563379,15.5,3.1,7.6,1.3,0.1,2.7,0.373,0.337,0.751,34.1,0.7302052785923755,15.2,9.3,2.1,1.1,0.6,2.0,0.497,0.0,0.657,32.8,0.8018292682926831,13.5,13.2,0.4,1.2,1.6,1.4,0.623,0.0,0.418,32.3,0.8823529411764707,9.6,3.7,0.9,0.7,0.5,1.0,0.447,0.382,0.826,28.5,0.5052631578947369,13.9,2.3,2.1,0.7,0.1,1.7,0.436,0.273,0.836,26.7,0.6516853932584271,5.9,2.0,0.7,0.9,0.2,0.4,0.396,0.319,0.77,19.8,0.4696969696969696,8.7,1.8,3.9,0.7,0.1,1.8,0.428,0.323,0.802,18.8,0.7127659574468084
2013-14,GSW,1610612744,1,First Round Exit,0.622,104.3,45.3,23.3,7.8,5.0,15.2,0.462,0.38,0.753,4.8,51.0,31.0,105.3,100.5,4.9,98.2,0.5480666666666667,0.625,24.0,4.3,8.5,1.6,0.2,3.8,0.471,0.424,0.885,36.5,0.9534246575342468,18.4,3.1,2.2,0.9,0.5,1.7,0.444,0.417,0.795,35.4,0.6610169491525424,18.2,9.3,2.1,0.7,0.4,2.2,0.523,0.0,0.78,33.2,0.8584337349397589,9.3,4.7,4.2,1.5,0.3,1.6,0.48,0.354,0.652,32.4,0.5679012345679012,9.5,4.0,1.5,0.8,0.3,1.1,0.399,0.347,0.718,28.3,0.530035335689046,6.9,2.9,5.6,1.0,0.1,1.9,0.377,0.376,0.767,27.2,0.5367647058823529,7.3,10.0,1.7,0.7,1.8,1.4,0.627,0.0,0.344,26.4,0.7613636363636365,11.0,2.3,3.5,0.6,0.1,1.7,0.415,0.316,0.864,23.0,0.6869565217391306
2013-14,HOU,1610612745,1,First Round Exit,0.659,107.7,45.3,21.4,7.6,5.6,16.1,0.472,0.358,0.712,4.6,54.0,28.0,108.6,104.0,4.6,98.4,0.5480666666666667,0.875,25.4,4.7,6.1,1.6,0.4,3.6,0.456,0.366,0.866,38.0,0.9105263157894736,16.6,5.5,4.0,1.2,0.4,1.9,0.472,0.37,0.742,37.6,0.6861702127659575,18.3,12.2,1.8,0.8,1.8,3.2,0.591,0.286,0.547,33.8,0.9378698224852068,10.2,3.5,2.7,1.4,0.4,1.2,0.414,0.361,0.814,31.3,0.5431309904153353,12.5,2.6,4.1,1.0,0.4,2.5,0.446,0.358,0.823,28.9,0.6262975778546712,12.1,6.9,1.1,0.7,1.3,0.9,0.542,0.307,0.605,27.3,0.7765567765567767,5.8,7.9,0.5,0.3,0.8,1.2,0.532,0.0,0.619,20.2,0.6980198019801981,5.7,2.2,1.1,0.5,0.6,0.5,0.401,0.358,0.526,19.7,0.4873096446700508
2013-14,IND,1610612754,3,Conference Finals,0.683,96.7,44.7,20.1,6.7,5.4,15.1,0.449,0.357,0.779,4.4,56.0,26.0,101.5,96.9,4.6,94.8,0.4519999999999999,0.625,21.7,6.8,3.5,1.9,0.3,2.8,0.424,0.364,0.864,36.2,0.8674033149171269,13.8,7.2,4.6,0.7,0.1,2.7,0.491,0.352,0.711,35.3,0.6713881019830029,10.3,3.7,3.5,1.0,0.3,1.2,0.442,0.365,0.807,32.0,0.55,14.0,6.8,2.8,0.8,0.9,1.7,0.488,0.267,0.789,30.9,0.7637540453074434,14.0,5.0,3.2,0.8,0.1,2.3,0.425,0.321,0.813,30.3,0.6864686468646864,10.8,6.6,1.1,0.4,2.2,1.8,0.439,0.4,0.77,29.7,0.6498316498316498,8.7,5.6,1.1,0.2,1.1,1.3,0.418,0.0,0.755,19.8,0.7777777777777777,6.6,1.6,1.7,1.0,0.1,1.0,0.437,0.366,0.784,18.9,0.5291005291005291
2013-14,LAC,1610612746,2,Second Round Exit,0.695,107.9,43.0,24.6,8.6,4.8,13.9,0.474,0.352,0.73,7.0,57.0,25.0,109.4,102.3,7.1,98.3,0.5480666666666667,0.625,24.1,9.5,3.9,1.2,0.6,2.8,0.528,0.273,0.715,35.8,1.0195530726256985,19.1,4.3,10.7,2.5,0.1,2.3,0.467,0.368,0.855,35.0,0.982857142857143,10.4,13.6,0.9,1.0,2.5,1.5,0.676,0.0,0.428,35.0,0.7685714285714286,18.6,2.3,3.2,0.9,0.2,2.0,0.416,0.361,0.866,30.4,0.7631578947368421,15.2,2.1,2.2,0.8,0.1,1.2,0.455,0.395,0.915,28.2,0.6808510638297873,9.9,4.6,2.0,0.9,0.4,1.3,0.438,0.343,0.733,27.5,0.5999999999999999,11.4,2.4,3.7,1.2,0.2,1.7,0.467,0.376,0.857,25.9,0.6640926640926641,9.4,5.2,1.1,0.9,0.4,1.1,0.457,0.364,0.693,24.4,0.6516393442622951
2013-14,LAL,1610612747,0,Missed Playoffs,0.329,103.0,41.0,24.5,7.5,5.4,15.1,0.45,0.381,0.757,-6.3,27.0,55.0,101.9,108.2,-6.2,100.9,0.5480666666666667,0.375,15.7,2.5,1.8,1.4,0.1,1.4,0.463,0.401,0.857,33.2,0.6054216867469879,17.4,9.7,3.4,0.5,1.5,2.4,0.48,0.286,0.736,31.4,0.9585987261146498,13.8,4.3,6.3,1.2,0.2,5.7,0.425,0.188,0.857,29.5,0.6813559322033899,8.0,2.9,8.8,0.9,0.1,2.8,0.406,0.399,0.528,29.0,0.617241379310345,9.1,4.4,1.6,1.1,1.0,1.1,0.425,0.369,0.792,28.4,0.5669014084507041,17.9,2.6,1.5,0.7,0.2,1.5,0.435,0.386,0.825,28.3,0.7561837455830388,10.1,2.5,4.9,0.9,0.2,2.3,0.415,0.438,0.746,22.3,0.7309417040358743,8.0,3.7,1.6,0.5,0.8,0.8,0.423,0.338,0.815,22.2,0.6216216216216216
2013-14,MEM,1610612763,1,First Round Exit,0.61,96.1,42.4,21.9,7.7,4.6,13.7,0.464,0.353,0.741,1.6,50.0,32.0,103.3,101.6,1.7,92.5,0.5480666666666667,0.625,17.4,10.1,2.5,0.7,0.3,2.3,0.467,0.1,0.742,34.2,0.8391812865497075,17.2,2.9,6.0,1.5,0.2,2.1,0.45,0.361,0.815,33.5,0.7671641791044775,14.6,7.2,3.6,1.0,1.3,1.9,0.473,0.182,0.768,33.4,0.7724550898203595,6.0,3.1,1.6,0.5,0.3,0.5,0.407,0.29,0.567,25.6,0.4296875,9.6,2.4,1.5,0.8,0.4,0.9,0.48,0.371,0.884,25.0,0.552,9.0,3.8,1.7,1.6,0.3,1.6,0.494,0.234,0.628,23.2,0.6379310344827588,7.1,2.5,1.6,0.3,0.1,0.9,0.481,0.459,0.821,20.8,0.5144230769230769,7.4,3.2,2.1,0.8,1.1,1.3,0.464,0.253,0.844,18.4,0.7228260869565218
2013-14,MIA,1610612748,4,Finals Loss,0.659,102.2,36.9,22.5,8.9,4.5,14.8,0.501,0.364,0.76,4.8,54.0,28.0,109.0,104.0,5.1,92.8,0.4519999999999999,1.0,27.1,6.9,6.3,1.6,0.3,3.5,0.567,0.379,0.75,37.7,1.026525198938992,19.0,4.5,4.7,1.5,0.5,3.0,0.545,0.281,0.733,32.9,0.8267477203647416,16.2,6.6,1.1,1.0,1.0,1.6,0.516,0.339,0.82,32.0,0.7593749999999999,9.8,2.9,4.9,1.6,0.2,2.2,0.454,0.385,0.742,29.8,0.5771812080536913,9.6,2.8,2.0,0.7,0.1,1.2,0.442,0.375,0.905,26.5,0.5283018867924527,6.4,2.0,3.0,0.9,0.1,1.5,0.414,0.345,0.779,24.6,0.4430894308943089,4.1,1.9,0.9,0.7,0.5,0.3,0.382,0.348,0.652,20.1,0.3880597014925374,6.6,5.3,0.3,0.4,1.3,0.7,0.644,0.25,0.71,19.4,0.6804123711340208
2013-14,MIL,1610612749,0,Missed Playoffs,0.183,95.5,41.1,21.5,6.6,4.9,15.1,0.438,0.353,0.747,-8.2,15.0,67.0,100.2,108.8,-8.6,94.3,0.4519999999999999,0.375,17.9,3.5,4.9,1.0,0.2,2.6,0.422,0.325,0.802,33.3,0.7477477477477477,12.1,3.8,2.1,1.0,0.2,1.5,0.44,0.414,0.861,30.0,0.59,11.2,6.2,1.3,0.8,0.1,1.1,0.409,0.282,0.823,26.9,0.6877323420074349,12.3,2.4,4.1,0.6,0.1,1.8,0.429,0.282,0.807,26.7,0.6629213483146069,11.1,7.1,1.6,0.6,1.7,1.6,0.538,0.0,0.514,26.5,0.7735849056603774,11.7,2.4,2.2,0.5,0.3,1.8,0.407,0.37,0.864,25.9,0.5907335907335908,7.7,7.2,0.8,0.8,1.7,1.1,0.469,0.0,0.473,25.4,0.6732283464566928,7.7,6.3,2.6,0.8,0.3,1.7,0.427,0.0,0.846,25.0,0.6400000000000001
2013-14,MIN,1610612750,0,Missed Playoffs,0.488,106.9,44.7,23.9,8.8,3.6,13.9,0.444,0.341,0.778,2.7,40.0,42.0,105.6,102.9,2.6,100.4,0.5480666666666667,0.625,26.1,12.5,4.4,0.8,0.5,2.5,0.457,0.376,0.821,36.3,1.1515151515151516,12.3,2.6,1.7,1.9,0.4,1.3,0.481,0.28,0.718,32.2,0.5465838509316769,9.5,4.2,8.6,2.3,0.1,2.7,0.381,0.331,0.802,32.2,0.6832298136645962,19.1,3.0,1.8,1.0,0.1,1.6,0.43,0.387,0.891,32.0,0.7312500000000001,17.5,8.7,0.9,0.6,0.4,1.6,0.541,0.0,0.747,30.8,0.8603896103896103,6.3,4.1,1.0,0.8,0.7,0.5,0.464,0.0,0.567,20.2,0.6138613861386139,4.8,5.6,0.8,0.3,1.6,0.8,0.598,0.0,0.42,19.5,0.6307692307692307,8.4,1.9,3.8,0.3,0.0,1.6,0.387,0.316,0.79,18.6,0.6881720430107527
2013-14,NOP,1610612740,0,Missed Playoffs,0.415,99.7,41.7,21.3,7.9,6.4,13.8,0.459,0.373,0.769,-2.7,34.0,48.0,104.7,107.6,-2.8,94.4,0.5480666666666667,0.75,19.8,6.5,0.8,0.5,0.3,0.9,0.438,0.409,0.952,36.1,0.7479224376731303,20.8,10.0,1.6,1.3,2.8,1.6,0.519,0.222,0.791,35.2,0.9914772727272724,14.3,4.2,7.9,1.6,0.4,3.1,0.447,0.39,0.81,33.6,0.7529761904761904,15.4,2.6,3.3,1.2,0.2,2.1,0.436,0.391,0.785,32.1,0.6417445482866043,14.5,4.7,5.0,1.2,0.3,2.4,0.436,0.221,0.771,28.2,0.8262411347517731,9.7,5.8,0.9,0.4,0.9,0.9,0.465,0.0,0.78,26.8,0.626865671641791,7.2,6.2,1.4,1.0,0.5,1.1,0.474,0.271,0.664,25.6,0.59375,9.4,1.9,3.3,0.6,0.1,1.3,0.42,0.36,0.94,23.2,0.603448275862069
2013-14,NYK,1610612752,0,Missed Playoffs,0.451,98.6,40.3,20.0,7.7,4.5,13.0,0.449,0.372,0.761,-0.8,37.0,45.0,105.4,106.3,-0.8,92.7,0.4519999999999999,0.75,27.4,8.1,3.1,1.2,0.7,2.6,0.452,0.402,0.848,38.7,0.979328165374677,14.5,4.0,3.0,0.9,0.3,1.5,0.415,0.394,0.652,32.7,0.6483180428134556,9.7,3.0,5.6,1.2,0.4,2.0,0.395,0.318,0.721,31.0,0.5774193548387095,8.7,9.6,1.1,0.7,1.1,1.3,0.593,0.0,0.632,30.2,0.6589403973509933,13.3,5.3,1.1,0.3,1.2,1.4,0.442,0.278,0.824,29.9,0.662207357859532,6.7,4.2,1.7,1.2,0.2,1.1,0.378,0.333,0.746,26.5,0.4867924528301886,10.2,1.5,0.8,0.5,0.1,0.6,0.428,0.363,0.828,23.2,0.5387931034482759,11.9,4.9,0.5,0.4,0.6,1.4,0.557,0.0,0.739,22.6,0.7477876106194691
2013-14,OKC,1610612760,3,Conference Finals,0.72,106.2,44.7,21.9,8.3,6.1,15.3,0.471,0.361,0.806,6.3,59.0,23.0,108.1,101.6,6.5,97.6,0.5480666666666667,0.875,32.0,7.4,5.5,1.3,0.7,3.5,0.503,0.391,0.873,38.5,1.1272727272727272,15.1,8.8,1.0,0.5,2.7,1.5,0.536,0.383,0.784,32.9,0.8085106382978723,21.8,5.7,6.9,1.9,0.2,3.8,0.437,0.318,0.826,30.7,1.0651465798045603,13.1,3.9,4.1,1.1,0.1,2.1,0.44,0.339,0.893,28.5,0.7087719298245615,6.3,3.6,1.5,1.3,0.3,0.9,0.415,0.316,0.768,26.0,0.4653846153846154,10.5,4.1,1.5,0.8,0.3,1.1,0.394,0.394,0.84,25.3,0.6363636363636364,8.5,2.4,1.5,0.7,0.3,0.8,0.432,0.356,0.797,19.7,0.6395939086294417,3.4,4.9,1.1,0.4,0.5,1.5,0.451,0.0,0.552,19.5,0.4512820512820513
2013-14,ORL,1610612753,0,Missed Playoffs,0.28,96.5,42.0,21.0,7.7,4.3,14.9,0.445,0.353,0.763,-5.4,23.0,59.0,99.3,104.9,-5.6,95.8,0.4519999999999999,0.875,18.2,3.6,3.4,0.5,0.0,2.0,0.459,0.427,0.815,35.0,0.6771428571428572,12.1,3.4,7.0,0.8,0.1,2.4,0.394,0.348,0.857,32.0,0.6562500000000001,14.2,11.0,1.8,1.1,0.8,2.0,0.507,0.0,0.766,31.8,0.8459119496855346,13.8,4.1,4.1,1.6,0.5,3.2,0.419,0.327,0.78,31.1,0.6720257234726689,14.6,7.0,1.3,0.7,0.4,1.3,0.464,0.254,0.807,30.3,0.7491749174917491,7.4,3.3,1.0,1.2,0.6,1.1,0.464,0.383,0.594,24.4,0.5081967213114754,6.3,1.7,1.4,0.8,0.2,0.7,0.428,0.354,0.765,19.1,0.5078534031413613,6.2,5.3,1.1,0.6,1.3,1.1,0.501,0.0,0.687,17.2,0.7790697674418605
2013-14,PHI,1610612755,0,Missed Playoffs,0.232,99.5,42.7,21.8,9.3,4.0,16.9,0.435,0.312,0.71,-10.5,19.0,63.0,96.8,106.9,-10.2,101.9,0.4519999999999999,0.25,16.7,6.2,6.3,1.9,0.6,3.5,0.405,0.264,0.703,34.5,0.817391304347826,17.9,6.0,2.3,2.1,0.5,2.1,0.454,0.308,0.712,34.4,0.7761627906976745,10.1,3.8,1.9,0.9,0.4,1.3,0.431,0.328,0.726,28.9,0.546712802768166,13.0,3.2,3.0,1.1,0.2,2.8,0.427,0.213,0.641,24.5,0.7224489795918367,6.0,3.2,0.9,0.7,0.2,0.8,0.46,0.401,0.712,22.6,0.4513274336283184,7.6,5.2,1.1,0.6,0.4,0.9,0.474,0.0,0.744,19.0,0.7368421052631579,6.0,1.9,1.1,0.5,0.0,1.0,0.415,0.296,0.731,17.3,0.4913294797687861,3.0,2.9,0.2,0.7,0.3,0.6,0.421,0.0,0.8,15.6,0.4166666666666667
2013-14,PHX,1610612756,0,Missed Playoffs,0.585,105.2,43.0,19.1,8.4,4.6,15.3,0.463,0.372,0.758,2.6,48.0,34.0,107.1,104.4,2.7,97.9,0.5480666666666667,0.5,20.3,3.2,5.9,1.4,0.3,2.8,0.505,0.408,0.76,35.1,0.8062678062678061,17.7,4.7,5.5,1.6,0.3,3.3,0.477,0.357,0.772,32.9,0.8054711246200609,9.4,6.5,1.7,1.4,0.3,1.3,0.431,0.387,0.776,30.7,0.5863192182410424,15.8,3.4,1.5,0.9,0.5,1.8,0.445,0.4,0.848,28.4,0.7147887323943661,11.1,5.1,1.2,0.7,0.8,1.1,0.432,0.37,0.821,28.2,0.6312056737588652,13.8,6.0,1.8,0.8,0.6,1.8,0.486,0.315,0.792,26.6,0.7969924812030076,8.1,7.8,0.5,0.6,1.1,1.4,0.517,0.0,0.561,24.5,0.6816326530612246,9.7,3.9,1.1,0.9,0.2,1.2,0.442,0.381,0.761,21.9,0.6666666666666667
2013-14,POR,1610612757,2,Second Round Exit,0.659,106.7,46.4,23.2,5.5,4.7,13.7,0.45,0.372,0.815,4.0,54.0,28.0,108.3,104.2,4.0,97.7,0.5480666666666667,0.625,23.2,11.1,2.6,0.9,1.0,1.8,0.458,0.2,0.822,36.2,1.022099447513812,13.0,7.5,5.1,0.9,0.7,2.5,0.465,0.361,0.803,36.0,0.6861111111111111,20.7,3.5,5.6,0.8,0.3,2.4,0.424,0.394,0.871,35.8,0.7960893854748604,16.4,3.5,2.4,0.9,0.2,1.3,0.441,0.393,0.837,33.9,0.6519174041297934,11.1,8.5,0.9,0.3,1.7,1.0,0.551,0.0,0.818,31.8,0.6761006289308176,9.7,2.1,4.3,0.7,0.1,2.0,0.417,0.369,0.876,24.8,0.6008064516129031,5.0,2.8,0.9,0.3,0.2,0.6,0.374,0.342,0.754,14.5,0.593103448275862,3.3,4.0,0.7,0.2,0.4,0.6,0.475,0.0,0.69,14.0,0.5714285714285714
2013-14,SAC,1610612758,0,Missed Playoffs,0.341,100.5,44.5,18.9,7.2,3.9,15.2,0.447,0.333,0.759,-2.9,28.0,54.0,102.9,105.9,-3.0,96.9,0.5480666666666667,0.5,20.3,2.9,6.3,1.3,0.1,3.0,0.453,0.349,0.85,34.7,0.8040345821325648,20.0,6.0,2.9,1.3,0.8,3.1,0.455,0.33,0.822,34.7,0.8040345821325647,22.7,11.7,2.9,1.5,1.3,3.5,0.496,0.0,0.726,32.4,1.1296296296296295,8.8,2.9,1.0,0.5,0.2,1.2,0.376,0.32,0.804,26.7,0.4569288389513109,7.1,6.4,0.6,0.4,0.7,1.2,0.506,0.0,0.579,24.5,0.5714285714285714,8.0,4.1,0.7,0.6,0.3,1.0,0.427,0.263,0.718,23.3,0.5450643776824033,6.2,1.8,2.7,0.5,0.2,0.9,0.377,0.373,0.744,19.9,0.5276381909547738,5.4,2.7,0.8,0.3,0.3,0.4,0.399,0.35,0.808,16.9,0.5384615384615387
2013-14,SAS,1610612759,5,Champion,0.756,105.4,43.3,25.2,7.4,5.1,14.4,0.486,0.397,0.785,7.7,62.0,20.0,108.2,100.3,7.9,97.0,0.5480666666666667,0.875,16.7,2.3,5.7,0.5,0.1,2.2,0.499,0.373,0.811,29.4,0.7857142857142858,15.1,9.7,3.0,0.6,1.9,2.1,0.49,0.0,0.731,29.2,0.965753424657534,12.8,6.2,2.0,1.7,0.8,1.2,0.522,0.379,0.802,29.1,0.7663230240549828,11.4,2.8,2.2,0.6,0.1,1.2,0.485,0.43,0.847,25.2,0.630952380952381,9.1,4.1,2.8,0.6,0.4,1.5,0.521,0.402,0.739,25.0,0.62,9.1,3.4,1.5,1.0,0.9,1.1,0.432,0.415,0.794,24.3,0.6090534979423868,12.3,3.0,4.3,1.0,0.3,2.0,0.469,0.349,0.851,22.8,0.8289473684210527,8.2,6.2,1.5,0.5,0.5,1.3,0.523,0.0,0.699,21.5,0.7255813953488371
2013-14,TOR,1610612761,1,First Round Exit,0.585,101.3,42.5,21.2,7.0,4.2,14.1,0.445,0.372,0.782,3.2,48.0,34.0,105.8,102.5,3.4,94.4,0.4519999999999999,0.625,22.7,4.3,4.0,1.1,0.4,2.2,0.429,0.305,0.824,38.2,0.7931937172774869,17.9,4.7,7.4,1.5,0.2,2.5,0.423,0.38,0.813,36.2,0.8066298342541436,10.4,6.6,1.5,0.7,1.1,1.6,0.562,0.303,0.636,28.8,0.6493055555555555,11.3,8.8,0.7,0.3,0.9,1.7,0.531,0.0,0.762,28.2,0.7198581560283689,10.9,3.1,1.0,0.8,0.3,1.1,0.423,0.395,0.837,26.7,0.5617977528089888,8.5,5.3,1.2,0.8,0.6,1.0,0.46,0.364,0.704,23.6,0.652542372881356,9.6,2.2,4.1,0.4,0.1,1.6,0.421,0.377,0.88,22.5,0.6577777777777779,5.2,2.1,1.9,0.6,0.2,0.7,0.363,0.387,0.769,22.1,0.420814479638009
2013-14,UTA,1610612762,0,Missed Playoffs,0.305,95.0,41.2,20.3,7.0,4.5,14.6,0.444,0.344,0.747,-7.2,25.0,57.0,100.6,108.2,-7.6,93.9,0.5480666666666667,0.75,16.2,5.1,5.2,1.4,0.5,2.8,0.413,0.304,0.816,36.4,0.7032967032967031,12.8,3.0,5.7,0.6,0.1,1.9,0.38,0.33,0.903,32.3,0.6284829721362231,13.3,8.7,1.2,1.0,1.5,1.8,0.522,0.0,0.669,30.2,0.7913907284768211,14.0,3.3,2.7,0.9,0.2,1.9,0.457,0.35,0.748,28.1,0.6832740213523131,10.1,2.7,1.6,0.7,0.2,1.1,0.45,0.409,0.741,27.0,0.5259259259259259,12.3,7.5,0.9,0.4,0.5,1.8,0.491,0.0,0.73,26.7,0.7415730337078651,9.1,5.1,1.2,0.8,0.5,0.8,0.439,0.359,0.781,25.4,0.6259842519685039,6.1,4.7,0.7,0.6,0.7,0.6,0.527,0.0,0.68,18.3,0.6666666666666666
2013-14,WAS,1610612764,2,Second Round Exit,0.537,100.7,42.2,23.3,8.1,4.6,14.7,0.459,0.38,0.731,1.3,44.0,38.0,103.3,102.0,1.3,95.6,0.4519999999999999,0.75,19.3,4.1,8.8,1.8,0.5,3.6,0.433,0.351,0.805,36.3,0.8512396694214877,14.4,6.2,2.5,1.6,0.3,1.7,0.456,0.407,0.772,35.4,0.6581920903954803,17.1,3.7,3.3,1.0,0.2,1.8,0.419,0.402,0.788,34.7,0.6772334293948126,13.2,9.5,1.7,0.5,1.5,1.6,0.542,1.0,0.686,32.8,0.7560975609756098,14.2,5.5,2.9,1.2,0.9,2.2,0.503,0.2,0.583,29.4,0.7653061224489796,9.7,2.8,1.2,0.5,0.2,0.7,0.433,0.392,0.84,27.7,0.4945848375451263,6.8,5.3,0.9,0.6,0.6,0.8,0.551,0.0,0.618,21.6,0.6203703703703702,8.3,5.2,0.7,0.5,0.3,0.8,0.531,0.412,0.889,18.0,0.7888888888888889
2014-15,ATL,1610612737,3,Conference Finals,0.732,102.5,40.6,25.7,9.1,4.6,14.2,0.466,0.38,0.778,5.4,60.0,22.0,106.2,100.6,5.6,96.3,0.4690666666666666,0.75,16.7,7.8,3.1,1.8,0.9,2.3,0.476,0.356,0.757,32.7,0.856269113149847,12.1,4.1,2.6,0.7,0.6,1.4,0.487,0.492,0.898,32.2,0.5807453416149069,12.6,5.3,1.7,1.3,0.2,1.1,0.487,0.395,0.702,31.3,0.6389776357827475,15.2,7.2,3.2,0.9,1.3,1.3,0.538,0.306,0.759,30.5,0.8688524590163933,15.9,2.5,7.0,1.7,0.4,2.8,0.46,0.343,0.862,30.5,0.8098360655737703,10.0,2.1,4.1,0.6,0.1,1.9,0.427,0.351,0.827,19.7,0.7614213197969545,5.3,4.3,1.4,1.0,0.4,0.7,0.418,0.321,0.776,18.8,0.6223404255319149,5.2,3.0,1.0,0.7,0.4,1.0,0.426,0.364,0.6,17.6,0.5284090909090908
2014-15,BOS,1610612738,1,First Round Exit,0.488,101.4,43.8,24.5,8.2,3.6,13.8,0.443,0.327,0.754,0.2,40.0,42.0,101.7,101.6,0.2,98.7,0.4690666666666666,0.5,13.9,3.1,1.8,1.1,0.2,1.4,0.428,0.352,0.79,31.5,0.5936507936507938,9.5,5.1,5.5,1.0,0.2,2.4,0.429,0.277,0.752,27.6,0.6847826086956522,7.8,3.3,3.1,1.5,0.3,1.3,0.367,0.335,0.646,27.0,0.5444444444444444,13.3,7.6,2.3,0.8,0.7,1.3,0.439,0.283,0.744,27.0,0.8666666666666666,16.4,2.3,4.2,0.9,0.1,2.1,0.421,0.373,0.868,25.8,0.8449612403100774,10.6,4.9,1.3,0.5,0.4,1.0,0.504,0.281,0.79,23.5,0.7106382978723403,10.3,4.7,1.7,1.0,0.6,1.5,0.475,0.349,0.684,22.2,0.7567567567567568,10.2,5.7,1.4,0.2,0.6,0.9,0.549,0.0,0.823,21.1,0.815165876777251
2014-15,BKN,1610612751,1,First Round Exit,0.463,98.0,42.4,20.9,7.0,4.1,13.8,0.451,0.331,0.748,-2.9,38.0,44.0,101.9,104.9,-3.0,95.0,0.4690666666666666,0.625,14.4,4.8,3.7,0.7,0.2,1.7,0.435,0.359,0.801,34.9,0.6332378223495702,14.1,5.4,2.3,1.6,0.3,1.5,0.466,0.33,0.655,32.0,0.6937500000000001,13.0,3.5,6.6,0.9,0.3,2.3,0.387,0.367,0.834,31.1,0.7073954983922829,17.2,7.4,0.7,0.6,1.8,1.4,0.513,0.1,0.814,29.2,0.9006849315068495,12.0,3.1,4.7,0.9,0.2,2.4,0.439,0.267,0.881,28.0,0.6607142857142857,9.0,2.7,0.9,0.4,0.1,1.0,0.453,0.355,0.821,23.8,0.5084033613445378,7.4,2.8,1.1,0.8,0.1,0.8,0.443,0.348,0.812,23.6,0.483050847457627,8.5,4.9,1.2,0.4,0.4,1.3,0.382,0.321,0.717,22.3,0.632286995515695
2014-15,CHA,1610612766,0,Missed Playoffs,0.402,94.2,44.1,20.2,6.1,5.5,11.9,0.42,0.318,0.748,-3.2,33.0,49.0,97.6,100.9,-3.3,95.4,0.4690666666666666,0.625,17.3,3.5,5.1,1.4,0.5,1.6,0.385,0.304,0.827,34.2,0.766081871345029,16.6,8.4,1.7,0.7,1.3,1.0,0.481,0.4,0.655,30.6,0.9052287581699344,14.2,2.6,6.2,0.7,0.2,2.5,0.397,0.342,0.872,29.1,0.7353951890034364,12.1,3.4,2.6,0.6,0.3,1.4,0.437,0.331,0.848,28.9,0.6089965397923878,10.9,7.6,1.4,0.5,0.7,1.1,0.465,0.0,0.701,28.9,0.6920415224913494,7.4,4.9,1.3,0.9,0.5,0.8,0.424,0.358,0.713,26.1,0.5440613026819924,8.2,4.5,3.9,0.6,0.1,2.1,0.376,0.171,0.627,25.8,0.5891472868217055,7.6,5.8,1.6,0.5,0.8,1.0,0.461,1.0,0.774,24.0,0.6374999999999998
2014-15,CHI,1610612741,2,Second Round Exit,0.61,100.8,45.7,21.7,6.3,5.8,14.0,0.442,0.353,0.783,3.0,50.0,32.0,104.7,101.6,3.1,95.3,0.4690666666666666,0.75,20.0,5.8,3.3,1.8,0.6,1.4,0.462,0.378,0.834,38.7,0.7777777777777779,18.5,11.8,2.7,0.3,1.9,2.0,0.494,0.462,0.803,34.4,0.9651162790697674,7.2,9.6,4.7,0.7,1.1,1.8,0.445,0.0,0.603,30.6,0.7026143790849673,17.7,3.2,4.9,0.7,0.3,3.2,0.405,0.28,0.813,30.0,0.7866666666666666,9.4,3.9,1.8,0.6,0.3,1.0,0.435,0.407,0.805,29.2,0.5136986301369864,10.3,6.4,1.1,0.6,1.2,1.2,0.502,0.0,0.717,27.3,0.6739926739926742,5.7,1.8,2.2,0.7,0.2,1.1,0.373,0.345,0.7,24.4,0.3893442622950819,11.6,2.0,3.2,0.7,0.2,1.9,0.421,0.387,0.833,23.0,0.6869565217391304
2014-15,CLE,1610612739,4,Finals Loss,0.646,103.1,43.0,22.1,7.4,4.1,14.3,0.458,0.367,0.751,4.5,53.0,29.0,107.7,103.1,4.7,95.2,0.4690666666666666,0.375,21.7,3.2,5.2,1.5,0.3,2.5,0.468,0.415,0.863,36.4,0.8076923076923077,25.3,6.0,7.4,1.6,0.7,3.9,0.488,0.354,0.71,36.1,1.027700831024931,16.4,9.7,2.2,0.7,0.5,1.6,0.434,0.367,0.804,33.8,0.8254437869822484,12.1,3.1,2.8,1.2,0.3,1.4,0.417,0.383,0.75,29.7,0.6094276094276095,8.5,8.0,0.5,0.4,0.7,1.0,0.547,0.0,0.641,26.8,0.6380597014925372,9.7,7.3,0.7,0.4,1.2,1.4,0.555,0.333,0.718,25.3,0.7075098814229248,8.0,3.6,2.2,1.3,0.3,1.5,0.41,0.342,0.672,24.9,0.5582329317269078,9.8,6.5,1.3,0.7,0.6,1.3,0.555,0.0,0.733,24.4,0.7213114754098362
2014-15,DAL,1610612742,1,First Round Exit,0.61,105.2,42.3,22.5,8.1,4.5,13.0,0.463,0.352,0.752,2.9,50.0,32.0,107.2,104.2,3.0,97.2,0.5310000000000001,0.375,18.9,2.4,4.1,1.9,0.3,2.5,0.445,0.285,0.752,33.7,0.7448071216617209,15.7,4.9,2.4,1.0,0.3,1.5,0.462,0.38,0.72,33.1,0.6888217522658611,10.3,11.5,1.1,0.6,1.2,1.4,0.666,0.0,0.72,30.5,0.7639344262295084,8.9,5.5,7.9,1.3,0.1,3.1,0.426,0.314,0.397,29.7,0.6936026936026937,17.3,5.9,1.9,0.5,0.4,1.1,0.459,0.38,0.882,29.6,0.8412162162162161,8.8,1.8,3.1,1.0,0.2,1.1,0.418,0.357,0.815,22.2,0.6216216216216217,11.5,5.6,0.8,0.5,0.6,1.3,0.557,0.0,0.72,21.1,0.8388625592417063,5.6,4.6,0.8,0.9,0.8,0.7,0.412,0.274,0.712,18.5,0.6486486486486488
2014-15,DEN,1610612743,0,Missed Playoffs,0.366,101.5,44.7,21.8,7.8,4.5,14.2,0.433,0.325,0.734,-3.5,30.0,52.0,101.6,105.2,-3.6,98.8,0.5310000000000001,0.625,15.2,3.1,9.6,1.2,0.1,2.5,0.436,0.341,0.73,35.5,0.752112676056338,13.9,6.1,1.7,0.7,0.4,1.4,0.429,0.342,0.775,31.7,0.6750788643533123,12.6,8.9,1.2,0.8,0.8,1.6,0.507,0.125,0.691,27.8,0.816546762589928,12.4,3.7,1.4,0.8,0.3,1.0,0.401,0.355,0.895,24.2,0.7272727272727274,8.3,2.3,4.0,0.7,0.1,1.7,0.407,0.345,0.667,22.3,0.6143497757847534,8.7,1.7,2.4,0.7,0.2,1.2,0.368,0.357,0.818,21.7,0.576036866359447,7.6,6.2,0.8,0.5,0.5,1.3,0.475,0.0,0.577,19.3,0.7409326424870466,6.9,6.2,0.8,0.8,1.1,1.4,0.446,0.0,0.636,17.8,0.8089887640449439
2014-15,DET,1610612765,0,Missed Playoffs,0.39,98.5,44.9,21.6,7.6,4.7,13.4,0.432,0.344,0.703,-1.0,32.0,50.0,102.3,103.3,-1.0,95.5,0.4690666666666666,0.5,12.7,3.1,1.3,1.1,0.2,1.1,0.401,0.345,0.696,31.5,0.5492063492063491,15.9,10.2,2.1,1.1,0.5,2.2,0.496,0.0,0.75,31.0,0.8903225806451615,13.8,13.5,0.7,0.9,1.9,1.5,0.514,0.0,0.389,30.5,0.960655737704918,14.5,4.2,6.0,0.8,0.1,2.4,0.434,0.299,0.83,29.5,0.7864406779661018,15.4,2.5,6.6,1.1,0.1,2.2,0.401,0.36,0.839,28.6,0.8216783216783218,11.1,1.7,1.3,1.0,0.1,1.0,0.416,0.349,0.906,24.4,0.5819672131147541,7.5,3.6,1.6,0.5,0.3,0.6,0.44,0.463,0.754,24.1,0.5352697095435685,5.9,2.5,1.0,0.6,0.1,0.6,0.407,0.379,0.902,20.8,0.4567307692307692
2014-15,GSW,1610612744,5,Champion,0.817,110.0,44.7,27.4,9.3,6.0,14.5,0.478,0.398,0.768,10.1,67.0,15.0,109.7,99.6,10.1,100.0,0.5310000000000001,0.875,23.8,4.3,7.7,2.0,0.2,3.1,0.487,0.443,0.914,32.7,1.067278287461774,21.7,3.2,2.9,1.1,0.8,1.9,0.463,0.439,0.879,31.9,0.871473354231975,11.7,8.2,3.7,1.6,1.3,1.7,0.443,0.337,0.66,31.5,0.7873015873015873,10.1,5.5,1.4,0.7,0.2,0.9,0.482,0.405,0.72,28.3,0.6007067137809187,7.8,3.3,3.0,1.2,0.3,1.1,0.466,0.349,0.596,26.9,0.5390334572490707,6.3,8.1,2.7,0.6,1.7,1.6,0.563,0.0,0.524,23.6,0.7542372881355931,5.9,2.3,3.3,0.6,0.3,1.3,0.5,0.0,0.714,18.8,0.5904255319148936,7.9,5.2,1.7,0.6,0.5,1.0,0.511,0.0,0.654,18.5,0.8054054054054054
2014-15,HOU,1610612745,3,Conference Finals,0.683,103.9,43.7,22.2,9.5,5.0,16.7,0.444,0.348,0.715,3.4,56.0,26.0,104.2,100.8,3.4,99.1,0.5310000000000001,0.625,27.4,5.7,7.0,1.9,0.7,4.0,0.44,0.375,0.868,36.8,1.0516304347826089,12.8,5.6,2.5,1.9,0.2,1.7,0.402,0.35,0.853,35.7,0.5966386554621848,10.1,4.2,3.4,1.1,0.4,1.5,0.383,0.356,0.75,30.8,0.5746753246753247,15.8,10.5,1.2,0.7,1.3,2.8,0.593,0.5,0.528,29.8,0.8959731543624161,12.0,5.9,1.8,0.8,0.5,1.7,0.504,0.368,0.602,28.7,0.6724738675958188,12.4,6.4,3.3,1.0,1.4,2.5,0.419,0.316,0.498,27.7,0.7942238267148015,11.7,6.7,1.1,0.5,1.8,1.1,0.528,0.351,0.606,27.0,0.7666666666666666,11.5,3.7,2.2,1.4,0.2,1.6,0.426,0.268,0.743,26.1,0.6666666666666664
2014-15,IND,1610612754,0,Missed Playoffs,0.463,97.3,44.9,21.4,6.2,4.6,14.0,0.439,0.352,0.756,0.3,38.0,44.0,100.8,100.5,0.3,95.7,0.4690666666666666,0.75,16.1,4.2,5.1,1.0,0.3,1.6,0.477,0.358,0.79,29.5,0.8508474576271186,8.9,3.8,2.2,0.8,0.2,1.4,0.396,0.327,0.824,29.0,0.4999999999999999,11.7,6.8,3.4,0.7,0.7,1.8,0.471,0.2,0.739,28.7,0.749128919860627,12.6,3.5,3.1,0.8,0.1,1.7,0.44,0.39,0.819,26.4,0.6969696969696972,13.5,3.1,1.1,0.9,0.4,1.0,0.398,0.345,0.807,26.3,0.6844106463878327,10.6,7.1,1.1,0.2,1.6,1.4,0.446,0.0,0.824,25.3,0.7588932806324111,10.0,2.9,3.6,1.0,0.2,1.8,0.434,0.4,0.826,24.9,0.6385542168674698,7.4,2.7,3.6,0.4,0.0,1.2,0.408,0.313,0.779,20.9,0.6172248803827752
2014-15,LAC,1610612746,2,Second Round Exit,0.683,106.7,42.6,24.8,7.8,5.0,12.3,0.473,0.376,0.71,6.6,56.0,26.0,109.8,103.1,6.8,96.9,0.5310000000000001,0.75,21.9,7.6,5.3,0.9,0.5,2.3,0.502,0.4,0.728,35.2,0.9630681818181815,19.1,4.6,10.2,1.9,0.2,2.3,0.485,0.398,0.9,34.8,0.9683908045977015,11.5,15.0,0.7,1.0,2.2,1.3,0.71,0.25,0.397,34.4,0.8459302325581395,16.4,2.1,1.8,0.5,0.1,1.2,0.477,0.437,0.901,30.9,0.6375404530744337,10.1,4.0,1.5,0.9,0.7,1.1,0.444,0.362,0.779,29.9,0.5384615384615384,15.8,1.9,2.5,0.9,0.2,1.4,0.396,0.327,0.901,26.6,0.7481203007518796,7.0,2.0,2.0,0.6,0.2,0.9,0.409,0.298,0.675,20.6,0.5291262135922329,5.8,3.5,1.2,0.3,0.7,0.8,0.393,0.313,0.647,17.5,0.6114285714285714
2014-15,LAL,1610612747,0,Missed Playoffs,0.256,98.5,43.9,20.9,7.0,4.5,13.2,0.435,0.344,0.741,-6.8,21.0,61.0,100.8,107.9,-7.0,96.4,0.5310000000000001,0.375,11.0,4.5,4.0,1.5,0.0,3.0,0.3,0.2,0.4,36.9,0.4878048780487805,22.3,5.7,5.6,1.3,0.2,3.7,0.373,0.293,0.813,34.5,0.910144927536232,11.9,1.9,2.1,0.6,0.1,1.7,0.412,0.371,0.753,29.9,0.4983277591973245,9.9,4.2,1.6,0.8,0.6,1.1,0.414,0.351,0.804,29.5,0.5423728813559322,12.0,7.9,1.5,0.5,0.7,1.5,0.459,0.273,0.738,26.8,0.7873134328358208,10.0,3.2,1.6,0.5,0.0,0.8,0.412,0.37,0.813,25.8,0.5620155038759689,11.2,2.6,4.6,1.1,0.4,2.2,0.424,0.369,0.795,25.8,0.686046511627907,11.9,3.2,3.5,0.9,0.2,1.6,0.448,0.314,0.829,25.0,0.7239999999999999
2014-15,MEM,1610612763,2,Second Round Exit,0.671,98.3,42.6,21.7,8.5,4.2,13.3,0.458,0.339,0.773,3.2,55.0,27.0,103.1,99.7,3.4,94.3,0.5310000000000001,0.875,17.4,7.8,3.8,0.9,1.6,2.2,0.494,0.176,0.795,33.2,0.8825301204819277,16.1,10.5,2.2,1.0,0.2,2.2,0.487,0.35,0.765,32.4,0.8580246913580247,15.8,3.0,5.4,1.3,0.2,2.2,0.446,0.386,0.859,31.8,0.738993710691824,15.0,4.2,1.7,0.7,0.4,1.4,0.43,0.332,0.833,31.5,0.6539682539682539,10.1,2.3,2.0,1.0,0.2,1.0,0.448,0.402,0.86,30.6,0.4771241830065358,8.6,4.4,1.4,2.0,0.5,1.4,0.495,0.345,0.627,26.2,0.5916030534351144,7.7,1.8,2.8,0.6,0.1,1.1,0.487,0.268,0.853,18.9,0.6296296296296297,5.2,5.3,0.5,0.4,0.8,0.9,0.508,0.0,0.647,16.6,0.6807228915662651
2014-15,MIA,1610612748,0,Missed Playoffs,0.451,94.7,39.1,19.8,7.8,4.5,14.8,0.456,0.335,0.741,-2.6,37.0,45.0,101.5,104.3,-2.8,93.1,0.4690666666666666,0.5,21.1,7.0,2.2,0.9,0.6,2.2,0.46,0.375,0.772,35.4,0.8361581920903955,16.3,3.5,4.5,1.0,0.2,2.2,0.501,0.347,0.774,33.8,0.6893491124260356,14.0,5.2,1.9,0.9,0.3,1.5,0.469,0.355,0.761,33.6,0.619047619047619,21.5,3.5,4.8,1.2,0.3,3.4,0.47,0.284,0.768,31.8,0.8773584905660378,10.2,2.6,3.8,1.5,0.1,2.2,0.403,0.294,0.774,29.6,0.5405405405405405,7.3,3.4,1.2,1.0,0.4,1.0,0.345,0.341,0.778,26.1,0.4712643678160919,11.8,10.0,0.1,0.6,2.6,1.2,0.628,0.0,0.5,23.8,1.0042016806722691,8.8,3.7,1.3,0.6,0.5,1.5,0.434,0.235,0.769,21.0,0.6380952380952382
2014-15,MIL,1610612749,1,First Round Exit,0.5,97.8,42.1,23.6,9.6,4.9,16.7,0.459,0.363,0.757,0.4,41.0,41.0,100.5,100.1,0.4,96.1,0.4690666666666666,0.625,14.6,5.3,6.7,1.7,0.5,3.8,0.396,0.235,0.694,32.6,0.7668711656441717,12.7,6.7,2.6,0.9,1.0,2.1,0.491,0.159,0.741,31.4,0.6942675159235668,13.4,4.4,2.3,1.5,0.1,1.4,0.467,0.407,0.859,30.1,0.6744186046511629,12.3,5.5,1.7,1.2,0.2,1.9,0.49,0.25,0.697,29.5,0.6440677966101694,11.4,2.6,2.8,0.8,0.3,1.8,0.422,0.357,0.827,23.9,0.6736401673640169,7.2,3.1,1.8,1.0,0.2,0.9,0.468,0.385,0.716,23.8,0.5210084033613446,8.3,6.8,2.4,1.1,0.3,1.8,0.454,0.0,0.788,23.7,0.7215189873417722,11.5,4.8,1.0,0.6,0.3,0.8,0.472,0.389,0.645,22.7,0.7665198237885463
2014-15,MIN,1610612750,0,Missed Playoffs,0.195,97.8,40.9,21.6,8.1,4.0,15.0,0.438,0.332,0.776,-8.8,16.0,66.0,99.8,108.8,-9.0,97.3,0.5310000000000001,0.625,16.9,4.6,2.1,1.0,0.6,2.2,0.437,0.31,0.76,36.2,0.6353591160220995,20.0,3.6,2.3,0.8,0.0,1.9,0.427,0.393,0.881,33.4,0.7425149700598804,10.3,5.7,8.8,1.7,0.0,2.9,0.356,0.255,0.803,31.5,0.7492063492063492,9.7,8.3,2.0,1.0,1.7,1.7,0.506,0.167,0.783,30.0,0.7,12.5,7.5,0.9,0.6,0.4,1.4,0.424,0.0,0.837,26.3,0.779467680608365,10.1,2.8,3.6,0.7,0.1,2.5,0.422,0.341,0.842,24.7,0.5991902834008097,6.7,5.1,0.9,0.6,0.3,1.4,0.414,0.111,0.652,23.1,0.5281385281385281,13.5,4.1,1.2,0.5,0.2,0.9,0.489,0.392,0.717,22.8,0.8157894736842105
2014-15,NOP,1610612740,1,First Round Exit,0.549,99.4,43.5,22.0,6.7,6.2,13.3,0.457,0.37,0.751,0.8,45.0,37.0,105.4,104.6,0.8,93.8,0.5310000000000001,0.625,24.4,10.2,2.2,1.5,2.9,1.4,0.535,0.083,0.805,36.1,1.1024930747922437,16.6,5.3,6.6,1.3,0.5,3.1,0.447,0.304,0.694,34.0,0.7999999999999999,13.4,2.6,3.8,0.8,0.2,2.0,0.411,0.448,0.805,33.1,0.56797583081571,14.8,3.4,6.9,1.6,0.6,2.3,0.446,0.378,0.855,32.6,0.7668711656441719,13.7,4.8,0.9,0.5,0.3,1.0,0.399,0.34,0.854,27.5,0.6981818181818181,7.3,9.8,0.9,0.4,0.7,1.3,0.517,0.0,0.582,26.1,0.6819923371647508,5.2,3.9,0.8,0.7,0.6,0.5,0.457,0.1,0.617,25.0,0.428,7.6,2.1,3.4,0.8,0.2,1.3,0.412,0.313,0.716,24.4,0.5245901639344263
2014-15,NYK,1610612752,0,Missed Playoffs,0.207,91.9,40.4,21.3,7.0,4.7,14.7,0.428,0.347,0.769,-9.3,17.0,65.0,97.1,107.0,-9.8,93.8,0.4690666666666666,0.375,24.2,6.6,3.1,1.0,0.4,2.2,0.444,0.341,0.797,35.7,0.9271708683473388,11.8,4.2,3.3,1.2,0.3,1.4,0.399,0.352,0.808,32.4,0.5987654320987655,9.1,3.0,4.7,0.7,0.0,1.8,0.415,0.415,0.906,30.2,0.5198675496688742,14.8,4.4,1.6,0.1,0.9,1.4,0.454,0.366,0.813,27.1,0.7527675276752769,6.2,2.3,3.0,1.2,0.1,1.1,0.433,0.302,0.782,24.5,0.4775510204081632,11.5,2.2,1.8,0.3,0.2,1.2,0.389,0.342,0.801,24.0,0.6166666666666667,7.1,3.1,1.1,0.6,0.1,1.2,0.412,0.318,0.727,24.0,0.4499999999999999,8.0,4.0,1.7,0.4,0.5,1.3,0.434,0.357,0.83,21.8,0.610091743119266
2014-15,OKC,1610612760,0,Missed Playoffs,0.549,104.0,47.5,20.5,7.3,5.5,14.7,0.447,0.339,0.754,2.2,45.0,37.0,104.5,102.3,2.2,98.8,0.5310000000000001,0.5,28.1,7.3,8.6,2.1,0.2,4.4,0.426,0.299,0.835,34.4,1.2180232558139537,25.4,6.6,4.1,0.9,0.9,2.7,0.51,0.403,0.854,33.8,1.0414201183431953,14.3,7.8,0.9,0.5,2.4,1.5,0.476,0.376,0.836,33.1,0.7371601208459214,15.5,8.9,0.7,0.5,0.4,1.9,0.519,0.356,0.782,28.5,0.8456140350877193,11.8,2.4,2.0,1.1,0.3,1.4,0.396,0.297,0.68,27.6,0.5869565217391306,7.7,7.5,0.9,0.5,1.2,1.4,0.544,0.0,0.502,25.3,0.6482213438735177,10.7,2.6,0.8,0.7,0.1,0.5,0.463,0.434,0.888,24.4,0.5901639344262295,9.5,2.0,4.3,0.6,0.0,1.8,0.399,0.337,0.868,23.9,0.6108786610878663
2014-15,ORL,1610612753,0,Missed Playoffs,0.305,95.7,41.8,20.6,7.9,3.8,14.9,0.453,0.347,0.729,-5.7,25.0,57.0,99.6,105.5,-6.0,95.7,0.4690666666666666,0.375,17.9,4.2,4.1,1.7,0.3,2.8,0.436,0.339,0.819,35.7,0.7114845938375348,17.1,6.3,1.8,1.0,0.5,1.7,0.466,0.364,0.788,34.8,0.7183908045977013,19.3,10.9,2.0,0.7,0.7,2.0,0.523,0.333,0.752,34.2,0.9239766081871348,8.9,4.3,6.5,1.7,0.2,2.5,0.425,0.262,0.551,30.3,0.6303630363036303,12.0,2.6,2.1,0.7,0.0,1.4,0.44,0.378,0.728,28.6,0.5594405594405594,7.3,3.9,1.3,0.6,0.5,1.0,0.392,0.393,0.886,24.9,0.5060240963855421,5.9,1.5,1.3,0.5,0.1,0.9,0.386,0.347,0.824,18.3,0.4590163934426229,5.2,3.6,0.7,0.4,0.5,0.8,0.447,0.271,0.721,17.0,0.5647058823529412
2014-15,PHI,1610612755,0,Missed Playoffs,0.22,92.0,42.9,20.5,9.6,5.9,17.7,0.408,0.32,0.676,-9.0,18.0,64.0,93.0,102.1,-9.1,98.3,0.4690666666666666,0.25,9.9,8.1,1.7,1.8,1.9,1.9,0.462,0.0,0.609,30.8,0.698051948051948,16.9,2.9,5.2,1.6,0.3,3.8,0.403,0.261,0.667,29.8,0.7751677852348993,9.9,4.9,1.6,1.2,0.3,1.5,0.395,0.307,0.589,28.6,0.5734265734265734,13.5,4.5,1.5,1.4,0.4,1.8,0.396,0.374,0.82,27.9,0.6989247311827956,8.8,2.8,1.2,0.8,0.4,0.9,0.413,0.401,0.708,25.0,0.524,9.1,3.5,2.0,0.7,0.2,0.8,0.348,0.323,0.773,21.9,0.6712328767123287,6.3,3.0,1.2,0.6,1.0,1.3,0.352,0.314,0.591,21.2,0.5094339622641509,9.2,1.9,2.1,0.6,0.1,1.3,0.386,0.37,0.817,20.0,0.6299999999999999
2014-15,PHX,1610612756,0,Missed Playoffs,0.476,102.4,43.2,20.2,8.5,4.7,15.1,0.452,0.341,0.76,-0.9,39.0,43.0,102.9,103.8,-0.9,98.5,0.5310000000000001,0.75,17.0,5.2,6.1,1.6,0.6,3.4,0.447,0.324,0.8,34.6,0.7832369942196532,17.0,3.9,5.2,1.4,0.2,3.0,0.422,0.389,0.874,32.3,0.7647058823529411,15.3,6.2,2.3,1.2,0.5,2.1,0.465,0.318,0.763,31.5,0.7428571428571428,9.1,6.4,1.6,1.4,0.3,1.2,0.438,0.345,0.727,30.6,0.5751633986928105,10.4,4.8,1.6,0.8,0.2,0.9,0.434,0.358,0.628,25.2,0.6706349206349207,6.3,6.6,0.5,0.5,1.5,1.1,0.507,0.333,0.702,22.0,0.6499999999999999,6.3,2.7,0.6,0.4,0.2,0.8,0.401,0.357,0.757,20.4,0.4607843137254901,11.9,2.5,1.2,0.6,0.2,1.4,0.416,0.354,0.825,19.5,0.7692307692307692
2014-15,POR,1610612757,1,First Round Exit,0.622,102.8,45.9,21.9,6.4,4.5,13.6,0.45,0.362,0.801,4.2,51.0,31.0,105.5,101.2,4.3,96.5,0.5310000000000001,0.625,21.0,4.6,6.2,1.2,0.3,2.7,0.434,0.343,0.864,35.7,0.857142857142857,23.4,10.2,1.7,0.7,1.0,1.7,0.466,0.352,0.845,35.4,0.9971751412429378,15.9,3.7,2.3,1.3,0.2,1.4,0.448,0.389,0.752,33.7,0.6528189910979229,9.4,5.9,4.8,1.1,0.6,1.9,0.4,0.324,0.857,33.5,0.5940298507462688,13.3,3.2,1.7,0.5,0.1,1.5,0.424,0.354,0.843,32.1,0.5389408099688473,9.6,6.7,0.9,0.3,1.4,1.2,0.535,0.0,0.772,27.8,0.6366906474820143,5.2,2.5,5.5,0.7,0.0,2.3,0.344,0.294,0.476,21.8,0.5321100917431192,8.6,6.5,0.9,0.2,0.7,1.5,0.515,0.0,0.706,18.9,0.8148148148148148
2014-15,SAC,1610612758,0,Missed Playoffs,0.354,101.3,44.2,20.3,6.7,4.0,16.3,0.455,0.341,0.762,-3.7,29.0,53.0,102.5,106.2,-3.7,98.0,0.5310000000000001,0.75,21.1,5.9,3.7,1.0,0.6,2.7,0.455,0.359,0.858,35.4,0.8361581920903954,16.1,3.2,5.6,1.5,0.3,2.5,0.473,0.373,0.788,34.8,0.6954022988505747,24.1,12.7,3.6,1.5,1.7,4.3,0.467,0.25,0.782,34.1,1.152492668621701,12.1,2.9,1.7,0.9,0.2,1.7,0.437,0.358,0.813,32.6,0.4938650306748465,6.1,6.5,1.0,0.4,0.7,1.0,0.47,0.0,0.622,24.6,0.556910569105691,8.9,3.9,1.5,0.5,0.1,1.3,0.489,0.402,0.733,21.1,0.6445497630331753,7.4,2.6,2.8,0.7,0.2,1.3,0.438,0.306,0.679,21.1,0.5876777251184833,8.3,2.7,0.7,0.5,0.1,0.8,0.447,0.314,0.684,19.8,0.5808080808080807
2014-15,SAS,1610612759,1,First Round Exit,0.671,103.2,43.6,24.4,8.0,5.4,14.0,0.468,0.367,0.78,6.2,55.0,27.0,106.2,99.8,6.4,95.8,0.5310000000000001,1.0,16.5,7.2,2.5,2.3,0.8,1.5,0.479,0.349,0.802,31.8,0.8742138364779874,13.9,9.1,3.0,0.8,2.0,1.7,0.512,0.286,0.74,28.9,0.9377162629757786,14.4,1.9,4.9,0.6,0.0,2.1,0.486,0.427,0.783,28.7,0.6864111498257841,11.7,4.2,2.0,1.2,1.1,1.1,0.436,0.418,0.874,28.5,0.6701754385964912,8.7,4.3,2.9,0.4,0.3,1.6,0.46,0.32,0.774,24.5,0.6122448979591838,10.5,3.0,4.2,1.0,0.3,2.2,0.426,0.345,0.721,22.7,0.7400881057268723,9.2,2.5,1.5,0.5,0.0,1.0,0.423,0.374,0.848,22.4,0.5669642857142857,8.2,4.8,1.5,0.7,0.7,1.2,0.558,0.0,0.75,19.8,0.7424242424242423
2014-15,TOR,1610612761,1,First Round Exit,0.598,104.0,41.5,20.7,7.5,4.4,12.9,0.455,0.352,0.787,3.1,49.0,33.0,108.1,104.9,3.2,95.4,0.4690666666666666,0.875,20.1,4.6,3.5,1.2,0.2,2.3,0.413,0.284,0.832,35.0,0.78,17.8,4.7,6.8,1.6,0.2,2.5,0.412,0.338,0.808,34.5,0.8289855072463769,8.0,5.3,1.9,0.7,0.5,0.7,0.449,0.371,0.788,26.6,0.5902255639097744,9.3,6.1,1.6,0.6,0.8,1.5,0.574,0.413,0.612,26.4,0.6401515151515152,12.0,8.7,0.5,0.4,1.2,1.4,0.572,0.0,0.786,26.2,0.8167938931297709,9.8,2.8,1.0,0.6,0.3,0.8,0.41,0.372,0.786,25.5,0.5372549019607844,15.5,1.9,2.1,1.1,0.1,1.3,0.404,0.34,0.861,25.2,0.76984126984127,9.5,2.6,3.7,0.6,0.1,1.5,0.408,0.379,0.758,24.3,0.617283950617284
2014-15,UTA,1610612762,0,Missed Playoffs,0.463,95.1,44.0,19.9,7.6,6.0,15.3,0.447,0.343,0.721,0.2,38.0,44.0,102.5,102.3,0.2,92.7,0.5310000000000001,0.625,19.3,4.9,4.1,1.4,0.4,2.7,0.445,0.364,0.812,34.4,0.7965116279069768,13.9,4.2,3.0,0.6,0.2,1.9,0.403,0.382,0.822,33.3,0.6006006006006007,16.0,8.2,1.5,0.8,1.7,1.6,0.525,0.167,0.669,30.8,0.8636363636363635,12.8,2.7,4.3,0.9,0.2,1.6,0.368,0.318,0.752,30.1,0.6411960132890364,8.4,9.5,1.3,0.8,2.3,1.4,0.604,0.0,0.623,26.3,0.7946768060836502,4.8,1.6,2.4,0.5,0.2,1.4,0.349,0.314,0.625,22.2,0.3648648648648648,8.7,2.3,1.7,0.6,0.2,0.9,0.414,0.365,0.763,21.3,0.5915492957746478,5.0,2.2,2.3,0.9,0.1,1.2,0.415,0.356,0.75,21.2,0.4386792452830189
2014-15,WAS,1610612764,2,Second Round Exit,0.561,98.5,44.7,24.0,7.3,4.6,15.0,0.462,0.36,0.742,0.7,46.0,36.0,101.8,101.1,0.7,95.4,0.4690666666666666,0.625,17.6,4.6,10.0,1.7,0.6,3.8,0.445,0.3,0.785,35.9,0.8551532033426186,15.3,3.8,3.1,1.2,0.3,2.0,0.427,0.409,0.783,33.5,0.6477611940298509,12.2,8.7,1.2,0.6,1.3,1.2,0.566,0.0,0.703,29.9,0.7625418060200669,11.9,4.0,2.0,0.6,0.3,1.3,0.447,0.389,0.781,26.2,0.66793893129771,11.0,5.1,1.8,1.0,0.3,1.9,0.511,0.2,0.604,25.3,0.6837944664031622,8.0,6.5,0.9,0.5,0.4,0.7,0.473,0.0,0.744,21.0,0.7428571428571429,7.7,2.6,0.8,0.4,0.3,0.6,0.422,0.387,0.791,20.1,0.5572139303482588,6.0,3.0,0.9,0.6,0.4,0.7,0.45,0.337,0.734,19.4,0.5257731958762888
2015-16,ATL,1610612737,2,Second Round Exit,0.585,102.8,42.1,25.6,9.1,5.9,15.0,0.458,0.35,0.783,3.6,48.0,34.0,103.0,99.3,3.6,99.1,0.4942,0.875,17.1,9.0,3.3,1.8,1.7,2.4,0.47,0.319,0.757,32.7,0.9327217125382264,15.2,7.3,3.2,0.8,1.5,1.3,0.505,0.344,0.798,32.1,0.8317757009345794,9.2,3.3,2.1,0.8,0.4,1.2,0.434,0.398,0.833,30.0,0.4866666666666667,15.7,2.7,5.9,1.2,0.3,2.8,0.439,0.401,0.837,28.5,0.807017543859649,11.6,5.1,2.3,1.3,0.5,1.8,0.441,0.357,0.815,27.8,0.6834532374100719,6.4,4.5,1.4,1.1,0.5,0.9,0.507,0.341,0.626,23.4,0.5555555555555556,11.0,2.6,4.4,0.9,0.1,2.3,0.421,0.322,0.791,20.3,0.8226600985221674,6.4,1.7,1.0,0.4,0.1,0.5,0.43,0.336,0.893,16.9,0.5384615384615384
2015-16,BOS,1610612738,1,First Round Exit,0.585,105.7,44.9,24.2,9.2,4.2,13.7,0.439,0.335,0.788,3.2,48.0,34.0,103.9,100.7,3.2,101.2,0.4942,0.875,15.2,2.9,2.1,1.5,0.3,1.4,0.447,0.361,0.78,33.4,0.6167664670658684,22.2,3.0,6.2,1.1,0.1,2.7,0.428,0.359,0.871,32.2,0.9285714285714286,14.2,5.1,1.8,1.7,0.5,1.1,0.443,0.336,0.82,31.6,0.7025316455696201,10.5,4.9,4.4,1.0,0.3,2.1,0.456,0.241,0.827,28.0,0.6785714285714286,9.1,4.2,3.0,1.5,0.3,1.3,0.348,0.253,0.777,27.3,0.6153846153846154,10.3,8.3,2.3,0.9,0.6,1.3,0.435,0.282,0.64,23.6,0.8940677966101696,7.3,6.4,1.7,0.7,1.1,1.2,0.585,0.233,0.57,22.8,0.7017543859649122,10.0,4.1,1.5,0.8,0.5,1.1,0.455,0.405,0.75,20.2,0.7821782178217822
2015-16,BKN,1610612751,0,Missed Playoffs,0.256,98.6,42.4,22.3,7.6,4.0,14.8,0.453,0.352,0.757,-7.4,21.0,61.0,100.9,108.4,-7.5,97.4,0.4942,0.5,20.6,7.8,2.0,0.8,1.7,2.4,0.511,0.143,0.787,33.7,0.9050445103857568,15.1,9.0,1.9,1.5,0.5,1.9,0.514,0.233,0.644,33.0,0.790909090909091,12.8,4.3,7.4,1.1,0.2,2.9,0.391,0.304,0.893,32.1,0.7133956386292836,11.2,3.2,1.3,0.4,0.1,1.5,0.433,0.382,0.833,26.8,0.5485074626865671,7.3,2.3,4.4,1.2,0.2,1.9,0.442,0.361,0.776,22.4,0.6026785714285714,7.0,2.8,4.4,0.5,0.1,1.3,0.44,0.384,0.75,21.6,0.625,5.8,5.3,1.5,1.3,0.6,0.9,0.457,0.286,0.712,21.2,0.6415094339622641,7.7,2.3,1.1,0.6,0.1,0.6,0.389,0.358,0.857,21.2,0.5283018867924528
2015-16,CHA,1610612766,1,First Round Exit,0.585,103.4,43.9,21.7,7.3,5.3,12.5,0.439,0.362,0.79,2.7,48.0,34.0,105.1,102.3,2.8,97.6,0.4942,0.625,20.9,4.4,5.2,1.6,0.5,2.1,0.427,0.371,0.847,35.6,0.8567415730337077,14.9,6.1,5.8,0.9,0.6,2.9,0.426,0.348,0.849,35.0,0.7257142857142858,9.6,2.6,1.7,1.1,0.4,0.9,0.454,0.378,0.839,29.6,0.4898648648648648,12.7,6.4,1.3,0.4,0.4,1.1,0.541,0.429,0.69,29.2,0.6883561643835616,11.7,6.4,1.4,0.7,1.0,0.8,0.452,0.402,0.833,28.9,0.7058823529411764,11.7,3.2,3.0,0.7,0.5,1.9,0.412,0.336,0.815,26.3,0.6539923954372623,8.7,6.2,1.0,0.8,0.9,0.9,0.529,0.1,0.754,24.3,0.6872427983539094,12.0,6.4,1.5,0.6,0.9,0.7,0.485,0.0,0.649,23.3,0.8884120171673819
2015-16,CHI,1610612741,0,Missed Playoffs,0.512,101.6,46.3,22.8,6.0,5.7,13.9,0.441,0.371,0.787,-1.5,42.0,40.0,102.1,103.6,-1.5,98.4,0.4942,1.0,20.9,5.3,4.8,1.6,0.6,2.0,0.454,0.312,0.832,36.9,0.845528455284553,16.4,3.4,4.7,0.7,0.2,2.7,0.427,0.293,0.793,31.8,0.7138364779874212,16.5,11.0,4.1,0.6,2.0,2.3,0.469,0.348,0.792,31.8,1.0031446540880504,8.6,6.9,1.5,0.6,1.1,1.1,0.526,0.0,0.692,26.5,0.6641509433962265,11.8,5.5,1.5,0.9,0.7,1.5,0.407,0.39,0.807,24.9,0.7590361445783133,9.4,2.4,0.7,0.2,0.1,0.7,0.452,0.425,0.857,23.0,0.5260869565217391,7.2,2.7,1.3,0.5,0.3,0.8,0.41,0.394,0.784,22.7,0.4933920704845815,4.3,8.8,3.8,0.6,1.0,1.8,0.383,0.0,0.489,21.9,0.7625570776255709
2015-16,CLE,1610612739,5,Champion,0.695,104.3,44.5,22.7,6.7,3.9,13.6,0.46,0.362,0.748,6.0,57.0,25.0,108.1,101.9,6.2,95.7,0.4942,0.875,13.0,5.0,2.0,1.0,2.0,0.0,0.429,0.5,0.0,42.4,0.5424528301886793,25.3,7.4,6.8,1.4,0.6,3.3,0.52,0.309,0.731,35.6,1.0730337078651686,19.6,3.0,4.7,1.1,0.3,2.3,0.448,0.321,0.885,31.5,0.8380952380952381,16.0,9.9,2.4,0.8,0.5,1.8,0.419,0.36,0.822,31.5,0.8825396825396824,12.4,2.8,1.7,1.1,0.3,0.8,0.415,0.4,0.634,30.7,0.5700325732899023,7.8,9.0,0.8,0.5,0.6,0.7,0.588,0.0,0.616,27.7,0.6498194945848377,7.5,2.1,4.4,0.6,0.1,1.5,0.405,0.41,0.864,24.6,0.5365853658536585,5.8,3.8,1.7,1.0,0.4,1.1,0.374,0.295,0.784,24.4,0.4754098360655738
2015-16,DAL,1610612742,1,First Round Exit,0.512,102.3,43.1,22.1,6.8,3.7,12.8,0.444,0.344,0.794,-0.3,42.0,40.0,104.8,105.1,-0.3,96.0,0.5055999999999999,0.625,12.5,3.1,1.9,1.0,0.2,1.0,0.388,0.36,0.863,33.9,0.5221238938053098,14.1,2.9,5.8,0.9,0.2,2.3,0.414,0.344,0.869,32.4,0.6666666666666666,18.3,6.5,1.8,0.7,0.7,1.1,0.448,0.368,0.893,31.5,0.8539682539682539,13.7,4.7,2.8,0.8,0.3,1.6,0.492,0.414,0.684,29.5,0.7016949152542372,9.5,3.2,3.6,0.9,0.2,1.5,0.406,0.282,0.847,27.4,0.5802919708029197,8.6,9.4,1.7,0.8,0.3,1.6,0.466,0.0,0.768,26.4,0.7272727272727273,10.9,2.1,4.1,0.4,0.0,1.5,0.446,0.385,0.771,22.5,0.7111111111111111,7.6,2.2,1.8,0.9,0.2,1.0,0.447,0.329,0.721,20.0,0.5850000000000001
2015-16,DEN,1610612743,0,Missed Playoffs,0.402,101.9,44.6,22.7,7.4,4.8,14.7,0.442,0.338,0.766,-3.1,33.0,49.0,102.7,105.9,-3.1,98.4,0.5055999999999999,0.75,19.5,5.3,2.5,0.8,0.4,1.5,0.41,0.364,0.868,34.7,0.7780979827089336,12.3,2.9,1.9,1.3,0.2,1.3,0.469,0.354,0.82,32.1,0.5389408099688473,12.8,3.4,5.5,1.0,0.5,3.2,0.364,0.319,0.67,30.4,0.6578947368421053,14.4,5.8,2.5,0.9,0.5,1.7,0.432,0.345,0.806,28.7,0.7804878048780487,7.7,2.9,4.9,0.6,0.1,1.7,0.368,0.299,0.857,26.6,0.5451127819548873,12.5,8.7,1.2,0.5,0.9,1.4,0.558,0.5,0.613,25.3,0.8853754940711461,10.0,7.0,2.4,1.0,0.6,1.3,0.512,0.333,0.811,21.7,0.9078341013824884,7.5,4.2,1.4,0.8,0.7,0.9,0.452,0.385,0.755,21.7,0.631336405529954
2015-16,DET,1610612765,1,First Round Exit,0.537,102.0,46.3,19.4,7.0,3.7,13.5,0.439,0.345,0.668,0.6,44.0,38.0,103.3,102.6,0.6,97.8,0.4942,0.5,14.5,3.7,1.8,1.4,0.2,1.4,0.42,0.309,0.811,36.7,0.550408719346049,14.1,5.1,2.5,0.8,0.3,1.8,0.434,0.362,0.749,35.7,0.588235294117647,14.7,6.7,2.2,0.9,0.5,1.4,0.469,0.335,0.831,33.1,0.7129909365558912,16.2,14.8,0.8,1.5,1.4,1.9,0.521,0.333,0.355,32.9,0.9969604863221884,18.8,3.2,6.2,0.7,0.1,2.8,0.434,0.353,0.864,30.7,0.8534201954397395,8.1,4.2,1.6,0.8,0.2,1.6,0.375,0.307,0.784,23.1,0.5757575757575758,5.3,3.2,0.7,0.4,0.2,0.4,0.386,0.36,0.617,18.6,0.5053763440860214,4.4,1.5,3.4,0.4,0.1,1.4,0.388,0.344,0.8,17.0,0.4941176470588235
2015-16,GSW,1610612744,4,Finals Loss,0.89,114.9,46.2,28.9,8.4,6.1,15.2,0.487,0.416,0.763,10.8,73.0,9.0,112.5,102.0,10.5,101.1,0.5055999999999999,1.0,14.0,9.5,7.4,1.5,1.4,3.2,0.49,0.388,0.696,34.7,0.881844380403458,30.1,5.4,6.7,2.1,0.2,3.3,0.504,0.454,0.908,34.2,1.2046783625730997,22.1,3.8,2.1,0.8,0.6,1.7,0.47,0.425,0.873,33.3,0.8318318318318321,11.7,4.9,1.8,0.6,0.2,0.9,0.466,0.383,0.761,30.9,0.592233009708738,7.0,4.0,3.4,1.1,0.3,1.2,0.478,0.351,0.614,26.6,0.5488721804511278,5.4,7.0,2.3,0.5,1.6,1.2,0.627,1.0,0.48,20.7,0.7536231884057972,6.3,2.2,3.0,0.7,0.3,1.0,0.536,0.167,0.86,19.5,0.5897435897435898,7.0,5.6,0.7,0.4,1.1,0.8,0.548,0.0,0.53,16.7,0.8383233532934131
2015-16,HOU,1610612745,1,First Round Exit,0.5,106.5,43.1,22.2,10.0,5.2,15.9,0.452,0.347,0.694,0.2,41.0,41.0,105.5,105.3,0.2,100.2,0.5055999999999999,0.875,29.0,6.1,7.5,1.7,0.6,4.6,0.439,0.359,0.86,38.1,1.057742782152231,12.7,4.5,2.3,2.0,0.3,1.4,0.416,0.371,0.783,35.3,0.5779036827195468,13.7,11.8,1.4,1.0,1.6,2.3,0.62,0.0,0.489,32.1,0.8473520249221184,9.9,3.5,3.4,1.3,0.4,1.3,0.434,0.4,0.682,28.7,0.5993031358885017,8.7,4.2,0.8,0.5,0.8,1.0,0.452,0.316,0.664,20.9,0.6698564593301436,7.2,2.4,1.3,1.0,0.2,1.0,0.384,0.272,0.75,20.4,0.5441176470588236,7.0,6.4,0.6,0.8,1.2,0.8,0.582,0.0,0.379,19.1,0.7958115183246073,12.8,4.9,0.8,0.6,0.5,1.2,0.522,0.333,0.776,18.1,1.0165745856353594
2015-16,IND,1610612754,1,First Round Exit,0.549,102.2,44.2,21.2,9.0,4.8,14.9,0.45,0.351,0.764,1.7,45.0,37.0,102.4,100.7,1.7,98.8,0.4942,0.625,23.1,7.0,4.1,1.9,0.4,3.3,0.418,0.371,0.86,34.8,0.9540229885057472,12.1,4.0,3.5,1.1,0.2,1.4,0.441,0.408,0.76,34.1,0.5718475073313783,13.8,3.3,4.7,1.9,0.5,2.5,0.427,0.309,0.786,33.8,0.6420118343195267,9.3,7.1,1.5,0.9,1.1,1.4,0.589,0.0,0.587,25.6,0.72265625,11.8,2.7,1.0,0.8,0.5,1.1,0.409,0.367,0.75,22.9,0.6855895196506551,10.3,5.5,0.7,0.4,1.4,1.1,0.498,0.214,0.727,22.8,0.7543859649122805,8.9,2.7,2.4,0.7,0.1,1.3,0.413,0.241,0.829,22.0,0.6136363636363636,5.7,1.8,3.6,0.8,0.1,1.4,0.393,0.333,0.686,21.4,0.4953271028037383
2015-16,LAC,1610612746,1,First Round Exit,0.646,104.5,42.0,22.8,8.6,5.6,13.0,0.465,0.364,0.692,4.3,53.0,29.0,106.5,102.1,4.4,97.4,0.5055999999999999,0.75,12.7,13.8,1.2,0.7,2.3,1.4,0.703,0.0,0.43,33.7,0.8694362017804154,21.4,8.4,4.9,0.8,0.5,2.4,0.499,0.333,0.727,33.4,1.0059880239520955,19.5,4.2,10.0,2.1,0.2,2.6,0.462,0.371,0.896,32.7,1.0214067278287462,11.7,4.2,1.7,0.7,0.5,1.2,0.43,0.315,0.745,28.2,0.6241134751773049,16.3,1.9,1.4,0.6,0.1,1.0,0.48,0.475,0.888,28.0,0.6892857142857143,14.2,1.8,2.3,0.7,0.2,1.4,0.404,0.34,0.904,26.9,0.6617100371747212,8.9,1.9,1.5,0.7,0.1,0.9,0.438,0.335,0.681,21.8,0.5596330275229358,6.9,3.1,0.6,1.1,0.7,0.7,0.404,0.333,0.652,20.8,0.5625
2015-16,LAL,1610612747,0,Missed Playoffs,0.207,97.3,43.0,18.0,7.2,4.1,13.7,0.414,0.317,0.781,-9.6,17.0,65.0,98.6,108.3,-9.7,98.5,0.5055999999999999,0.375,15.5,4.0,2.4,1.1,0.1,1.7,0.433,0.347,0.804,32.3,0.6625386996904026,15.3,2.5,2.5,0.9,0.3,1.6,0.408,0.344,0.83,28.5,0.6982456140350877,11.3,10.2,1.8,0.7,0.4,1.8,0.429,0.278,0.715,28.2,0.801418439716312,17.6,3.7,2.8,0.9,0.2,2.0,0.358,0.285,0.826,28.2,0.8226950354609929,13.2,3.4,3.3,1.2,0.2,2.5,0.41,0.351,0.737,28.2,0.6666666666666666,5.9,4.9,1.2,0.4,1.4,0.9,0.443,0.0,0.807,23.2,0.5560344827586208,4.0,2.4,0.7,0.5,0.2,0.5,0.31,0.286,0.85,20.6,0.3543689320388349,7.2,4.3,1.1,0.5,0.8,0.6,0.549,0.0,0.845,20.3,0.6551724137931034
2015-16,MEM,1610612763,1,First Round Exit,0.512,99.1,41.6,20.7,8.8,4.3,13.3,0.44,0.331,0.783,-2.2,42.0,40.0,102.6,104.9,-2.3,95.9,0.5055999999999999,0.5,16.6,7.0,3.8,1.0,1.3,2.3,0.464,0.667,0.829,34.4,0.7965116279069768,15.3,2.9,6.1,1.2,0.3,1.5,0.422,0.363,0.834,31.4,0.7738853503184713,15.3,7.8,2.1,0.6,0.2,1.5,0.475,0.231,0.796,29.7,0.824915824915825,10.0,5.5,2.1,1.0,0.8,1.6,0.381,0.322,0.804,28.8,0.6180555555555556,8.4,4.6,1.1,1.7,0.3,1.2,0.458,0.357,0.652,25.3,0.5889328063241106,9.2,2.1,3.1,1.3,0.2,1.5,0.42,0.356,1.0,24.3,0.5925925925925926,6.2,2.6,0.6,0.5,0.2,0.6,0.355,0.29,0.781,19.9,0.4773869346733668,8.3,3.2,1.9,0.6,0.1,1.4,0.481,0.385,0.784,19.9,0.6381909547738693
2015-16,MIA,1610612748,2,Second Round Exit,0.585,100.0,44.1,20.8,6.7,6.5,14.1,0.47,0.336,0.744,1.6,48.0,34.0,104.2,102.4,1.7,95.3,0.4942,0.625,19.1,7.4,2.4,0.7,0.6,1.5,0.467,0.365,0.795,33.5,0.8567164179104477,12.2,3.6,3.9,0.8,0.0,2.0,0.439,0.383,0.831,33.4,0.5538922155688623,14.1,3.8,5.8,1.0,0.2,2.6,0.477,0.312,0.727,32.8,0.6798780487804877,12.3,6.0,1.9,1.0,0.4,1.1,0.455,0.344,0.755,32.4,0.632716049382716,19.0,4.1,4.6,1.1,0.6,2.7,0.456,0.159,0.793,30.5,0.875409836065574,14.2,11.8,0.4,0.6,3.7,1.9,0.606,0.0,0.65,29.1,0.9896907216494844,6.4,5.2,1.5,0.9,0.3,1.2,0.422,0.276,0.684,28.6,0.4580419580419581,4.4,3.6,3.0,1.3,0.4,1.3,0.359,0.0,0.75,24.1,0.4730290456431535
2015-16,MIL,1610612749,0,Missed Playoffs,0.402,99.0,41.7,23.1,8.2,5.8,15.2,0.467,0.345,0.747,-4.2,33.0,49.0,102.2,106.5,-4.3,96.2,0.4942,0.75,18.2,3.8,4.2,1.7,0.2,2.3,0.444,0.396,0.888,36.1,0.7146814404432132,16.9,7.7,4.3,1.2,1.4,2.6,0.506,0.257,0.724,35.3,0.8186968838526911,14.1,5.2,1.7,0.9,0.4,1.5,0.493,0.257,0.768,31.7,0.6561514195583595,11.5,5.1,5.2,1.5,0.8,2.8,0.452,0.273,0.654,30.5,0.6983606557377049,15.3,8.8,2.3,0.9,0.8,1.6,0.522,0.0,0.74,29.3,0.9044368600682594,10.4,2.7,3.1,0.9,0.2,1.4,0.423,0.437,0.778,28.9,0.5501730103806228,7.8,2.6,2.9,1.2,0.2,1.8,0.371,0.321,0.775,26.6,0.4849624060150375,5.7,2.0,4.0,0.4,0.0,1.7,0.326,0.247,0.846,20.0,0.52
2015-16,MIN,1610612750,0,Missed Playoffs,0.354,102.4,41.6,23.4,8.0,4.6,15.0,0.464,0.338,0.792,-3.5,29.0,53.0,104.3,107.9,-3.6,97.2,0.5055999999999999,0.625,20.7,3.6,2.0,1.0,0.6,2.2,0.459,0.3,0.761,35.1,0.7321937321937323,18.3,10.5,2.0,0.7,1.7,2.2,0.542,0.341,0.811,32.0,0.96875,10.1,4.3,8.7,2.1,0.1,2.5,0.374,0.326,0.847,30.6,0.7450980392156863,14.0,2.8,3.1,0.8,0.2,1.9,0.452,0.389,0.793,28.0,0.6785714285714287,10.1,7.1,1.7,1.1,1.2,1.7,0.532,0.3,0.827,27.1,0.7195571955719556,10.5,3.3,0.6,0.3,0.1,0.9,0.465,0.289,0.764,20.5,0.6780487804878049,2.9,1.9,1.0,0.5,0.2,0.4,0.445,0.174,0.684,19.0,0.3210526315789473,5.1,3.5,1.4,0.4,0.4,0.8,0.468,0.384,0.727,17.9,0.558659217877095
2015-16,NOP,1610612740,0,Missed Playoffs,0.366,102.7,42.6,22.2,7.7,4.2,13.4,0.448,0.36,0.776,-3.8,30.0,52.0,103.2,107.0,-3.8,99.0,0.5055999999999999,0.875,24.3,10.3,1.9,1.3,2.0,2.0,0.493,0.324,0.758,35.5,1.064788732394366,15.2,2.2,2.7,1.0,0.3,1.6,0.418,0.384,0.888,32.9,0.6018237082066868,15.2,5.2,6.6,1.3,0.3,2.9,0.433,0.388,0.796,30.6,0.8398692810457516,17.0,6.0,1.1,0.6,0.4,1.4,0.427,0.366,0.873,30.4,0.7796052631578949,16.8,3.0,6.0,1.4,0.3,2.6,0.439,0.336,0.843,28.2,0.8829787234042553,11.4,5.6,2.3,0.7,0.3,1.5,0.422,0.289,0.667,27.6,0.6811594202898551,10.6,3.4,3.7,0.8,0.1,1.7,0.405,0.324,0.8,26.6,0.6353383458646616,6.1,3.0,1.0,0.5,0.4,0.5,0.451,0.316,0.695,24.6,0.4268292682926829
2015-16,NYK,1610612752,0,Missed Playoffs,0.39,98.4,44.4,20.5,5.7,5.7,13.4,0.439,0.346,0.805,-2.7,32.0,50.0,102.0,104.8,-2.8,95.8,0.4942,0.5,21.8,7.7,4.2,0.9,0.5,2.4,0.434,0.339,0.829,35.1,0.9316239316239316,12.8,3.7,2.0,0.4,0.1,1.2,0.443,0.382,0.84,33.4,0.532934131736527,14.3,7.3,1.3,0.7,1.9,1.7,0.421,0.333,0.838,28.4,0.8380281690140846,7.6,3.2,4.1,0.9,0.1,1.2,0.459,0.414,0.875,28.1,0.5231316725978647,10.3,7.3,1.4,0.2,1.6,1.6,0.539,0.0,0.795,27.1,0.7084870848708487,7.6,3.5,2.5,0.9,0.3,0.7,0.393,0.344,0.754,24.8,0.5685483870967742,8.2,2.2,0.9,0.4,0.1,1.0,0.442,0.404,0.857,22.3,0.4843049327354259,8.4,2.6,2.5,0.4,0.0,3.6,0.338,0.176,0.541,18.0,0.5722222222222223
2015-16,OKC,1610612760,3,Conference Finals,0.671,110.2,48.6,23.0,7.4,5.9,15.9,0.476,0.349,0.782,7.3,55.0,27.0,109.9,102.6,7.3,99.6,0.5055999999999999,0.875,28.2,8.2,5.0,1.0,1.2,3.5,0.505,0.387,0.898,35.8,1.1201117318435756,23.5,7.8,10.4,2.0,0.3,4.3,0.454,0.296,0.812,34.4,1.1540697674418603,12.6,6.8,0.8,0.5,1.9,1.4,0.479,0.326,0.752,32.1,0.660436137071651,9.8,2.6,2.0,1.0,0.2,1.5,0.399,0.358,0.713,27.6,0.5108695652173912,8.0,6.7,0.8,0.5,1.1,1.1,0.613,0.0,0.582,25.2,0.6349206349206349,4.8,3.6,0.7,0.8,0.6,0.5,0.496,0.311,0.611,22.2,0.4504504504504504,12.7,8.1,0.4,0.3,0.4,1.4,0.576,0.476,0.797,21.0,0.976190476190476,5.9,1.9,2.0,0.5,0.4,1.1,0.351,0.3,0.824,20.3,0.4729064039408867
2015-16,ORL,1610612753,0,Missed Playoffs,0.427,102.1,43.3,23.6,8.2,5.1,14.1,0.455,0.35,0.757,-1.6,35.0,47.0,102.6,104.2,-1.6,98.4,0.4942,0.625,16.0,4.8,3.9,1.6,0.8,2.1,0.438,0.348,0.83,33.0,0.7575757575757576,15.4,2.8,2.7,1.2,0.0,1.7,0.462,0.4,0.836,32.5,0.6276923076923077,18.2,8.9,2.8,0.8,1.1,1.9,0.51,0.222,0.753,31.3,0.955271565495208,10.7,3.6,6.4,1.2,0.3,2.4,0.436,0.326,0.589,29.4,0.6734693877551021,10.4,5.4,0.9,0.7,0.4,1.0,0.424,0.371,0.721,25.4,0.6614173228346456,9.2,6.5,1.6,0.8,0.7,0.8,0.473,0.296,0.668,23.9,0.7531380753138076,4.3,2.0,2.7,0.6,0.2,0.8,0.343,0.292,0.872,19.9,0.4522613065326633,6.9,2.0,3.5,0.6,0.1,1.2,0.368,0.329,0.731,18.1,0.6574585635359116
2015-16,PHI,1610612755,0,Missed Playoffs,0.122,97.4,41.2,21.5,8.3,6.0,16.4,0.431,0.339,0.694,-10.2,10.0,72.0,96.6,106.8,-10.1,100.2,0.4942,0.75,17.5,7.0,1.2,0.4,1.2,2.3,0.508,0.167,0.686,30.0,0.8333333333333333,11.1,8.1,1.8,1.8,1.5,2.4,0.521,0.5,0.59,29.3,0.7474402730375427,12.6,4.0,6.5,1.1,0.3,2.3,0.411,0.329,0.693,29.1,0.7628865979381444,12.8,6.3,1.4,1.6,0.6,2.1,0.385,0.353,0.791,28.4,0.7253521126760564,9.8,3.5,1.3,0.5,0.3,1.0,0.397,0.38,0.719,28.0,0.5142857142857143,9.7,4.7,1.8,0.7,1.6,1.4,0.419,0.24,0.658,26.8,0.6380597014925373,11.0,2.3,1.8,0.7,0.2,1.2,0.36,0.363,0.833,25.5,0.5803921568627451,8.5,2.5,1.9,0.6,0.3,1.3,0.385,0.326,0.771,24.8,0.5040322580645161
2015-16,PHX,1610612756,0,Missed Playoffs,0.28,100.9,44.8,20.7,7.7,3.8,17.2,0.435,0.348,0.751,-6.7,23.0,59.0,99.4,105.9,-6.6,101.4,0.5055999999999999,0.625,19.6,3.9,5.1,1.2,0.4,3.4,0.415,0.342,0.852,36.0,0.7444444444444445,20.4,4.0,6.1,2.0,0.6,3.5,0.453,0.372,0.802,34.2,0.8654970760233918,8.0,6.2,2.2,1.3,0.2,1.4,0.411,0.33,0.746,31.0,0.532258064516129,13.8,2.5,2.6,0.6,0.3,2.1,0.423,0.343,0.84,27.7,0.6389891696750903,7.2,8.7,1.0,0.5,0.7,1.4,0.583,0.0,0.62,24.5,0.6816326530612244,9.0,7.6,1.2,0.5,0.8,1.9,0.423,0.143,0.728,23.3,0.738197424892704,11.0,3.1,0.9,0.8,0.3,0.7,0.501,0.4,0.703,22.8,0.6754385964912282,12.2,3.8,1.1,0.4,0.3,1.1,0.427,0.393,0.774,21.3,0.784037558685446
2015-16,POR,1610612757,2,Second Round Exit,0.537,105.1,45.5,21.3,6.9,4.6,14.6,0.45,0.37,0.754,0.8,44.0,38.0,106.1,105.3,0.8,98.4,0.5055999999999999,0.5,25.1,4.0,6.8,0.9,0.4,3.2,0.419,0.375,0.892,35.7,0.952380952380952,20.8,3.2,4.3,1.2,0.3,2.5,0.448,0.417,0.827,34.7,0.786743515850144,10.2,6.1,1.7,0.9,0.6,1.5,0.416,0.361,0.737,28.5,0.6315789473684209,10.3,2.7,1.2,0.8,0.2,0.8,0.459,0.393,0.867,26.0,0.5538461538461538,9.1,7.7,2.8,0.8,1.0,1.9,0.516,0.0,0.642,25.4,0.7677165354330711,8.4,5.1,1.5,0.1,0.3,1.3,0.448,0.377,0.761,21.8,0.6467889908256881,6.5,7.4,1.1,0.7,0.9,0.8,0.611,0.0,0.559,20.8,0.7596153846153845,8.7,2.9,1.0,0.5,0.3,0.9,0.439,0.353,0.767,19.9,0.628140703517588
2015-16,SAC,1610612758,0,Missed Playoffs,0.402,106.6,44.2,24.5,8.9,4.5,16.2,0.464,0.359,0.725,-2.5,33.0,49.0,103.3,105.7,-2.4,102.5,0.5055999999999999,0.5,11.9,6.0,11.7,2.0,0.1,3.9,0.454,0.365,0.58,35.2,0.7897727272727272,26.9,11.5,3.3,1.6,1.4,3.8,0.451,0.333,0.718,34.6,1.182080924855491,17.2,6.5,1.7,1.4,0.7,2.0,0.463,0.344,0.78,34.0,0.7499999999999999,14.0,2.3,4.3,1.0,0.1,1.8,0.486,0.401,0.858,30.0,0.6633333333333334,11.8,5.9,1.4,0.8,0.2,1.4,0.481,0.409,0.648,27.3,0.6849816849816851,10.2,1.7,1.9,0.5,0.0,1.2,0.386,0.306,0.833,24.6,0.532520325203252,6.0,4.0,1.0,1.0,0.0,0.0,0.2,0.4,0.0,24.2,0.4958677685950413,7.0,5.3,0.6,0.7,1.0,0.7,0.563,0.0,0.648,21.4,0.6495327102803738
2015-16,SAS,1610612759,2,Second Round Exit,0.817,103.5,43.9,24.5,8.3,5.9,13.1,0.484,0.375,0.803,10.6,67.0,15.0,108.4,97.2,11.1,95.4,0.5055999999999999,0.75,21.2,6.8,2.6,1.8,1.0,1.5,0.506,0.443,0.874,33.0,0.9666666666666668,18.0,8.5,1.5,0.5,1.1,1.3,0.513,0.0,0.858,30.6,0.9248366013071896,11.9,2.4,5.3,0.8,0.2,1.8,0.493,0.415,0.76,27.5,0.6836363636363637,7.2,3.8,1.8,1.0,0.8,0.9,0.376,0.332,0.739,26.1,0.524904214559387,8.6,7.3,2.7,0.8,1.3,1.5,0.488,0.0,0.702,25.2,0.7619047619047619,8.5,2.0,2.8,0.7,0.1,0.9,0.425,0.384,0.81,20.5,0.6439024390243903,9.3,2.0,1.1,0.5,0.1,1.0,0.372,0.36,0.89,19.9,0.6030150753768845,9.6,2.5,3.1,1.1,0.2,1.7,0.453,0.391,0.813,19.6,0.7551020408163265
2015-16,TOR,1610612761,3,Conference Finals,0.683,102.7,43.4,18.7,7.8,5.5,13.1,0.451,0.37,0.777,4.5,56.0,26.0,107.0,102.3,4.7,95.5,0.4942,0.625,21.2,4.7,6.4,2.1,0.4,2.9,0.427,0.388,0.811,37.0,0.8621621621621621,23.5,4.5,4.0,1.0,0.3,2.2,0.446,0.338,0.85,35.9,0.8662952646239555,11.0,4.7,1.0,1.7,0.2,1.1,0.389,0.39,0.6,30.2,0.5794701986754965,12.8,9.1,0.7,0.4,1.3,1.4,0.565,0.0,0.761,25.9,0.8841698841698842,8.5,2.6,3.1,0.8,0.3,1.3,0.439,0.273,0.764,25.6,0.546875,6.9,4.3,1.2,0.7,0.4,0.8,0.414,0.362,0.853,25.6,0.4960937499999999,9.9,2.5,0.8,0.7,0.3,0.6,0.431,0.386,0.79,23.9,0.5690376569037657,5.5,8.0,0.4,0.2,1.6,0.9,0.542,0.0,0.628,22.0,0.6727272727272727
2015-16,UTA,1610612762,0,Missed Playoffs,0.488,97.7,43.2,19.0,7.7,5.2,14.9,0.449,0.355,0.744,1.8,40.0,42.0,103.1,101.2,1.9,93.4,0.5055999999999999,0.875,19.7,5.0,3.7,1.2,0.3,2.5,0.433,0.349,0.824,36.2,0.7569060773480663,14.5,3.4,2.7,0.9,0.2,1.6,0.42,0.359,0.86,32.2,0.6242236024844718,16.4,8.1,1.5,1.2,1.5,1.7,0.515,0.0,0.709,32.0,0.84375,9.1,11.0,1.5,0.7,2.2,1.9,0.559,0.0,0.569,31.7,0.7129337539432177,13.3,3.5,2.0,0.6,0.1,1.6,0.41,0.405,0.752,25.7,0.6964980544747083,10.6,1.8,2.3,0.5,0.1,1.3,0.413,0.344,0.817,21.3,0.6572769953051643,5.9,5.7,1.1,0.7,0.5,1.0,0.49,0.293,0.67,20.7,0.6231884057971014,8.6,2.5,3.6,0.7,0.1,1.8,0.439,0.312,0.738,20.3,0.6748768472906402
2015-16,WAS,1610612764,0,Missed Playoffs,0.5,104.1,41.8,24.5,8.6,3.9,14.5,0.46,0.358,0.73,-0.5,41.0,41.0,102.9,103.4,-0.5,100.7,0.4942,0.75,19.9,4.9,10.2,1.9,0.8,4.1,0.424,0.351,0.791,36.2,0.9281767955801102,17.4,3.4,2.9,1.0,0.2,2.0,0.449,0.387,0.767,31.1,0.7363344051446944,11.6,5.2,1.6,1.4,0.4,0.9,0.473,0.367,0.754,30.3,0.636963696369637,13.5,9.9,1.4,0.6,1.3,1.6,0.567,0.0,0.705,30.1,0.8338870431893687,7.9,3.5,2.1,0.9,0.2,1.0,0.478,0.42,0.735,25.9,0.5250965250965252,12.0,5.5,1.9,0.9,0.5,2.1,0.425,0.303,0.735,25.5,0.7333333333333332,7.3,2.7,1.8,0.9,0.2,0.8,0.398,0.345,0.728,24.4,0.4959016393442623,9.9,2.5,2.9,0.6,0.1,1.4,0.473,0.324,0.756,20.3,0.7192118226600985
2016-17,ATL,1610612737,1,First Round Exit,0.524,103.2,44.3,23.6,8.2,4.8,15.8,0.451,0.341,0.728,-0.9,43.0,39.0,102.3,103.2,-0.8,99.8,0.4828666666666666,0.75,18.1,7.7,3.7,1.3,0.9,2.3,0.442,0.311,0.768,34.0,0.8647058823529411,17.9,3.1,6.3,0.9,0.2,3.3,0.451,0.34,0.855,31.5,0.7968253968253968,13.5,12.7,1.4,0.9,1.2,2.3,0.633,0.0,0.533,29.7,0.9225589225589224,14.5,2.8,2.3,0.7,0.2,1.3,0.455,0.357,0.766,27.3,0.7032967032967032,11.0,3.2,2.4,1.2,0.7,1.7,0.409,0.346,0.708,26.9,0.62453531598513,13.1,5.9,1.7,0.7,0.3,1.4,0.431,0.353,0.778,26.1,0.7777777777777778,7.2,4.4,1.7,1.5,0.5,0.9,0.441,0.342,0.733,25.7,0.5603112840466926,6.2,3.4,1.4,0.4,0.6,0.8,0.504,0.418,0.766,17.7,0.6327683615819208
2016-17,BOS,1610612738,3,Conference Finals,0.646,108.0,42.0,25.2,7.5,4.1,13.3,0.454,0.359,0.807,2.6,53.0,29.0,108.6,105.9,2.6,99.1,0.4828666666666666,0.75,28.9,2.7,5.9,0.9,0.2,2.8,0.463,0.379,0.909,33.8,1.0591715976331364,16.3,6.1,2.2,1.2,0.2,1.6,0.463,0.39,0.731,33.4,0.7305389221556885,13.9,5.8,2.2,1.0,0.3,1.1,0.463,0.398,0.811,32.4,0.6820987654320987,14.0,6.8,5.0,0.8,1.3,1.7,0.473,0.355,0.8,32.3,0.8111455108359135,10.6,3.9,4.6,1.6,0.4,2.0,0.359,0.283,0.812,30.4,0.6282894736842106,9.0,4.8,2.0,0.6,0.4,1.3,0.512,0.354,0.732,20.5,0.7560975609756098,6.5,4.6,1.8,0.6,0.8,1.0,0.576,0.409,0.67,20.1,0.6616915422885572,6.6,2.8,0.8,0.4,0.2,0.9,0.455,0.343,0.685,17.2,0.5755813953488371
2016-17,BKN,1610612751,0,Missed Playoffs,0.244,105.8,43.9,21.4,7.2,4.7,16.5,0.444,0.338,0.788,-6.7,20.0,62.0,101.9,108.4,-6.5,103.4,0.4828666666666666,0.375,20.5,5.4,2.3,0.5,1.7,2.5,0.474,0.346,0.81,29.6,0.9425675675675674,13.1,4.0,2.2,0.6,0.1,1.9,0.415,0.341,0.843,25.1,0.7211155378486057,10.0,8.0,1.9,1.1,0.4,1.8,0.516,0.321,0.673,24.7,0.7935222672064777,14.5,3.8,5.1,1.2,0.4,2.4,0.438,0.372,0.816,24.5,0.9224489795918368,8.7,5.8,2.0,1.1,0.6,1.5,0.434,0.224,0.751,22.6,0.7389380530973452,7.3,2.8,3.1,0.7,0.4,1.1,0.444,0.376,0.792,22.6,0.5840707964601769,7.4,2.5,2.6,0.6,0.5,1.9,0.402,0.295,0.805,22.5,0.52,8.2,2.8,1.0,0.6,0.2,1.1,0.425,0.385,0.714,21.9,0.5342465753424658
2016-17,CHA,1610612766,0,Missed Playoffs,0.439,104.9,43.6,23.1,7.0,4.8,11.5,0.442,0.351,0.815,0.2,36.0,46.0,106.4,106.2,0.2,97.8,0.4828666666666666,0.875,23.2,3.9,5.5,1.1,0.3,2.1,0.444,0.399,0.847,34.7,0.9193083573487028,15.1,6.2,5.9,1.1,0.4,2.5,0.403,0.333,0.856,34.0,0.7705882352941177,11.2,6.6,1.4,0.8,0.7,0.8,0.422,0.35,0.873,30.2,0.6589403973509932,9.2,7.0,1.4,1.0,1.0,0.7,0.477,0.111,0.784,29.0,0.6517241379310345,10.3,6.5,1.6,1.0,0.9,1.0,0.571,0.0,0.679,27.8,0.6942446043165468,11.7,4.5,2.2,0.6,0.5,1.0,0.399,0.328,0.756,26.1,0.7088122605363985,10.5,2.4,2.0,0.6,0.1,0.9,0.429,0.36,0.893,24.0,0.6124999999999999,9.7,4.3,1.2,0.4,0.4,0.6,0.46,0.281,0.853,18.4,0.8369565217391305
2016-17,CHI,1610612741,1,First Round Exit,0.5,102.9,46.3,22.6,7.8,4.8,13.6,0.444,0.34,0.798,0.4,41.0,41.0,104.6,104.1,0.4,97.9,0.4828666666666666,0.25,23.9,6.2,5.5,1.9,0.4,2.1,0.455,0.367,0.865,37.0,0.9675675675675672,18.3,4.5,3.8,1.4,0.7,2.3,0.434,0.31,0.794,29.9,0.882943143812709,10.4,6.4,1.0,0.2,1.4,1.1,0.493,0.0,0.721,28.0,0.6535714285714285,7.8,5.1,6.7,1.4,0.2,2.4,0.408,0.376,0.6,26.7,0.7041198501872659,10.6,5.5,1.1,0.8,0.8,1.1,0.413,0.342,0.773,24.0,0.7375000000000002,5.5,2.8,0.8,0.3,0.4,0.9,0.398,0.333,0.775,19.2,0.4635416666666668,6.6,3.4,2.5,0.8,0.5,1.5,0.366,0.234,0.753,18.8,0.6542553191489362,5.1,2.6,1.1,0.5,0.1,0.9,0.354,0.351,0.778,17.1,0.4970760233918127
2016-17,CLE,1610612739,4,Finals Loss,0.622,110.3,43.7,22.7,6.6,4.0,13.7,0.47,0.384,0.748,3.2,51.0,31.0,110.9,107.7,3.2,98.5,0.4828666666666666,0.75,26.4,8.6,8.7,1.2,0.6,4.1,0.548,0.363,0.674,37.8,1.0952380952380956,25.2,3.2,5.8,1.2,0.3,2.5,0.473,0.401,0.905,35.1,0.9458689458689457,19.0,11.1,1.9,0.9,0.4,2.0,0.427,0.373,0.871,31.4,0.9968152866242038,8.1,9.2,1.0,0.5,1.1,0.8,0.6,0.0,0.498,30.0,0.6366666666666666,8.6,2.8,1.5,1.0,0.3,0.6,0.346,0.351,0.667,29.0,0.4689655172413793,10.1,2.8,1.6,0.5,0.3,1.0,0.464,0.451,0.905,26.2,0.5458015267175572,11.0,2.3,5.6,0.5,0.1,2.2,0.438,0.363,0.826,25.9,0.6679536679536681,7.5,2.9,1.4,0.8,0.4,1.0,0.411,0.36,0.789,25.5,0.4705882352941177
2016-17,DAL,1610612742,0,Missed Playoffs,0.402,97.9,38.6,20.8,7.5,3.7,11.9,0.44,0.355,0.801,-2.9,33.0,49.0,103.7,106.8,-3.1,93.9,0.5170666666666667,0.375,19.2,5.0,1.5,0.8,0.2,1.3,0.468,0.351,0.861,35.5,0.7154929577464788,13.5,3.5,2.9,1.1,0.2,1.4,0.393,0.363,0.816,34.2,0.5789473684210527,12.8,2.6,2.7,1.1,0.1,1.3,0.481,0.425,0.85,29.0,0.6206896551724139,14.2,6.5,1.5,0.6,0.7,0.9,0.437,0.378,0.875,26.4,0.8560606060606062,10.0,2.4,3.7,0.9,0.2,1.5,0.406,0.386,0.831,26.0,0.6038461538461538,10.9,2.4,5.5,0.4,0.0,1.8,0.414,0.358,0.863,22.0,0.7909090909090909,8.7,5.8,1.0,1.3,1.0,1.0,0.595,0.0,0.694,20.5,0.8195121951219513,4.3,2.7,0.8,0.6,0.3,0.6,0.372,0.293,0.754,20.3,0.3990147783251232
2016-17,DEN,1610612743,0,Missed Playoffs,0.488,111.7,46.4,25.3,6.9,3.9,15.0,0.469,0.368,0.774,0.5,40.0,42.0,110.0,109.5,0.5,101.2,0.5170666666666667,0.75,18.2,5.2,2.1,0.6,0.2,1.3,0.447,0.389,0.902,33.9,0.7374631268436579,14.9,3.1,2.9,1.2,0.1,1.3,0.502,0.42,0.776,31.3,0.6677316293929711,15.7,6.5,2.0,0.7,0.4,1.6,0.461,0.337,0.727,30.9,0.7669902912621358,13.7,4.3,3.4,0.8,0.5,1.6,0.443,0.37,0.753,28.4,0.7429577464788732,16.7,9.8,4.9,0.8,0.8,2.3,0.578,0.324,0.825,27.9,1.100358422939068,9.2,2.6,5.1,0.7,0.1,1.7,0.444,0.388,0.714,27.3,0.5860805860805861,10.4,7.5,3.5,0.9,1.1,1.7,0.536,0.0,0.58,26.5,0.8188679245283018,11.0,3.2,3.9,0.7,0.2,2.2,0.377,0.315,0.784,25.6,0.6562499999999999
2016-17,DET,1610612765,0,Missed Playoffs,0.451,101.3,45.7,21.1,7.0,3.8,11.9,0.449,0.33,0.719,-1.1,37.0,45.0,103.3,104.4,-1.1,97.5,0.4828666666666666,0.75,13.8,3.3,2.5,1.2,0.2,1.1,0.399,0.35,0.832,33.3,0.5975975975975976,14.0,4.6,2.0,0.7,0.3,1.1,0.418,0.331,0.784,32.5,0.6307692307692307,16.1,5.1,1.7,0.7,0.5,1.2,0.481,0.347,0.841,31.3,0.7316293929712461,13.6,13.8,1.1,1.5,1.1,1.9,0.53,0.286,0.386,29.7,0.9831649831649832,14.5,2.2,5.2,0.7,0.1,2.2,0.419,0.359,0.868,27.4,0.7481751824817519,10.2,5.4,1.5,0.4,0.3,0.9,0.48,0.293,0.867,25.9,0.6525096525096526,9.4,2.9,5.2,0.8,0.4,1.4,0.439,0.267,0.706,24.1,0.7178423236514523,4.4,2.5,1.4,0.7,0.3,0.9,0.353,0.292,0.679,17.8,0.4719101123595505
2016-17,GSW,1610612744,5,Champion,0.817,115.9,44.4,30.4,9.6,6.8,14.8,0.495,0.383,0.788,11.6,67.0,15.0,113.2,101.8,11.4,101.9,0.5170666666666667,0.625,22.3,3.7,2.1,0.8,0.5,1.6,0.468,0.414,0.853,34.0,0.8176470588235294,25.1,8.3,4.8,1.1,1.6,2.2,0.537,0.375,0.875,33.4,1.158682634730539,25.3,4.5,6.6,1.8,0.2,3.0,0.468,0.411,0.898,33.4,1.059880239520958,10.2,7.9,7.0,2.0,1.4,2.4,0.418,0.308,0.709,32.5,0.8030769230769231,7.6,4.0,3.4,1.0,0.5,0.8,0.528,0.362,0.706,26.3,0.596958174904943,7.1,5.2,2.6,0.6,0.4,1.4,0.391,0.331,0.787,24.0,0.6041666666666666,6.1,5.9,1.9,0.8,0.5,1.2,0.534,0.0,0.778,18.1,0.7734806629834254,5.1,2.0,1.8,0.5,0.3,0.8,0.547,0.333,0.7,17.7,0.5028248587570622
2016-17,HOU,1610612745,2,Second Round Exit,0.671,115.3,44.4,25.2,8.2,4.3,15.1,0.462,0.357,0.766,5.8,55.0,27.0,111.8,106.2,5.6,102.6,0.5170666666666667,0.5,29.1,8.1,11.2,1.5,0.5,5.7,0.44,0.347,0.847,36.4,1.228021978021978,11.7,5.7,2.2,1.8,0.3,0.9,0.409,0.344,0.738,34.7,0.5994236311239193,16.2,2.7,2.5,0.6,0.5,1.6,0.406,0.372,0.84,31.0,0.6741935483870968,9.5,5.9,4.2,1.5,0.4,1.5,0.42,0.382,0.768,30.7,0.6514657980456027,13.6,4.6,0.9,0.4,0.2,0.8,0.418,0.403,0.86,29.4,0.6428571428571427,17.5,2.5,3.0,1.0,0.2,2.0,0.429,0.365,0.88,24.6,0.9024390243902438,12.6,8.1,1.0,0.5,1.2,1.3,0.643,0.0,0.531,23.9,0.9246861924686192,6.2,2.3,0.8,0.9,0.3,1.1,0.437,0.29,0.656,18.6,0.5053763440860216
2016-17,IND,1610612754,1,First Round Exit,0.512,105.1,42.0,22.5,8.2,5.0,13.8,0.465,0.376,0.81,-0.2,42.0,40.0,106.2,106.4,-0.2,98.1,0.4828666666666666,0.625,23.7,6.6,3.3,1.6,0.4,2.9,0.461,0.393,0.898,35.9,0.9108635097493036,15.3,4.0,7.8,1.2,0.4,2.6,0.442,0.357,0.867,32.4,0.8055555555555556,14.5,7.3,1.3,0.9,2.1,1.3,0.511,0.348,0.809,31.4,0.7898089171974523,11.0,6.1,1.6,1.5,0.4,1.3,0.527,0.381,0.523,30.2,0.6390728476821192,8.5,2.8,3.2,1.1,0.4,1.8,0.443,0.319,0.727,27.0,0.5259259259259259,10.7,3.0,0.6,0.6,0.3,0.5,0.434,0.413,0.903,23.4,0.6282051282051282,6.1,3.6,0.7,0.6,0.3,0.5,0.467,0.392,0.711,20.7,0.5217391304347826,6.8,2.9,3.3,0.3,0.2,1.4,0.45,0.3,0.615,20.1,0.6019900497512437
2016-17,LAC,1610612746,1,First Round Exit,0.622,108.7,43.0,22.5,7.5,4.2,13.0,0.475,0.375,0.745,4.3,51.0,31.0,110.3,105.9,4.4,98.2,0.5170666666666667,0.875,21.6,8.1,4.9,0.9,0.4,2.3,0.493,0.336,0.76,34.0,0.9882352941176472,12.7,13.8,1.2,0.6,1.7,1.4,0.714,0.0,0.482,31.7,0.9022082018927444,18.1,5.0,9.2,2.0,0.1,2.4,0.476,0.411,0.892,31.5,1.0158730158730158,15.0,2.2,1.4,0.7,0.2,1.3,0.445,0.429,0.891,28.2,0.6453900709219856,12.0,2.2,2.8,0.6,0.1,1.6,0.442,0.371,0.691,27.8,0.5791366906474821,12.3,1.6,2.6,0.7,0.2,1.6,0.413,0.36,0.857,26.3,0.6007604562737642,6.1,2.1,0.5,1.0,0.4,0.6,0.505,0.391,0.678,22.3,0.4260089686098655,6.7,2.7,2.4,0.8,0.3,1.0,0.43,0.319,0.781,21.2,0.5613207547169813
2016-17,LAL,1610612747,0,Missed Playoffs,0.317,104.6,43.5,20.9,8.2,3.9,15.2,0.45,0.346,0.754,-6.9,26.0,56.0,103.4,110.3,-6.8,101.0,0.5170666666666667,0.625,14.7,3.0,2.6,1.1,0.1,2.0,0.445,0.329,0.798,29.2,0.6678082191780823,9.4,4.0,2.1,0.6,0.5,1.5,0.402,0.294,0.621,28.9,0.522491349480969,13.2,8.6,3.6,0.7,0.5,2.3,0.488,0.27,0.723,28.8,0.8437499999999999,15.6,3.5,4.8,1.4,0.3,2.8,0.405,0.352,0.782,28.7,0.794425087108014,7.6,5.3,1.3,0.9,0.4,0.8,0.387,0.309,0.73,26.5,0.5547169811320755,13.2,2.3,1.0,0.6,0.2,0.6,0.43,0.404,0.856,25.9,0.6447876447876448,7.1,5.9,1.5,1.3,0.6,0.9,0.526,0.278,0.738,22.9,0.6768558951965067,7.4,4.9,0.8,0.3,0.6,1.3,0.515,0.0,0.808,20.4,0.6225490196078433
2016-17,MEM,1610612763,1,First Round Exit,0.524,100.5,42.8,21.3,8.0,4.2,12.9,0.435,0.354,0.784,0.5,43.0,39.0,104.7,104.2,0.5,94.9,0.5170666666666667,0.75,19.5,6.3,4.6,0.9,1.3,2.2,0.459,0.388,0.837,34.2,0.8888888888888886,20.5,3.5,6.3,1.3,0.3,2.3,0.46,0.408,0.859,33.2,0.891566265060241,8.9,7.1,1.1,0.6,0.4,1.2,0.5,0.379,0.802,27.3,0.6190476190476191,9.1,5.5,1.4,1.6,0.4,1.4,0.461,0.278,0.615,27.0,0.6148148148148148,8.0,3.1,1.8,0.8,0.5,0.7,0.394,0.378,0.765,24.7,0.5465587044534413,14.1,8.2,1.7,0.5,0.1,1.4,0.449,0.223,0.731,24.5,0.946938775510204,6.7,4.0,1.0,0.7,0.3,0.9,0.455,0.372,0.782,23.4,0.5042735042735043,5.9,1.9,2.8,0.7,0.3,1.2,0.325,0.276,0.763,20.5,0.5073170731707318
2016-17,MIA,1610612748,0,Missed Playoffs,0.5,103.2,43.6,21.2,7.2,5.7,13.4,0.455,0.365,0.706,1.1,41.0,41.0,105.2,104.1,1.1,97.6,0.4828666666666666,0.625,10.9,5.2,3.7,1.4,0.3,1.8,0.356,0.2,0.617,34.7,0.5677233429394812,20.3,3.8,5.8,1.2,0.2,2.9,0.475,0.405,0.79,33.7,0.8427299703264095,17.0,14.1,0.7,0.7,2.1,2.0,0.557,0.0,0.628,32.6,1.0,10.2,3.2,2.6,1.1,0.7,1.2,0.394,0.33,0.779,30.5,0.5442622950819671,15.8,3.3,4.3,0.9,0.4,2.2,0.424,0.395,0.646,30.1,0.7475083056478405,13.7,4.0,3.2,1.2,0.6,1.2,0.433,0.372,0.768,29.8,0.7214765100671141,12.8,4.9,3.6,1.0,1.1,2.3,0.479,0.34,0.707,27.4,0.7700729927007302,6.4,3.3,1.6,0.6,0.2,0.7,0.413,0.332,0.62,25.2,0.4523809523809523
2016-17,MIL,1610612749,1,First Round Exit,0.512,103.6,40.4,24.2,8.1,5.3,14.0,0.474,0.37,0.768,-0.2,42.0,40.0,106.9,107.1,-0.2,96.4,0.4828666666666666,0.5,22.9,8.8,5.4,1.6,1.9,2.9,0.521,0.272,0.77,35.6,1.0589887640449438,20.1,6.2,2.8,1.0,0.4,1.8,0.49,0.365,0.743,33.9,0.8466076696165192,14.7,4.2,3.4,1.4,0.2,2.2,0.45,0.433,0.88,30.7,0.7068403908794787,8.5,3.1,1.2,0.7,0.2,0.7,0.455,0.406,0.81,29.2,0.4452054794520547,10.2,2.8,4.2,1.1,0.2,1.5,0.457,0.404,0.865,26.4,0.6439393939393939,7.6,1.9,4.7,0.7,0.0,1.8,0.39,0.367,0.854,26.1,0.5019157088122604,10.8,5.7,1.1,0.7,1.0,0.9,0.47,0.253,0.606,23.5,0.7829787234042555,11.7,6.6,2.3,1.1,0.5,1.7,0.533,0.0,0.741,22.5,0.9111111111111112
2016-17,MIN,1610612750,0,Missed Playoffs,0.378,105.6,42.4,23.7,8.0,4.5,14.0,0.467,0.349,0.799,-1.1,31.0,51.0,108.1,109.2,-1.1,97.0,0.5170666666666667,0.875,23.6,4.0,2.3,1.0,0.4,2.3,0.452,0.356,0.76,37.2,0.7795698924731183,18.9,3.4,3.0,0.9,0.2,1.8,0.459,0.387,0.836,37.2,0.6612903225806449,25.1,12.3,2.7,0.7,1.3,2.6,0.542,0.367,0.832,37.0,1.0675675675675678,11.1,4.1,9.1,1.7,0.1,2.6,0.402,0.306,0.891,32.9,0.7142857142857142,10.0,7.9,1.9,1.1,1.2,1.3,0.502,0.372,0.814,32.4,0.6419753086419753,4.2,2.1,1.0,0.5,0.5,0.6,0.374,0.386,0.722,21.9,0.3515981735159818,9.9,2.8,0.4,0.3,0.1,0.7,0.482,0.338,0.774,19.4,0.6597938144329898,6.2,3.8,1.2,0.6,0.3,0.9,0.424,0.316,0.738,18.3,0.6120218579234972
2016-17,NOP,1610612740,0,Missed Playoffs,0.415,104.3,43.7,22.8,7.8,5.5,12.9,0.45,0.35,0.75,-2.1,34.0,48.0,103.3,105.4,-2.1,99.9,0.5170666666666667,0.5,28.0,11.8,2.1,1.3,2.2,2.4,0.505,0.299,0.802,36.1,1.191135734072022,27.0,11.0,4.6,1.4,1.3,3.7,0.452,0.361,0.772,34.2,1.2163742690058477,15.4,3.9,7.3,1.5,0.7,2.9,0.454,0.356,0.708,32.7,0.7920489296636085,7.0,3.8,1.8,0.9,0.4,1.0,0.383,0.348,0.805,29.7,0.4343434343434344,6.6,4.2,0.6,0.6,0.4,0.4,0.485,0.392,0.593,25.0,0.48,9.6,2.1,2.2,0.7,0.4,0.8,0.457,0.37,0.77,24.9,0.570281124497992,7.1,2.7,5.2,0.9,0.1,1.6,0.403,0.313,0.76,23.5,0.6127659574468085,14.1,1.8,3.0,0.6,0.1,1.3,0.482,0.389,0.769,23.3,0.7854077253218884
2016-17,NYK,1610612752,0,Missed Playoffs,0.378,104.3,45.2,21.8,7.1,5.5,13.9,0.447,0.348,0.788,-3.7,31.0,51.0,104.7,108.4,-3.7,98.8,0.4828666666666666,0.375,22.4,5.9,2.9,0.8,0.5,2.1,0.433,0.359,0.833,34.3,0.8862973760932945,18.1,7.2,1.5,0.7,2.0,1.8,0.45,0.357,0.786,32.8,0.8445121951219513,18.0,3.8,4.4,0.7,0.3,2.3,0.471,0.217,0.874,32.5,0.7661538461538462,10.8,3.4,2.3,1.1,0.3,0.9,0.456,0.401,0.867,31.9,0.5329153605015675,5.0,8.8,2.2,0.7,0.8,1.3,0.49,0.0,0.436,22.1,0.7330316742081447,6.0,3.1,0.8,0.5,0.1,0.5,0.398,0.447,0.843,21.0,0.4761904761904761,7.7,2.7,1.2,0.8,0.4,0.8,0.433,0.355,0.825,20.0,0.6,8.2,7.0,1.3,0.6,0.5,1.4,0.529,0.267,0.728,18.4,0.8804347826086959
2016-17,OKC,1610612760,1,First Round Exit,0.573,106.6,46.6,21.0,7.9,5.0,15.0,0.452,0.327,0.745,0.8,47.0,35.0,105.0,104.2,0.7,100.9,0.5170666666666667,0.5,31.6,10.7,10.4,1.6,0.4,5.4,0.425,0.343,0.845,34.6,1.4248554913294795,15.9,4.3,2.6,1.2,0.3,1.8,0.442,0.361,0.753,33.2,0.677710843373494,6.6,5.1,1.0,1.2,1.0,0.6,0.464,0.245,0.423,30.1,0.4750830564784052,11.3,7.7,1.1,1.1,1.0,1.8,0.571,0.0,0.611,29.9,0.6822742474916389,10.8,6.2,0.9,0.5,0.8,1.3,0.515,0.231,0.715,25.5,0.7019607843137254,9.0,2.7,0.9,0.2,0.1,0.6,0.447,0.37,0.845,22.8,0.5394736842105262,14.3,6.7,0.9,0.4,0.5,1.7,0.545,0.132,0.786,21.3,0.9906103286384976,5.9,3.6,1.0,0.5,0.4,1.0,0.399,0.321,0.657,20.1,0.5174129353233831
2016-17,ORL,1610612753,0,Missed Playoffs,0.354,101.1,43.2,22.2,7.1,4.8,13.3,0.44,0.328,0.747,-6.6,29.0,53.0,101.2,107.8,-6.6,99.2,0.4828666666666666,0.5,17.2,3.1,3.0,1.0,0.1,2.1,0.439,0.356,0.805,32.8,0.6798780487804879,12.8,4.7,6.5,1.1,0.5,2.2,0.471,0.274,0.692,29.4,0.7959183673469389,14.6,10.4,2.8,1.0,1.0,1.6,0.468,0.307,0.669,28.8,0.9791666666666666,12.7,5.1,1.9,0.8,0.5,1.1,0.454,0.288,0.719,28.7,0.6933797909407664,11.0,2.6,1.1,1.1,0.4,0.9,0.437,0.363,0.831,25.1,0.6095617529880477,9.2,3.1,1.2,0.5,0.2,1.1,0.394,0.275,0.863,22.2,0.5900900900900901,6.0,7.0,0.9,0.3,1.1,1.2,0.528,0.0,0.534,22.1,0.6380090497737557,9.1,2.1,1.3,0.9,0.1,1.0,0.402,0.409,0.878,20.5,0.6097560975609756
2016-17,PHI,1610612755,0,Missed Playoffs,0.341,102.4,42.8,23.8,8.4,5.1,16.7,0.442,0.34,0.771,-5.7,28.0,54.0,100.7,106.2,-5.6,101.0,0.4828666666666666,0.375,12.9,6.5,1.5,1.9,1.0,2.0,0.399,0.333,0.822,31.6,0.6898734177215189,9.5,2.8,2.4,0.6,0.4,1.6,0.396,0.368,0.813,27.3,0.5164835164835165,12.8,6.3,2.2,0.7,0.4,2.3,0.411,0.311,0.782,26.3,0.7642585551330797,6.9,3.1,6.6,1.7,0.1,2.0,0.461,0.2,0.811,26.3,0.6235741444866921,10.7,4.8,0.8,0.5,0.3,0.5,0.463,0.316,0.8,26.1,0.6360153256704981,20.2,7.8,2.1,0.9,2.5,3.8,0.466,0.367,0.783,25.4,1.1692913385826773,11.0,4.0,4.3,0.0,0.0,3.0,0.344,0.4,0.9,23.8,0.6848739495798319,9.2,2.6,1.6,0.6,0.2,0.9,0.423,0.353,0.806,23.2,0.5732758620689654
2016-17,PHX,1610612756,0,Missed Playoffs,0.293,107.7,45.0,19.6,8.2,4.9,15.4,0.45,0.332,0.776,-5.6,24.0,58.0,103.9,109.3,-5.4,102.9,0.5170666666666667,0.75,22.1,3.2,3.4,0.9,0.3,3.1,0.423,0.363,0.832,35.0,0.7657142857142857,21.1,4.8,6.3,1.4,0.5,3.4,0.434,0.335,0.847,33.0,0.9303030303030304,14.4,5.1,1.1,1.2,0.6,0.9,0.495,0.265,0.773,31.0,0.6935483870967744,8.4,11.5,0.6,0.7,0.5,1.4,0.671,0.0,0.734,27.6,0.7355072463768115,6.8,3.5,1.9,0.7,0.3,1.1,0.454,0.379,0.662,21.3,0.5680751173708921,9.2,4.2,0.7,0.8,0.9,1.3,0.449,0.321,0.624,21.3,0.6807511737089201,11.0,2.2,2.4,0.5,0.1,1.6,0.398,0.324,0.857,21.1,0.6919431279620855,8.0,6.6,0.6,0.5,1.3,1.3,0.497,0.25,0.721,20.3,0.7733990147783251
2016-17,POR,1610612757,1,First Round Exit,0.5,107.9,43.7,21.1,7.0,5.0,13.7,0.459,0.375,0.78,-0.5,41.0,41.0,107.8,108.3,-0.5,98.8,0.5170666666666667,0.75,27.0,4.9,5.9,0.9,0.3,2.6,0.444,0.37,0.895,35.9,1.013927576601671,23.0,3.6,3.6,0.9,0.5,2.2,0.48,0.421,0.912,34.9,0.842406876790831,8.7,7.4,1.6,1.0,0.7,1.5,0.393,0.33,0.706,29.1,0.6151202749140894,10.0,4.4,1.1,1.1,0.9,1.1,0.503,0.351,0.621,28.9,0.5674740484429065,10.7,2.9,1.2,0.7,0.3,0.8,0.468,0.444,0.847,28.5,0.5263157894736842,9.0,3.8,3.2,0.8,0.4,1.5,0.426,0.263,0.825,25.5,0.6156862745098038,10.2,7.2,1.9,0.8,1.1,2.2,0.507,0.0,0.571,21.4,0.8878504672897197,4.3,5.3,0.6,0.3,0.5,0.8,0.528,0.0,0.617,17.2,0.5930232558139534
2016-17,SAC,1610612758,0,Missed Playoffs,0.39,102.8,41.1,22.5,7.6,4.0,14.6,0.461,0.376,0.775,-3.9,32.0,50.0,104.6,108.5,-3.9,97.3,0.5170666666666667,0.25,18.7,6.3,2.8,1.5,0.9,2.5,0.455,0.372,0.855,33.8,0.819526627218935,13.2,2.2,4.6,1.0,0.1,1.7,0.476,0.417,0.86,30.3,0.6402640264026404,7.8,2.8,2.6,1.3,0.4,1.2,0.424,0.373,0.784,26.6,0.5150375939849624,8.4,2.0,1.3,0.3,0.1,0.7,0.44,0.411,0.892,25.9,0.4401544401544403,9.9,2.6,4.8,1.1,0.1,1.9,0.454,0.288,0.797,25.1,0.661354581673307,10.6,3.3,1.5,0.5,0.1,1.2,0.426,0.391,0.842,23.0,0.6434782608695652,7.1,3.6,1.2,0.5,0.3,0.9,0.442,0.391,0.744,22.7,0.5198237885462554,7.9,2.1,1.3,0.6,0.1,0.6,0.38,0.39,0.797,20.2,0.5643564356435644
2016-17,SAS,1610612759,3,Conference Finals,0.744,105.3,43.9,23.8,8.0,5.9,13.4,0.469,0.391,0.797,7.2,61.0,21.0,108.8,101.4,7.4,96.2,0.5170666666666667,0.75,25.5,5.8,3.5,1.8,0.7,2.1,0.485,0.38,0.88,33.4,1.053892215568862,17.3,7.3,1.9,0.6,1.2,1.4,0.477,0.411,0.812,32.4,0.830246913580247,7.3,3.3,1.8,1.0,0.8,1.1,0.392,0.379,0.844,26.6,0.4924812030075188,12.4,7.8,2.3,0.4,1.1,1.3,0.502,0.538,0.707,25.4,0.8937007874015748,10.1,1.8,4.5,0.5,0.0,1.4,0.466,0.333,0.726,25.2,0.615079365079365,9.5,1.8,3.5,0.8,0.0,1.3,0.44,0.414,0.825,21.9,0.6529680365296805,7.5,2.3,2.7,1.2,0.2,1.4,0.39,0.392,0.804,18.7,0.6684491978609625,7.3,5.6,1.6,0.4,0.5,1.0,0.59,0.0,0.708,18.7,0.7700534759358288
2016-17,TOR,1610612761,2,Second Round Exit,0.622,106.9,43.3,18.5,8.3,4.9,12.7,0.464,0.363,0.796,4.2,51.0,31.0,109.8,105.5,4.3,96.8,0.4828666666666666,0.75,22.4,4.8,7.0,1.5,0.3,2.9,0.464,0.412,0.819,37.4,0.8850267379679145,27.3,5.2,3.9,1.1,0.2,2.4,0.467,0.266,0.842,35.4,0.997175141242938,14.8,6.8,0.9,0.5,1.6,1.3,0.48,0.391,0.856,30.7,0.758957654723127,6.7,5.8,1.2,1.4,0.2,0.8,0.413,0.357,0.774,27.6,0.5253623188405796,8.9,3.8,1.0,1.1,0.4,0.8,0.4,0.341,0.761,26.1,0.5517241379310344,12.0,9.5,0.7,0.5,0.8,1.3,0.557,0.5,0.811,25.8,0.8604651162790697,9.3,2.9,3.3,0.8,0.2,1.4,0.452,0.356,0.77,25.0,0.604,6.8,4.5,1.2,0.6,0.4,0.6,0.401,0.372,0.717,24.6,0.524390243902439
2016-17,UTA,1610612762,2,Second Round Exit,0.622,100.7,43.2,20.1,6.7,5.0,13.6,0.466,0.372,0.747,3.9,51.0,31.0,107.4,103.2,4.2,93.4,0.5170666666666667,0.75,21.9,5.4,3.5,1.0,0.3,1.9,0.471,0.398,0.844,34.5,0.8753623188405796,14.0,12.8,1.2,0.6,2.6,1.8,0.661,0.0,0.653,33.9,0.8672566371681417,16.9,3.4,4.2,1.0,0.2,1.7,0.477,0.403,0.801,31.5,0.7619047619047618,12.7,3.4,1.6,0.6,0.2,1.1,0.408,0.371,0.783,27.0,0.6444444444444444,7.1,3.2,2.7,1.2,0.1,1.3,0.452,0.441,0.735,24.1,0.5394190871369293,9.5,6.1,1.1,0.9,0.8,1.2,0.487,0.3,0.615,23.7,0.7257383966244726,9.2,3.1,1.8,0.5,0.2,0.9,0.436,0.411,0.818,23.6,0.5889830508474575,7.8,2.3,2.8,0.8,0.1,1.6,0.446,0.308,0.688,21.9,0.5570776255707762
2016-17,WAS,1610612764,2,Second Round Exit,0.598,109.2,42.9,23.9,8.5,4.1,14.2,0.475,0.372,0.784,1.8,49.0,33.0,108.5,106.7,1.8,99.8,0.4828666666666666,0.75,23.1,4.2,10.7,2.0,0.6,4.1,0.451,0.327,0.801,36.4,1.0027472527472527,23.1,3.1,3.5,1.1,0.3,2.0,0.482,0.404,0.825,34.9,0.8338108882521492,13.4,6.4,1.5,1.5,0.5,0.6,0.516,0.434,0.832,32.6,0.696319018404908,14.0,6.5,1.7,1.1,0.6,1.7,0.457,0.362,0.837,31.2,0.7115384615384617,10.8,10.4,1.5,0.5,0.7,1.5,0.579,0.0,0.648,31.2,0.7179487179487181,13.7,3.4,1.4,0.4,0.1,1.6,0.445,0.367,0.893,25.7,0.67704280155642,7.1,2.4,4.9,0.9,0.0,1.6,0.359,0.313,0.75,22.2,0.6171171171171171,6.3,3.3,0.6,0.7,0.2,0.6,0.421,0.287,0.758,20.3,0.5172413793103448
2017-18,ATL,1610612737,0,Missed Playoffs,0.293,103.4,41.9,23.7,7.8,4.2,15.5,0.446,0.36,0.785,-5.5,24.0,58.0,102.4,107.8,-5.4,100.8,0.4903333333333333,0.625,19.4,3.1,6.2,1.1,0.1,2.7,0.436,0.29,0.849,31.0,0.8774193548387098,14.1,4.7,2.6,1.0,0.5,2.3,0.426,0.385,0.844,30.0,0.6866666666666668,12.9,3.8,3.5,1.5,0.7,2.4,0.42,0.394,0.796,27.5,0.7272727272727273,10.7,4.7,1.9,1.3,0.1,0.9,0.408,0.25,0.759,27.0,0.6592592592592593,10.0,7.9,1.5,0.6,0.8,1.4,0.524,0.355,0.779,24.9,0.779116465863454,10.5,7.3,1.3,0.6,1.1,1.4,0.576,0.34,0.715,24.1,0.8049792531120333,7.6,4.3,1.0,0.6,0.5,0.8,0.458,0.371,0.919,20.0,0.6599999999999999,6.3,1.9,3.0,0.6,0.1,1.2,0.382,0.371,0.804,18.8,0.5691489361702127
2017-18,BOS,1610612738,3,Conference Finals,0.671,104.0,44.5,22.5,7.4,4.5,14.0,0.45,0.377,0.771,3.6,55.0,27.0,105.3,101.6,3.6,98.2,0.4903333333333333,0.5,24.4,3.8,5.1,1.1,0.3,2.3,0.491,0.408,0.889,32.2,1.0062111801242235,12.9,7.4,4.7,0.6,1.1,1.8,0.489,0.429,0.783,31.6,0.7879746835443038,14.5,4.9,1.6,1.0,0.4,1.8,0.465,0.395,0.644,30.7,0.6710097719869706,13.9,5.0,1.6,1.0,0.7,1.4,0.475,0.434,0.826,30.5,0.6819672131147542,10.2,3.5,4.8,1.3,0.4,2.4,0.367,0.301,0.729,29.9,0.5953177257525084,13.6,5.4,1.3,0.6,0.2,1.2,0.429,0.368,0.805,26.7,0.7453183520599252,11.3,4.7,2.9,1.0,0.2,1.0,0.395,0.381,0.772,25.9,0.7374517374517374,10.3,6.9,2.2,0.9,0.5,1.8,0.565,0.0,0.739,20.4,0.931372549019608
2017-18,BKN,1610612751,0,Missed Playoffs,0.341,106.6,44.4,23.7,6.2,4.8,15.2,0.441,0.356,0.772,-3.7,28.0,54.0,104.3,108.0,-3.7,101.3,0.4903333333333333,0.625,13.5,6.6,2.0,0.8,0.4,1.4,0.414,0.371,0.764,29.9,0.7324414715719064,13.2,4.3,1.6,0.6,0.5,1.0,0.407,0.378,0.852,29.3,0.6552901023890786,12.6,3.2,6.6,0.9,0.3,1.6,0.387,0.326,0.813,28.8,0.7638888888888887,13.9,6.8,2.5,1.0,0.7,1.8,0.472,0.241,0.788,28.2,0.8191489361702127,12.1,3.7,4.2,1.2,0.3,2.2,0.435,0.347,0.711,26.2,0.7366412213740459,15.5,3.9,5.2,0.8,0.4,3.1,0.414,0.324,0.74,25.7,0.8832684824902722,10.8,3.3,1.6,0.4,0.3,1.2,0.491,0.419,0.827,25.3,0.6007905138339922,18.0,0.0,4.0,0.0,0.0,3.0,0.417,0.5,1.0,25.2,0.753968253968254
2017-18,CHA,1610612766,0,Missed Playoffs,0.439,108.2,45.5,21.6,6.8,4.5,12.7,0.45,0.369,0.747,0.3,36.0,46.0,107.0,106.7,0.3,100.6,0.4903333333333333,0.875,22.1,3.1,5.6,1.1,0.3,2.2,0.431,0.384,0.864,34.2,0.8771929824561404,11.6,4.8,5.5,1.0,0.4,2.0,0.415,0.336,0.831,31.0,0.6870967741935483,16.6,12.5,1.3,0.6,1.6,2.6,0.555,0.143,0.574,30.4,0.986842105263158,9.5,4.7,1.2,0.7,0.5,0.8,0.458,0.413,0.829,25.7,0.6147859922178988,9.2,4.1,1.0,0.7,0.4,0.7,0.504,0.0,0.684,25.0,0.588,12.9,4.1,2.3,0.8,0.4,1.2,0.457,0.37,0.861,24.6,0.7845528455284553,11.1,3.6,1.6,0.5,0.2,0.8,0.429,0.38,0.799,23.2,0.6982758620689655,7.1,5.4,0.9,0.4,0.6,1.0,0.545,0.667,0.718,19.0,0.7052631578947368
2017-18,CHI,1610612741,0,Missed Playoffs,0.329,102.9,44.7,23.5,7.6,3.5,14.0,0.435,0.355,0.759,-7.0,27.0,55.0,101.3,108.2,-6.9,100.7,0.4903333333333333,0.375,12.2,4.0,2.1,1.1,0.4,1.3,0.371,0.359,0.823,31.5,0.5873015873015873,15.2,7.5,1.2,0.6,0.6,1.2,0.434,0.362,0.843,29.7,0.8047138047138048,13.4,4.3,6.0,2.0,0.5,2.9,0.429,0.321,0.737,29.3,0.7952218430034129,16.7,3.9,3.0,1.0,0.2,1.8,0.383,0.341,0.813,27.3,0.8424908424908424,10.2,5.1,3.2,0.8,0.1,1.3,0.417,0.386,0.745,27.2,0.6654411764705883,11.8,4.5,1.9,0.2,0.8,1.7,0.53,0.286,0.756,26.4,0.662878787878788,7.9,4.7,1.5,0.8,0.4,1.1,0.478,0.346,0.655,23.5,0.6042553191489363,8.8,2.8,4.5,1.0,0.4,1.4,0.405,0.385,0.75,23.3,0.6909871244635194
2017-18,CLE,1610612739,4,Finals Loss,0.61,110.9,42.1,23.4,7.1,3.8,13.7,0.476,0.372,0.779,0.9,50.0,32.0,110.6,109.6,0.9,100.0,0.4903333333333333,0.5,27.5,8.6,9.1,1.4,0.9,4.2,0.542,0.367,0.731,36.9,1.1734417344173442,8.3,2.9,1.8,0.9,0.1,1.0,0.403,0.375,0.696,28.1,0.4626334519572954,17.6,9.3,1.7,0.7,0.4,1.5,0.458,0.415,0.88,28.0,1.0071428571428571,10.0,2.7,2.8,0.9,0.4,1.3,0.46,0.415,0.786,27.0,0.574074074074074,14.7,2.8,1.6,0.8,0.2,1.2,0.429,0.381,0.86,26.9,0.7026022304832715,10.8,3.2,1.3,0.5,0.4,1.0,0.477,0.312,0.868,23.4,0.6495726495726496,13.9,2.7,2.7,0.7,0.1,1.6,0.451,0.352,0.8,23.3,0.7939914163090128,9.2,2.3,1.2,0.4,0.4,0.8,0.459,0.436,0.889,21.6,0.5879629629629629
2017-18,DAL,1610612742,0,Missed Playoffs,0.293,102.3,41.3,22.7,7.0,3.8,12.3,0.444,0.36,0.763,-3.0,24.0,58.0,104.1,107.2,-3.1,97.6,0.5096666666666667,0.625,18.9,6.1,2.0,0.6,0.2,1.5,0.445,0.357,0.827,34.2,0.7690058479532164,12.7,3.1,2.7,1.2,0.3,1.3,0.406,0.381,0.822,33.8,0.5532544378698225,15.2,3.8,5.2,1.0,0.3,2.8,0.395,0.313,0.694,29.7,0.7643097643097643,10.2,3.0,2.5,0.8,0.1,1.0,0.426,0.373,0.796,27.8,0.5611510791366907,6.7,2.7,1.2,1.0,0.2,0.3,0.275,0.209,0.765,25.9,0.4440154440154439,12.0,5.7,1.6,0.6,0.6,0.7,0.456,0.409,0.898,24.7,0.8016194331983808,11.6,2.9,6.3,0.5,0.0,2.1,0.439,0.367,0.784,23.2,0.8275862068965517,7.8,2.5,1.0,0.2,0.2,0.7,0.467,0.426,0.79,21.8,0.5045871559633027
2017-18,DEN,1610612743,0,Missed Playoffs,0.561,110.0,44.5,25.1,7.6,4.9,15.0,0.47,0.371,0.767,1.5,46.0,36.0,109.6,108.1,1.5,99.4,0.5096666666666667,0.75,17.5,2.6,2.9,1.8,0.2,1.8,0.485,0.396,0.827,34.4,0.6744186046511628,15.7,5.0,4.1,1.0,0.6,1.8,0.452,0.37,0.805,33.1,0.7432024169184289,18.5,10.7,6.1,1.2,0.8,2.8,0.499,0.396,0.85,32.6,1.058282208588957,10.0,5.4,2.1,0.6,0.5,1.2,0.445,0.358,0.772,31.7,0.5488958990536278,16.7,3.7,3.4,1.0,0.3,2.1,0.451,0.378,0.905,31.7,0.725552050473186,14.6,6.4,2.8,1.0,1.2,1.9,0.464,0.345,0.696,30.1,0.8006644518272426,7.1,5.4,1.9,0.7,1.1,1.4,0.601,0.0,0.458,19.5,0.7589743589743589,9.9,4.8,1.2,0.4,0.5,0.8,0.491,0.381,0.706,19.1,0.8376963350785338
2017-18,DET,1610612765,0,Missed Playoffs,0.476,103.8,43.7,22.8,7.7,3.9,13.4,0.45,0.373,0.745,-0.1,39.0,43.0,104.9,105.0,-0.1,98.3,0.4903333333333333,0.625,21.4,7.4,5.8,0.7,0.3,2.8,0.438,0.345,0.785,34.0,0.9647058823529412,15.0,16.0,3.0,1.5,1.6,2.6,0.529,0.0,0.605,33.7,1.0237388724035608,11.3,2.5,1.5,0.8,0.2,0.8,0.489,0.445,0.796,27.9,0.5555555555555556,8.7,3.7,1.6,1.4,0.2,1.1,0.375,0.286,0.772,27.4,0.5291970802919708,14.6,2.8,5.3,0.6,0.1,2.2,0.426,0.308,0.836,26.7,0.7940074906367043,10.9,2.7,4.4,0.8,0.2,1.3,0.486,0.347,0.698,24.9,0.7108433734939759,7.1,3.1,1.0,0.7,0.3,0.8,0.474,0.333,0.836,22.3,0.5112107623318385,8.9,3.1,1.1,0.4,0.3,0.7,0.464,0.436,0.797,22.2,0.5900900900900902
2017-18,GSW,1610612744,5,Champion,0.707,113.5,43.5,29.3,8.0,7.5,15.4,0.503,0.391,0.815,6.0,58.0,24.0,112.3,106.4,5.9,100.8,0.5096666666666667,0.75,20.0,3.8,2.5,0.8,0.5,1.8,0.489,0.44,0.837,34.3,0.7521865889212829,26.4,6.8,5.4,0.7,1.8,3.0,0.516,0.419,0.889,34.2,1.114035087719298,11.0,7.6,7.3,1.4,1.3,2.9,0.454,0.301,0.775,32.7,0.7859327217125383,26.4,5.1,6.1,1.6,0.2,3.0,0.495,0.423,0.921,32.0,1.1375000000000002,6.0,3.8,3.3,0.8,0.6,1.0,0.463,0.282,0.632,25.4,0.531496062992126,9.5,2.5,2.7,0.4,0.0,1.0,0.484,0.442,0.88,22.4,0.6294642857142857,7.3,1.6,0.5,0.5,0.1,0.5,0.412,0.377,0.862,17.4,0.5459770114942529,4.0,1.4,1.4,0.8,0.2,0.7,0.409,0.238,0.765,16.9,0.4201183431952663
2017-18,HOU,1610612745,3,Conference Finals,0.793,112.4,43.5,21.5,8.5,4.8,13.8,0.46,0.362,0.781,8.5,65.0,17.0,112.2,103.8,8.5,99.7,0.5096666666666667,0.625,30.4,5.4,8.8,1.8,0.7,4.4,0.449,0.367,0.858,35.4,1.2062146892655363,8.0,3.0,1.0,0.0,0.0,1.0,0.333,0.25,0.5,34.5,0.3188405797101449,11.7,4.4,1.6,1.5,0.2,0.8,0.412,0.368,0.854,33.9,0.5486725663716815,18.6,5.4,7.9,1.7,0.2,2.2,0.46,0.38,0.919,31.8,0.9937106918238996,18.0,2.5,2.2,0.6,0.4,1.9,0.428,0.359,0.809,31.2,0.6987179487179488,6.1,5.6,0.9,1.0,0.3,0.9,0.39,0.371,0.717,27.8,0.4676258992805755,13.9,10.8,0.9,0.8,1.9,1.4,0.652,0.0,0.56,27.5,0.9781818181818184,9.3,5.0,0.9,0.4,0.3,0.6,0.431,0.386,0.774,26.1,0.5862068965517242
2017-18,IND,1610612754,1,First Round Exit,0.585,105.6,42.3,22.2,8.8,4.1,13.3,0.472,0.369,0.779,1.4,48.0,34.0,107.2,105.8,1.4,98.1,0.4903333333333333,0.375,23.1,5.2,4.3,2.4,0.8,2.9,0.477,0.371,0.799,34.0,0.9676470588235294,11.8,6.3,1.9,1.7,0.4,1.3,0.487,0.32,0.598,32.2,0.6459627329192545,14.3,3.4,1.5,0.7,0.1,1.3,0.474,0.402,0.868,30.8,0.6071428571428571,12.4,2.6,5.3,1.3,0.2,1.2,0.495,0.468,0.882,29.3,0.7030716723549488,12.7,6.4,1.3,0.6,1.8,1.5,0.479,0.357,0.777,28.2,0.7553191489361704,7.9,3.2,3.2,1.0,0.2,1.1,0.424,0.353,0.745,27.0,0.5333333333333333,11.6,7.7,2.0,0.5,0.4,1.9,0.514,0.351,0.75,24.5,0.8285714285714286,9.2,5.2,2.9,0.6,0.2,1.6,0.427,0.289,0.661,22.6,0.730088495575221
2017-18,LAC,1610612746,0,Missed Playoffs,0.512,109.0,43.9,22.3,7.7,4.5,14.7,0.471,0.354,0.743,0.0,42.0,40.0,107.7,107.7,0.0,101.1,0.5096666666666667,0.25,15.1,2.4,4.0,1.2,0.3,1.8,0.424,0.378,0.642,33.7,0.629080118694362,18.6,5.5,2.4,0.9,0.4,1.3,0.46,0.411,0.829,33.3,0.7957957957957957,22.6,2.5,5.3,1.1,0.2,3.0,0.435,0.359,0.88,32.8,0.8750000000000001,15.3,4.8,2.0,0.6,0.5,1.2,0.398,0.324,0.931,32.0,0.6875000000000001,12.0,15.2,1.5,0.5,0.9,1.8,0.645,0.0,0.58,31.5,0.8984126984126983,14.3,2.5,2.0,1.1,0.2,2.2,0.414,0.369,0.768,31.2,0.5737179487179488,12.2,4.1,2.9,1.7,0.5,2.3,0.403,0.4,0.824,30.3,0.6303630363036301,9.7,3.5,2.4,0.9,0.4,1.5,0.445,0.25,0.782,28.4,0.5422535211267605
2017-18,LAL,1610612747,0,Missed Playoffs,0.427,108.1,46.4,23.8,7.7,4.7,15.8,0.461,0.345,0.714,-1.5,35.0,47.0,104.2,105.7,-1.5,102.6,0.5096666666666667,0.25,10.2,6.9,7.2,1.7,0.8,2.6,0.36,0.305,0.451,34.2,0.7076023391812865,16.1,5.3,3.9,0.8,0.7,2.5,0.47,0.39,0.681,33.5,0.7253731343283583,13.4,5.2,2.2,1.4,0.2,1.3,0.426,0.383,0.789,33.2,0.6355421686746987,12.0,3.0,3.5,1.5,1.5,1.5,0.471,0.556,1.0,32.1,0.6230529595015576,16.1,6.3,1.8,0.6,0.4,1.8,0.45,0.366,0.707,31.2,0.7500000000000001,15.2,2.1,4.8,0.5,0.1,3.0,0.373,0.293,0.893,26.9,0.7323420074349444,16.1,8.0,2.6,0.5,0.5,2.6,0.558,0.222,0.718,26.7,0.9400749063670412,13.0,4.0,1.7,0.4,1.3,1.3,0.465,0.345,0.703,23.4,0.8162393162393162
2017-18,MEM,1610612763,0,Missed Playoffs,0.268,99.3,40.5,21.5,7.5,4.8,15.0,0.444,0.352,0.786,-6.2,22.0,60.0,101.8,108.2,-6.4,97.4,0.5096666666666667,0.5,17.2,8.1,4.2,0.7,1.4,2.7,0.42,0.341,0.834,33.0,0.8757575757575756,17.1,2.3,4.1,1.0,0.3,1.5,0.381,0.312,0.803,31.1,0.7491961414790996,19.4,5.1,5.2,1.1,0.3,2.3,0.452,0.399,0.785,30.9,0.9320388349514565,11.0,3.1,1.6,0.9,0.2,1.5,0.44,0.356,0.747,28.7,0.5331010452961672,10.3,8.4,1.4,0.6,0.5,1.4,0.457,0.339,0.721,28.0,0.7071428571428573,20.1,3.0,3.6,1.6,0.4,2.3,0.5,0.594,0.87,27.5,0.96,3.7,2.0,4.3,1.3,0.0,1.0,0.25,0.25,0.4,24.6,0.4186991869918699,9.5,2.3,3.2,0.7,0.5,1.4,0.422,0.331,0.78,23.7,0.6244725738396624
2017-18,MIA,1610612748,1,First Round Exit,0.537,103.4,43.5,22.7,7.6,5.3,14.4,0.455,0.36,0.755,0.5,44.0,38.0,104.5,104.0,0.5,97.7,0.4903333333333333,1.0,12.9,3.5,2.9,1.5,0.9,1.7,0.451,0.378,0.845,33.2,0.6024096385542167,17.3,4.1,4.8,0.8,0.2,2.2,0.45,0.37,0.801,31.7,0.7886435331230284,14.3,2.6,3.8,0.8,0.3,2.3,0.398,0.306,0.739,30.6,0.6372549019607844,11.7,3.4,2.3,0.8,0.5,1.1,0.435,0.367,0.822,28.5,0.6175438596491227,10.8,4.9,3.8,1.0,0.7,1.9,0.503,0.308,0.698,26.6,0.7255639097744361,11.2,2.8,1.0,0.7,0.1,0.7,0.407,0.392,0.859,26.5,0.569811320754717,14.0,11.4,1.0,0.7,1.7,1.7,0.54,1.0,0.703,25.3,1.0711462450592883,7.8,5.4,2.2,0.8,0.5,1.1,0.424,0.38,0.635,24.7,0.631578947368421
2017-18,MIL,1610612749,1,First Round Exit,0.537,106.5,39.8,23.2,8.8,5.4,13.8,0.478,0.355,0.783,-0.3,44.0,38.0,107.8,108.1,-0.3,98.0,0.4903333333333333,0.875,26.9,10.0,4.8,1.5,1.4,3.0,0.529,0.307,0.76,36.7,1.1335149863760217,20.1,5.2,4.0,1.5,0.3,2.3,0.466,0.359,0.884,36.4,0.7912087912087913,17.7,3.8,5.0,2.0,0.6,2.9,0.473,0.347,0.795,31.4,0.8343949044585989,13.0,3.3,3.2,0.9,0.3,1.4,0.485,0.385,0.882,29.9,0.6454849498327759,6.9,1.9,1.3,0.6,0.4,0.5,0.435,0.403,0.792,27.4,0.3868613138686132,8.8,6.8,1.5,0.6,1.4,1.1,0.572,0.143,0.57,25.9,0.694980694980695,12.6,4.9,1.9,0.8,0.3,1.5,0.482,0.383,0.741,24.0,0.7916666666666666,4.3,1.7,3.8,0.4,0.0,1.3,0.362,0.372,0.926,18.7,0.4759358288770053
2017-18,MIN,1610612750,1,First Round Exit,0.573,109.5,42.0,22.7,8.4,4.2,12.5,0.476,0.357,0.804,2.2,47.0,35.0,110.8,108.5,2.3,98.2,0.5096666666666667,0.5,22.2,5.3,4.9,2.0,0.4,1.8,0.474,0.35,0.854,36.7,0.8991825613079019,17.7,4.4,2.0,1.1,0.6,1.7,0.438,0.331,0.643,36.3,0.6639118457300277,21.3,12.3,2.4,0.8,1.4,1.9,0.545,0.421,0.858,35.6,1.0196629213483144,12.2,7.1,1.2,0.8,0.7,1.1,0.577,0.2,0.768,33.2,0.6295180722891565,14.2,3.0,7.0,1.5,0.3,2.5,0.446,0.368,0.845,33.0,0.7121212121212122,10.3,1.2,2.3,0.5,0.1,1.2,0.415,0.331,0.903,20.7,0.6376811594202899,6.8,4.1,1.3,0.7,0.2,0.8,0.461,0.415,0.8,20.5,0.5999999999999999,5.1,1.6,2.8,1.2,0.1,0.7,0.457,0.349,0.877,17.9,0.5642458100558659
2017-18,NOP,1610612740,2,Second Round Exit,0.585,111.7,44.3,26.8,8.0,5.9,14.9,0.483,0.362,0.772,1.3,48.0,34.0,107.7,106.4,1.3,102.3,0.5096666666666667,0.5,28.1,11.1,2.3,1.5,2.6,2.2,0.534,0.34,0.828,36.4,1.1923076923076923,25.2,12.9,5.4,1.6,1.6,5.0,0.47,0.354,0.746,36.2,1.1519337016574585,19.0,4.5,6.0,1.5,0.8,2.6,0.494,0.337,0.786,36.1,0.8088642659279778,12.5,2.9,2.3,1.0,0.1,1.2,0.508,0.425,0.706,31.5,0.5587301587301587,15.6,7.4,1.5,0.8,0.7,1.1,0.447,0.377,0.818,27.2,0.9154411764705882,8.3,4.0,8.2,1.1,0.2,2.3,0.468,0.333,0.543,26.2,0.7442748091603054,7.8,2.0,1.4,0.3,0.2,0.7,0.444,0.411,0.866,23.7,0.4641350210970465,7.4,1.7,1.5,0.4,0.1,0.8,0.448,0.318,0.763,19.7,0.5228426395939086
2017-18,NYK,1610612752,0,Missed Playoffs,0.354,104.5,44.0,23.3,6.7,5.1,14.7,0.464,0.352,0.787,-3.6,29.0,53.0,104.1,107.7,-3.5,99.6,0.4903333333333333,0.25,17.5,3.9,2.7,1.1,0.2,1.6,0.421,0.317,0.816,33.1,0.7190332326283987,22.7,6.6,1.2,0.8,2.4,1.9,0.439,0.395,0.793,32.4,0.9814814814814814,12.0,2.9,2.4,1.1,0.2,1.1,0.454,0.406,0.919,30.4,0.5756578947368421,14.1,11.0,1.5,0.5,0.5,1.7,0.592,0.0,0.848,25.8,1.003875968992248,7.5,3.1,5.6,0.6,0.1,1.9,0.427,0.291,0.84,25.0,0.6000000000000001,13.2,5.6,1.7,0.5,0.6,1.9,0.507,0.395,0.78,22.3,0.8834080717488788,5.9,2.3,3.2,0.8,0.2,1.7,0.364,0.318,0.721,21.9,0.4885844748858447,12.8,2.0,4.7,0.7,0.1,1.2,0.503,0.362,0.649,21.8,0.8761467889908258
2017-18,OKC,1610612760,1,First Round Exit,0.585,107.9,45.1,21.3,9.1,5.0,14.0,0.453,0.354,0.716,3.4,48.0,34.0,107.6,104.2,3.4,99.5,0.5096666666666667,0.5,21.9,5.7,3.3,2.0,0.5,2.7,0.43,0.401,0.822,36.6,0.8387978142076502,25.4,10.1,10.3,1.8,0.3,4.8,0.449,0.298,0.737,36.4,1.184065934065934,13.9,9.0,1.2,1.2,1.0,1.7,0.629,0.0,0.559,32.7,0.7522935779816512,16.2,5.8,1.3,0.6,0.6,1.3,0.404,0.357,0.767,32.1,0.7227414330218069,5.0,4.7,1.2,1.2,0.9,0.8,0.537,0.222,0.316,26.6,0.4586466165413532,8.4,3.9,0.7,0.4,1.0,0.7,0.535,0.291,0.675,20.3,0.6748768472906405,5.3,2.1,0.9,1.1,0.2,0.7,0.449,0.282,0.722,16.8,0.5297619047619048,6.9,1.9,2.5,0.6,0.2,0.9,0.406,0.352,0.818,16.6,0.6746987951807228
2017-18,ORL,1610612753,0,Missed Playoffs,0.305,103.4,41.6,23.4,7.6,4.9,14.5,0.452,0.351,0.757,-4.8,25.0,57.0,102.8,107.6,-4.8,100.4,0.4903333333333333,0.75,17.6,7.9,2.3,1.0,0.8,1.8,0.434,0.336,0.698,32.9,0.844984802431611,17.8,3.2,2.9,0.8,0.3,1.7,0.459,0.379,0.867,32.2,0.7236024844720497,16.5,9.2,3.4,1.0,1.1,1.9,0.475,0.314,0.819,29.5,0.9932203389830508,13.9,3.5,2.5,0.8,0.2,2.1,0.465,0.338,0.768,29.4,0.6394557823129251,8.7,3.0,1.6,1.1,0.5,1.2,0.398,0.323,0.75,25.0,0.5479999999999999,10.2,2.1,3.8,0.7,0.0,1.6,0.452,0.419,0.868,23.5,0.6468085106382978,9.6,3.7,1.4,1.1,0.4,1.1,0.442,0.337,0.819,22.1,0.6832579185520361,6.9,2.4,3.9,0.8,0.1,1.3,0.43,0.345,0.711,19.8,0.6464646464646465
2017-18,PHI,1610612755,2,Second Round Exit,0.634,109.8,47.4,27.1,8.3,5.1,16.5,0.472,0.369,0.752,4.5,52.0,30.0,107.4,103.0,4.4,101.7,0.4903333333333333,0.5,15.8,8.1,8.2,1.7,0.9,3.4,0.545,0.0,0.56,33.7,0.9287833827893174,12.6,5.4,2.0,1.7,0.9,1.6,0.413,0.369,0.853,31.6,0.6645569620253163,22.9,11.0,3.2,0.6,1.8,3.7,0.483,0.308,0.769,30.4,1.1776315789473684,17.1,2.5,3.0,0.5,0.1,1.5,0.46,0.42,0.904,30.2,0.718543046357616,14.6,6.7,2.6,0.7,0.3,1.9,0.453,0.393,0.86,29.6,0.7770270270270271,10.9,5.9,1.3,0.9,0.4,1.0,0.452,0.36,0.778,25.1,0.7330677290836652,12.1,1.9,1.9,0.8,0.2,1.2,0.441,0.377,0.908,24.3,0.6460905349794238,7.9,2.1,1.4,0.6,0.2,1.2,0.416,0.37,0.795,23.7,0.4641350210970464
2017-18,PHX,1610612756,0,Missed Playoffs,0.256,103.9,44.1,21.3,6.9,4.5,15.7,0.442,0.334,0.741,-9.4,21.0,61.0,100.8,109.9,-9.1,102.9,0.5096666666666667,0.75,24.9,4.5,4.7,0.9,0.3,3.6,0.432,0.383,0.878,34.5,0.9188405797101448,19.6,5.1,1.3,1.0,0.6,1.3,0.498,0.222,0.757,33.0,0.7969696969696971,12.7,4.3,6.2,1.3,0.3,2.7,0.493,0.326,0.649,28.7,0.770034843205575,13.1,4.6,1.5,1.0,0.5,1.9,0.417,0.263,0.634,25.4,0.7401574803149606,6.5,4.4,1.6,0.3,0.6,1.4,0.386,0.366,0.765,25.2,0.4761904761904762,6.5,9.1,1.2,0.3,0.6,1.3,0.647,0.0,0.624,25.0,0.6560000000000001,7.8,1.8,4.4,1.0,0.1,1.8,0.388,0.288,0.832,23.4,0.5683760683760684,7.7,5.5,1.2,0.7,1.0,1.5,0.423,0.295,0.608,21.2,0.6886792452830188
2017-18,POR,1610612757,1,First Round Exit,0.598,105.6,45.5,19.5,7.0,5.2,13.5,0.452,0.366,0.8,2.6,49.0,33.0,106.1,103.5,2.6,99.1,0.5096666666666667,1.0,26.9,4.5,6.6,1.1,0.4,2.8,0.439,0.361,0.916,36.6,1.0027322404371586,21.4,4.0,3.4,1.0,0.4,1.9,0.443,0.397,0.836,36.1,0.78393351800554,9.3,7.6,1.2,1.1,0.6,1.1,0.395,0.369,0.738,30.0,0.6233333333333333,14.3,9.0,1.8,0.8,1.4,2.3,0.505,0.0,0.63,26.4,0.946969696969697,8.2,3.1,2.2,0.6,0.4,1.3,0.447,0.318,0.85,25.7,0.5136186770428015,6.5,2.7,0.9,0.8,0.7,0.7,0.495,0.415,0.712,21.4,0.5093457943925234,8.7,2.3,2.0,1.1,0.2,1.2,0.42,0.376,0.841,20.7,0.6328502415458938,5.3,7.4,0.5,0.4,0.7,0.8,0.582,0.0,0.667,18.9,0.7142857142857142
2017-18,SAC,1610612758,0,Missed Playoffs,0.329,98.8,40.9,21.6,7.8,4.1,13.7,0.45,0.375,0.735,-7.0,27.0,55.0,101.1,108.3,-7.1,97.4,0.5096666666666667,0.5,12.8,7.0,2.4,1.1,0.9,1.5,0.502,0.25,0.619,28.0,0.8107142857142857,11.8,2.9,3.3,0.9,0.2,1.6,0.446,0.392,0.84,27.9,0.6272401433691756,11.6,2.8,4.4,1.0,0.3,2.4,0.412,0.307,0.723,27.7,0.6389891696750902,14.5,6.7,2.2,0.7,0.2,2.0,0.473,0.347,0.785,25.6,0.8710937499999999,13.5,3.8,1.9,1.1,0.3,1.6,0.446,0.431,0.877,25.3,0.7509881422924901,8.4,2.3,1.9,0.9,0.4,1.2,0.418,0.392,0.769,24.8,0.5120967741935484,6.7,2.8,1.1,0.4,0.2,0.6,0.442,0.308,0.722,22.2,0.4774774774774775,8.7,4.8,1.2,0.4,0.8,1.2,0.448,0.353,0.805,20.7,0.7101449275362319
2017-18,SAS,1610612759,1,First Round Exit,0.573,102.7,44.2,22.8,7.7,5.6,13.1,0.457,0.352,0.772,2.9,47.0,35.0,105.5,102.6,3.0,97.1,0.5096666666666667,0.875,23.1,8.5,2.0,0.6,1.2,1.5,0.51,0.293,0.837,33.4,1.0149700598802398,7.9,5.4,2.7,1.6,0.8,1.3,0.527,0.333,0.712,26.7,0.6404494382022473,10.0,1.9,2.8,0.7,0.1,1.3,0.411,0.372,0.89,25.7,0.5525291828793774,8.6,3.6,1.6,0.9,1.1,1.1,0.387,0.363,0.769,25.6,0.5742187499999999,10.1,8.0,3.1,0.3,1.0,1.4,0.458,0.358,0.756,23.5,0.8978723404255321,16.2,4.7,2.3,2.0,1.0,1.8,0.468,0.314,0.816,23.3,1.0472103004291844,11.5,5.1,1.3,0.8,0.7,1.4,0.471,0.314,0.772,21.6,0.8333333333333335,8.1,5.7,2.9,1.2,0.4,1.7,0.443,0.265,0.709,21.5,0.7720930232558139
2017-18,TOR,1610612761,2,Second Round Exit,0.72,111.7,44.0,24.3,7.6,6.1,13.4,0.472,0.358,0.794,7.8,59.0,23.0,111.0,103.2,7.7,99.9,0.4903333333333333,0.875,23.0,3.9,5.2,1.1,0.3,2.2,0.456,0.31,0.825,33.9,0.9233038348082596,16.2,5.6,6.9,1.1,0.2,2.3,0.427,0.399,0.854,32.2,0.8602484472049687,12.6,6.3,0.8,0.4,1.3,1.2,0.483,0.36,0.797,27.5,0.7345454545454545,12.7,8.6,1.1,0.4,0.9,1.5,0.568,0.405,0.806,22.4,0.9910714285714284,8.0,2.9,2.9,1.0,0.5,1.1,0.465,0.366,0.829,20.8,0.6826923076923077,7.3,4.5,2.0,0.8,0.5,0.8,0.508,0.22,0.621,20.7,0.6908212560386474,8.6,2.4,3.2,0.9,0.3,1.0,0.426,0.414,0.832,20.0,0.72,5.9,2.5,0.7,0.7,0.2,0.6,0.471,0.371,0.629,20.0,0.4699999999999999
2017-18,UTA,1610612762,2,Second Round Exit,0.585,104.1,43.3,22.4,8.6,5.1,14.7,0.462,0.366,0.779,4.3,48.0,34.0,106.2,101.8,4.4,97.7,0.5096666666666667,0.5,20.5,3.7,3.7,1.5,0.3,2.7,0.437,0.34,0.805,33.4,0.8083832335329342,13.5,10.7,1.4,0.8,2.3,1.9,0.622,0.0,0.682,32.4,0.8271604938271605,11.5,4.2,4.8,1.1,0.2,1.9,0.467,0.44,0.795,31.4,0.6337579617834396,13.1,4.6,5.3,1.6,0.1,2.7,0.418,0.352,0.866,29.3,0.7508532423208192,12.3,7.2,1.3,0.7,1.1,1.1,0.563,0.222,0.651,28.0,0.7678571428571429,9.7,3.4,1.2,0.8,0.3,0.9,0.404,0.323,0.818,26.1,0.5555555555555556,8.2,4.2,0.9,1.4,0.3,0.8,0.492,0.381,0.815,21.2,0.6698113207547169,8.1,1.9,3.1,0.6,0.2,1.4,0.483,0.278,0.806,16.8,0.744047619047619
2017-18,WAS,1610612764,1,First Round Exit,0.524,106.6,43.1,25.2,7.9,4.3,14.6,0.467,0.375,0.772,0.6,43.0,39.0,106.9,106.3,0.6,98.8,0.4903333333333333,0.875,22.6,4.4,4.5,1.2,0.4,2.6,0.46,0.375,0.791,36.3,0.8402203856749312,19.4,3.7,9.6,1.4,1.1,3.9,0.42,0.371,0.726,34.4,0.9098837209302324,14.7,6.4,2.0,1.5,0.5,1.0,0.503,0.441,0.828,31.6,0.7626582278481012,11.8,4.5,1.2,1.0,0.4,1.1,0.403,0.341,0.82,27.5,0.6472727272727272,11.5,5.6,1.9,0.8,0.5,1.7,0.48,0.367,0.82,27.0,0.688888888888889,8.4,7.6,1.8,0.5,0.7,1.2,0.518,0.0,0.675,25.3,0.7035573122529645,7.2,3.2,3.9,0.7,0.2,1.1,0.523,0.465,0.781,22.5,0.6266666666666667,8.8,3.3,1.1,0.3,0.1,1.0,0.527,0.405,0.658,18.5,0.6810810810810811
2018-19,ATL,1610612737,0,Missed Playoffs,0.354,113.3,46.1,25.8,8.2,5.1,17.0,0.451,0.352,0.752,-6.0,29.0,53.0,105.5,111.1,-5.6,106.5,0.4780666666666666,0.625,19.1,3.7,8.1,0.9,0.2,3.8,0.418,0.324,0.829,30.9,0.9126213592233008,19.5,9.8,2.0,0.4,0.6,2.0,0.56,0.348,0.763,30.0,1.01,13.5,3.6,2.1,1.0,0.3,1.8,0.441,0.39,0.819,28.2,0.6631205673758866,9.7,3.3,2.9,0.9,0.3,1.5,0.419,0.385,0.732,27.3,0.5714285714285715,10.8,7.5,1.4,1.1,1.1,1.3,0.492,0.382,0.814,25.1,0.8207171314741036,11.6,3.9,2.3,1.3,0.6,1.8,0.402,0.32,0.726,24.5,0.7306122448979593,8.4,4.4,2.5,1.3,0.5,1.7,0.446,0.289,0.64,23.6,0.652542372881356,11.1,5.5,1.1,0.4,0.9,1.3,0.494,0.363,0.648,20.1,0.880597014925373
2018-19,BOS,1610612738,2,Second Round Exit,0.598,112.4,44.5,26.3,8.6,5.3,12.8,0.465,0.365,0.802,4.4,49.0,33.0,110.1,105.7,4.3,101.6,0.4780666666666666,0.875,23.8,5.0,6.9,1.5,0.5,2.6,0.487,0.401,0.873,33.0,1.0636363636363635,15.7,6.0,2.1,1.1,0.7,1.5,0.45,0.373,0.855,31.1,0.77491961414791,13.6,6.7,4.2,0.9,1.3,1.5,0.535,0.36,0.821,29.0,0.8689655172413793,13.9,6.1,1.5,0.6,0.3,1.2,0.447,0.375,0.844,27.9,0.7598566308243729,8.9,2.9,4.0,1.8,0.4,1.5,0.422,0.364,0.806,27.5,0.6,11.5,4.5,3.4,0.9,0.3,1.5,0.466,0.333,0.834,25.9,0.7374517374517374,13.0,4.2,1.4,0.9,0.4,1.3,0.465,0.344,0.658,25.9,0.7181467181467179,17.0,3.0,3.0,1.0,0.0,0.0,0.462,0.4,0.5,25.7,0.933852140077821
2018-19,BKN,1610612751,1,First Round Exit,0.512,112.2,46.6,23.8,6.6,4.1,15.1,0.449,0.353,0.745,-0.1,42.0,40.0,106.9,106.9,-0.1,103.5,0.4780666666666666,1.0,21.1,3.9,7.0,1.2,0.2,3.1,0.434,0.369,0.78,30.2,1.0033112582781458,13.7,3.8,2.4,0.5,0.2,1.6,0.5,0.474,0.827,30.2,0.629139072847682,16.8,2.4,4.6,0.6,0.3,2.2,0.442,0.335,0.806,28.1,0.800711743772242,13.7,3.8,3.9,1.1,0.4,1.7,0.429,0.312,0.691,26.6,0.7969924812030075,9.6,3.4,1.1,0.5,0.3,1.1,0.367,0.378,0.732,26.4,0.5227272727272728,10.9,8.4,1.4,0.5,1.5,1.3,0.59,0.133,0.709,26.2,0.8167938931297709,11.1,5.2,1.3,0.5,0.1,1.1,0.395,0.342,0.76,25.4,0.673228346456693,8.9,5.3,1.6,0.7,0.5,1.2,0.411,0.184,0.645,20.9,0.7559808612440192
2018-19,CHA,1610612766,0,Missed Playoffs,0.476,110.7,43.8,23.2,7.2,4.9,12.2,0.448,0.351,0.797,-1.1,39.0,43.0,108.3,109.4,-1.1,101.5,0.4780666666666666,0.75,25.6,4.4,5.9,1.2,0.4,2.6,0.434,0.356,0.844,34.9,1.0,9.3,5.2,3.3,0.9,0.6,1.6,0.45,0.389,0.865,31.4,0.5636942675159236,15.3,5.5,2.2,1.1,0.4,1.0,0.44,0.348,0.888,28.5,0.8245614035087719,10.1,5.4,1.2,0.9,0.8,0.6,0.422,0.366,0.767,28.4,0.6267605633802816,10.1,6.8,2.1,0.8,0.8,1.3,0.551,0.273,0.787,25.4,0.7598425196850395,7.5,1.8,3.2,0.8,0.1,1.2,0.404,0.354,0.69,21.9,0.5570776255707763,7.5,4.0,1.2,0.7,0.6,0.6,0.464,0.325,0.753,21.2,0.6320754716981132,6.7,3.8,1.0,0.5,0.6,0.7,0.476,0.34,0.772,18.4,0.6467391304347827
2018-19,CHI,1610612741,0,Missed Playoffs,0.268,104.9,42.9,21.9,7.4,4.3,14.1,0.453,0.351,0.783,-8.4,22.0,60.0,102.5,110.8,-8.2,101.2,0.4780666666666666,0.5,23.7,4.7,4.5,1.0,0.4,3.4,0.467,0.374,0.832,34.5,0.8956521739130434,18.7,9.0,1.4,0.7,0.6,1.6,0.43,0.361,0.872,32.3,0.891640866873065,20.0,8.0,1.0,1.0,0.8,1.0,0.537,0.357,0.81,31.8,0.9371069182389936,11.3,4.1,6.0,1.5,0.5,2.3,0.425,0.354,0.797,30.2,0.6986754966887416,13.9,5.6,2.1,1.5,0.6,1.2,0.465,0.406,0.813,30.1,0.7475083056478407,14.3,4.5,5.0,1.8,0.2,1.7,0.437,0.4,0.727,27.9,0.8637992831541219,10.3,7.0,1.8,0.6,1.3,1.5,0.485,0.188,0.795,25.2,0.773809523809524,6.7,2.7,3.3,0.8,0.0,0.8,0.447,0.373,0.873,24.2,0.5247933884297521
2018-19,CLE,1610612739,0,Missed Playoffs,0.232,104.5,42.7,20.7,6.5,2.4,13.5,0.444,0.355,0.792,-9.6,19.0,63.0,105.0,114.7,-9.7,99.1,0.4780666666666666,0.75,13.0,4.7,2.6,0.8,0.1,1.5,0.427,0.348,0.779,32.2,0.6118012422360248,16.7,2.9,3.0,0.5,0.1,2.3,0.43,0.402,0.839,31.8,0.6572327044025157,10.9,10.2,2.0,0.7,0.4,1.4,0.529,0.0,0.642,27.9,0.8172043010752689,16.8,3.3,2.4,0.7,0.2,1.7,0.448,0.324,0.844,27.3,0.7948717948717948,17.0,10.9,2.2,0.3,0.2,1.9,0.385,0.361,0.904,27.2,1.0551470588235294,9.4,8.2,3.2,1.5,0.6,1.4,0.52,0.337,0.716,26.8,0.8022388059701494,6.7,1.6,1.9,1.0,0.3,1.0,0.342,0.308,0.8,20.2,0.5198019801980199,6.5,3.2,1.1,0.7,0.3,0.6,0.481,0.32,0.682,19.3,0.5803108808290155
2018-19,DAL,1610612742,0,Missed Playoffs,0.402,108.9,45.3,23.4,6.5,4.3,14.2,0.447,0.34,0.742,-1.3,33.0,49.0,106.6,107.9,-1.3,101.6,0.5218666666666667,0.5,21.2,7.8,6.0,1.1,0.3,3.4,0.427,0.327,0.713,32.2,1.0248447204968942,18.1,3.4,2.4,0.8,0.1,1.6,0.393,0.34,0.841,31.6,0.7341772151898733,7.5,4.8,1.2,0.9,0.4,0.9,0.432,0.311,0.709,24.5,0.5673469387755102,9.3,2.3,3.2,0.5,0.1,1.2,0.467,0.348,0.725,21.8,0.6513761467889908,10.6,5.3,1.5,0.6,0.6,0.9,0.597,0.307,0.772,21.6,0.8194444444444445,6.8,4.6,1.0,0.5,1.1,0.8,0.453,0.353,0.784,21.2,0.6226415094339621,7.2,2.6,1.2,0.4,0.2,0.4,0.447,0.355,0.785,19.9,0.5628140703517588,10.9,2.5,5.6,0.6,0.0,1.9,0.418,0.297,0.705,19.8,0.893939393939394
2018-19,DEN,1610612743,2,Second Round Exit,0.659,110.7,46.4,27.4,7.7,4.4,13.4,0.466,0.351,0.755,4.0,54.0,28.0,109.8,105.8,3.9,100.6,0.5218666666666667,1.0,18.2,4.2,4.8,0.9,0.4,2.1,0.437,0.367,0.848,32.6,0.8098159509202452,20.1,10.8,7.3,1.4,0.7,3.1,0.511,0.307,0.821,31.3,1.1884984025559109,12.9,2.8,2.2,1.0,0.3,1.2,0.424,0.339,0.799,28.8,0.625,11.5,4.6,2.9,0.4,0.5,1.5,0.402,0.342,0.77,27.7,0.6642599277978339,12.6,7.2,2.0,1.2,0.8,1.4,0.484,0.365,0.727,27.1,0.8265682656826568,10.4,2.4,3.6,0.9,0.0,0.6,0.493,0.414,0.802,24.0,0.6958333333333333,11.3,2.5,1.2,0.7,0.1,0.7,0.474,0.402,0.848,23.2,0.6508620689655172,7.8,6.4,3.0,0.8,0.9,1.5,0.593,0.2,0.561,21.1,0.824644549763033
2018-19,DET,1610612765,1,First Round Exit,0.5,107.0,45.0,22.5,6.9,4.0,13.8,0.44,0.348,0.747,-0.2,41.0,41.0,106.1,106.4,-0.2,100.0,0.4780666666666666,0.75,24.5,7.5,5.4,0.7,0.4,3.4,0.462,0.362,0.753,35.0,1.002857142857143,17.3,15.6,1.4,1.7,1.7,2.2,0.533,0.132,0.59,33.5,1.0597014925373134,15.4,2.6,4.2,0.7,0.1,1.8,0.421,0.369,0.864,27.9,0.7598566308243728,10.3,2.0,1.4,1.0,0.1,0.8,0.403,0.371,0.796,24.5,0.5714285714285714,9.7,2.9,1.8,0.4,0.2,0.9,0.438,0.394,0.836,22.8,0.6184210526315789,8.9,2.6,3.6,0.5,0.2,1.1,0.419,0.326,0.758,22.3,0.6591928251121075,8.4,2.1,1.1,0.5,0.1,0.3,0.388,0.355,0.844,21.8,0.5458715596330275,4.3,2.5,1.2,0.5,0.5,0.6,0.398,0.258,0.75,19.6,0.4285714285714285
2018-19,GSW,1610612744,4,Finals Loss,0.695,117.7,46.2,29.4,7.6,6.4,14.3,0.491,0.385,0.801,6.5,57.0,25.0,113.9,107.7,6.3,102.6,0.5218666666666667,0.875,26.0,6.4,5.9,0.7,1.1,2.9,0.521,0.353,0.885,34.6,1.0751445086705202,21.5,3.8,2.4,1.1,0.6,1.5,0.467,0.402,0.816,34.0,0.8205882352941177,27.3,5.3,5.2,1.3,0.4,2.8,0.472,0.437,0.916,33.8,1.0857988165680474,7.4,7.3,6.9,1.4,1.1,2.6,0.445,0.285,0.692,31.3,0.6869009584664536,16.3,8.2,3.6,1.3,1.5,2.4,0.48,0.274,0.736,25.7,1.1089494163424127,5.7,3.7,3.2,0.9,0.8,0.8,0.5,0.333,0.582,23.2,0.581896551724138,6.3,5.2,1.5,0.6,0.7,0.6,0.625,0.1,0.619,18.5,0.7405405405405405,5.4,3.1,1.2,0.5,1.0,0.7,0.716,0.0,0.649,17.1,0.6140350877192982
2018-19,HOU,1610612745,2,Second Round Exit,0.646,113.9,42.1,21.2,8.5,4.9,13.3,0.449,0.356,0.791,4.8,53.0,29.0,112.5,107.8,4.7,100.5,0.5218666666666667,0.625,36.1,6.6,7.5,2.0,0.7,5.0,0.442,0.368,0.879,36.8,1.3016304347826089,7.3,5.8,1.2,1.6,0.5,0.8,0.396,0.377,0.695,34.2,0.4561403508771929,16.6,12.7,1.4,0.7,1.5,1.4,0.648,0.0,0.636,33.6,0.9375,15.6,4.6,8.2,2.0,0.3,2.6,0.419,0.358,0.862,32.0,0.8781249999999999,16.2,2.2,1.9,0.6,0.4,1.3,0.409,0.36,0.783,31.7,0.6309148264984226,13.4,5.4,0.5,0.4,0.7,0.8,0.405,0.328,0.682,29.4,0.6666666666666666,8.1,2.1,2.2,0.6,0.3,0.9,0.406,0.318,0.526,26.7,0.4644194756554307,9.4,3.6,1.0,0.5,0.3,0.9,0.468,0.416,0.789,25.1,0.5537848605577689
2018-19,IND,1610612754,1,First Round Exit,0.585,108.0,43.0,26.0,8.7,4.9,13.7,0.475,0.374,0.752,3.3,48.0,34.0,107.3,104.0,3.3,100.5,0.4780666666666666,0.875,18.8,5.6,5.2,1.7,0.3,2.3,0.423,0.343,0.73,31.9,0.9184952978056424,18.0,4.1,2.0,0.9,0.0,1.7,0.497,0.425,0.807,31.8,0.7327044025157233,12.6,6.5,2.5,1.5,0.4,1.5,0.527,0.349,0.644,30.7,0.7166123778501629,12.2,2.5,2.3,0.8,0.2,1.3,0.4,0.372,0.81,30.3,0.5511551155115512,13.3,7.2,1.6,0.8,2.7,1.4,0.487,0.388,0.736,28.6,0.8461538461538463,11.2,3.1,6.0,1.4,0.1,1.6,0.467,0.407,0.832,28.2,0.7163120567375885,6.5,3.4,3.9,1.1,0.3,1.0,0.412,0.322,0.698,25.2,0.5634920634920636,14.1,9.3,2.9,0.6,0.4,2.2,0.59,0.529,0.715,24.8,1.0120967741935485
2018-19,LAC,1610612746,1,First Round Exit,0.585,115.1,45.5,24.0,6.8,4.7,14.5,0.471,0.388,0.792,0.9,48.0,34.0,109.7,108.9,0.8,104.1,0.5218666666666667,0.5,19.8,6.1,2.6,0.7,0.3,1.5,0.463,0.433,0.904,30.3,0.924092409240924,7.6,5.0,3.8,0.9,0.6,1.1,0.407,0.397,0.78,27.4,0.6131386861313868,7.8,2.9,1.4,1.0,0.4,0.9,0.422,0.341,0.748,27.2,0.4632352941176471,20.0,3.0,5.4,0.8,0.1,2.4,0.425,0.361,0.876,26.6,1.0112781954887218,10.8,2.8,3.3,1.2,0.5,1.7,0.476,0.367,0.8,26.5,0.6377358490566039,16.6,6.5,2.0,0.9,1.3,1.6,0.615,0.176,0.643,26.3,0.9771863117870722,7.6,3.6,1.7,0.5,0.2,1.0,0.403,0.351,0.722,23.5,0.5361702127659573,6.0,4.2,1.6,0.5,0.4,0.9,0.418,0.373,0.72,23.1,0.5108225108225107
2018-19,LAL,1610612747,0,Missed Playoffs,0.451,111.8,46.6,25.6,7.5,5.4,15.7,0.47,0.333,0.699,-1.7,37.0,45.0,105.2,106.8,-1.6,105.7,0.5218666666666667,0.625,27.4,8.5,8.3,1.3,0.6,3.6,0.51,0.339,0.665,35.2,1.2073863636363635,18.3,5.1,3.0,0.5,0.6,2.5,0.497,0.33,0.675,33.9,0.7374631268436579,18.7,5.5,2.5,0.6,0.4,1.9,0.456,0.303,0.752,33.1,0.7794561933534743,9.9,5.3,5.4,1.5,0.4,2.2,0.406,0.329,0.417,30.3,0.66996699669967,11.3,2.7,2.0,0.6,0.2,1.0,0.412,0.377,0.859,29.8,0.5302013422818792,9.2,5.3,8.0,1.2,0.2,2.8,0.405,0.359,0.639,29.8,0.7080536912751677,7.8,3.7,1.4,1.0,0.6,0.9,0.407,0.336,0.688,25.6,0.53125,11.4,2.9,1.3,0.9,0.2,0.8,0.43,0.347,0.867,24.8,0.6411290322580644
2018-19,MEM,1610612763,0,Missed Playoffs,0.402,103.5,41.8,23.9,8.3,5.5,14.0,0.45,0.342,0.772,-2.6,33.0,49.0,103.8,106.4,-2.6,98.7,0.5218666666666667,0.125,21.1,3.4,6.4,1.3,0.3,1.9,0.438,0.364,0.845,33.5,0.9134328358208954,10.5,3.9,1.8,1.5,0.4,1.3,0.386,0.348,0.896,31.8,0.5283018867924527,9.9,2.8,2.4,0.7,0.3,1.4,0.408,0.351,0.86,30.2,0.4867549668874171,8.0,5.8,3.0,1.3,0.9,1.3,0.543,0.265,0.578,29.8,0.5939597315436241,13.8,4.7,1.1,0.9,1.4,1.7,0.506,0.359,0.766,26.1,0.7739463601532567,8.3,4.6,1.5,0.4,1.0,1.1,0.427,0.369,0.84,23.5,0.625531914893617,8.7,3.5,3.3,1.2,0.4,1.0,0.434,0.298,0.793,22.6,0.7123893805309733,15.6,8.6,1.4,0.4,1.1,1.8,0.559,0.292,0.795,22.3,1.1345291479820627
2018-19,MIA,1610612748,0,Missed Playoffs,0.476,105.7,46.3,24.3,7.6,5.5,14.7,0.45,0.349,0.695,-0.2,39.0,43.0,104.6,104.8,-0.2,100.8,0.4780666666666666,1.0,16.6,3.6,4.1,1.1,0.5,1.5,0.412,0.357,0.861,34.8,0.7011494252873566,12.6,5.4,4.3,1.1,0.3,2.2,0.433,0.375,0.628,29.7,0.723905723905724,13.7,3.1,4.8,0.8,0.1,2.0,0.413,0.348,0.782,27.5,0.7454545454545456,15.0,4.0,4.2,0.8,0.5,2.3,0.433,0.33,0.708,26.2,0.8473282442748091,12.0,2.6,2.8,0.7,0.2,1.5,0.414,0.377,0.5,25.9,0.6486486486486486,8.9,7.3,2.2,0.9,0.8,1.5,0.576,0.2,0.735,23.3,0.798283261802575,12.3,11.3,0.8,0.6,1.9,1.3,0.571,0.125,0.449,23.3,1.098712446351931,10.0,4.7,1.8,0.7,0.5,1.4,0.463,0.354,0.822,22.9,0.7117903930131005
2018-19,MIL,1610612749,3,Conference Finals,0.732,118.1,49.7,26.0,7.5,5.9,13.9,0.476,0.353,0.773,8.9,60.0,22.0,111.5,103.2,8.4,105.4,0.4780666666666666,0.5,27.7,12.5,5.9,1.3,1.5,3.7,0.578,0.256,0.729,32.8,1.3780487804878048,18.3,6.0,4.3,1.0,0.1,2.3,0.441,0.378,0.837,31.1,0.8810289389067525,15.9,4.6,5.5,1.5,0.4,2.1,0.484,0.329,0.75,29.1,0.8865979381443297,12.5,4.9,1.2,0.6,2.2,1.0,0.452,0.365,0.842,28.7,0.7108013937282229,15.6,4.5,3.2,0.7,0.2,1.4,0.505,0.426,0.928,28.6,0.7972027972027972,15.2,7.4,1.2,0.7,0.7,1.0,0.439,0.365,0.847,27.1,0.8929889298892988,7.6,2.5,2.3,0.9,0.1,0.9,0.452,0.314,0.824,21.7,0.576036866359447,6.0,1.9,2.8,0.5,0.1,1.2,0.39,0.354,0.792,20.9,0.4832535885167464
2018-19,MIN,1610612750,0,Missed Playoffs,0.439,112.5,44.8,24.6,8.3,5.0,13.1,0.456,0.351,0.787,-1.5,36.0,46.0,108.4,109.8,-1.4,103.0,0.5218666666666667,0.625,18.1,4.8,2.5,1.0,0.7,1.9,0.412,0.339,0.699,34.8,0.7241379310344829,13.3,5.5,1.3,2.1,1.3,1.3,0.431,0.378,0.764,34.4,0.6453488372093025,24.4,12.4,3.4,0.9,1.6,3.1,0.518,0.4,0.836,33.0,1.1999999999999995,12.1,2.5,8.2,1.0,0.4,2.3,0.423,0.333,0.804,30.1,0.7275747508305646,18.0,2.7,4.3,0.6,0.2,1.6,0.482,0.37,0.856,27.3,0.8864468864468864,10.6,5.6,1.6,0.6,0.1,1.2,0.437,0.365,0.88,25.0,0.6920000000000002,10.8,6.5,1.2,0.8,0.6,1.0,0.566,0.324,0.757,24.1,0.7842323651452282,7.7,2.9,1.2,1.2,0.4,0.9,0.386,0.279,0.728,23.7,0.5274261603375526
2018-19,NOP,1610612740,0,Missed Playoffs,0.402,115.4,47.3,27.0,7.4,5.4,14.8,0.473,0.344,0.761,-1.3,33.0,49.0,108.6,109.9,-1.3,105.9,0.5218666666666667,0.625,21.2,5.0,7.7,1.6,0.8,3.1,0.472,0.325,0.768,35.8,0.9273743016759776,25.9,12.0,3.9,1.6,2.4,2.0,0.517,0.331,0.794,33.0,1.3272727272727272,21.4,8.7,3.1,0.7,0.6,2.8,0.524,0.344,0.731,30.6,1.0359477124183003,10.6,5.2,7.6,1.0,0.4,2.7,0.434,0.314,0.743,29.8,0.7416107382550334,11.9,2.4,1.9,0.8,0.2,1.1,0.481,0.432,0.763,27.6,0.5833333333333333,8.2,1.9,2.1,0.6,0.3,0.9,0.39,0.365,0.789,25.5,0.4784313725490196,6.1,4.8,1.8,1.0,0.4,0.8,0.384,0.333,0.684,23.5,0.5659574468085106,4.3,3.0,1.3,0.5,0.2,0.7,0.382,0.317,0.719,20.0,0.43
2018-19,NYK,1610612752,0,Missed Playoffs,0.207,104.6,44.7,20.1,6.8,5.1,14.0,0.433,0.34,0.759,-9.2,17.0,65.0,102.1,111.1,-9.0,101.9,0.4780666666666666,0.25,11.0,13.1,2.3,0.6,1.1,2.2,0.641,0.0,0.705,29.7,0.8720538720538723,12.8,4.5,1.1,0.6,0.3,1.5,0.37,0.343,0.717,28.8,0.6180555555555557,13.6,2.9,4.8,1.3,0.4,2.9,0.428,0.322,0.635,28.5,0.7052631578947369,10.7,3.6,1.8,0.8,0.1,1.0,0.415,0.368,0.745,27.4,0.5839416058394161,14.8,3.3,3.9,0.7,0.3,2.4,0.446,0.329,0.774,27.2,0.7573529411764707,8.4,7.8,1.9,0.7,0.8,1.3,0.47,0.336,0.712,25.3,0.7233201581027666,10.9,3.1,1.9,0.4,0.2,1.8,0.448,0.394,0.803,22.8,0.644736842105263,9.9,2.7,4.0,0.8,0.2,1.4,0.461,0.472,0.778,21.9,0.7397260273972605
2018-19,OKC,1610612760,1,First Round Exit,0.598,114.5,48.1,23.4,9.3,5.2,14.0,0.454,0.348,0.713,3.4,49.0,33.0,107.6,104.4,3.2,105.4,0.5218666666666667,0.75,28.0,8.2,4.1,2.2,0.4,2.7,0.438,0.386,0.839,36.9,1.0894308943089432,22.9,11.1,10.7,1.9,0.5,4.5,0.428,0.29,0.656,36.0,1.1833333333333331,13.9,9.5,1.6,1.5,1.0,1.7,0.595,0.0,0.5,33.4,0.7724550898203594,13.6,5.2,1.0,0.8,1.3,0.8,0.497,0.392,0.71,32.7,0.6452599388379204,15.5,3.6,4.1,0.8,0.2,2.2,0.414,0.341,0.819,29.3,0.7508532423208192,6.9,1.9,1.0,0.5,0.2,0.6,0.429,0.366,0.725,26.1,0.3793103448275862,9.4,4.6,1.4,0.6,0.4,0.9,0.421,0.335,0.772,21.9,0.7077625570776256,5.3,1.5,0.6,0.5,0.2,0.5,0.357,0.323,0.923,19.0,0.3999999999999999
2018-19,ORL,1610612753,1,First Round Exit,0.512,107.3,45.4,25.5,6.6,5.4,13.2,0.454,0.356,0.782,0.7,42.0,40.0,106.5,105.8,0.7,100.2,0.4780666666666666,0.875,16.0,7.4,3.7,0.7,0.7,2.1,0.449,0.349,0.731,33.8,0.7810650887573963,15.1,3.2,3.6,0.9,0.1,1.9,0.438,0.34,0.806,31.5,0.6666666666666667,20.8,12.0,3.8,1.0,1.1,2.0,0.518,0.364,0.789,31.4,1.1687898089171973,11.7,2.5,5.3,0.6,0.0,1.6,0.47,0.421,0.866,28.0,0.6607142857142857,9.6,5.5,1.1,0.8,1.3,1.0,0.429,0.323,0.815,26.6,0.650375939849624,15.1,3.5,1.7,0.9,0.4,1.1,0.428,0.383,0.875,26.5,0.7735849056603772,8.2,3.7,3.1,0.9,0.3,1.3,0.419,0.286,0.568,22.5,0.6622222222222222,5.0,2.7,1.1,0.4,0.3,0.6,0.412,0.367,0.816,18.1,0.4917127071823205
2018-19,PHI,1610612755,2,Second Round Exit,0.622,115.2,47.8,26.9,7.4,5.3,14.9,0.471,0.359,0.771,2.7,51.0,31.0,110.4,107.8,2.6,103.7,0.4780666666666666,0.5,20.0,7.9,2.8,0.6,0.5,1.8,0.487,0.397,0.866,34.7,0.8645533141210374,16.9,8.8,7.7,1.4,0.8,3.5,0.563,0.0,0.6,34.2,0.93859649122807,27.5,13.6,3.7,0.7,1.9,3.5,0.484,0.3,0.804,33.7,1.3026706231454006,18.7,5.3,4.0,1.9,0.6,1.5,0.462,0.347,0.855,33.6,0.863095238095238,18.1,2.4,2.7,0.4,0.2,1.3,0.44,0.397,0.894,31.3,0.718849840255591,6.7,3.1,0.7,0.7,0.4,0.6,0.469,0.353,0.716,21.2,0.5188679245283019,6.4,2.3,3.4,1.0,0.2,1.2,0.525,0.333,0.784,19.3,0.6269430051813472,6.5,2.3,2.3,0.5,0.3,1.2,0.38,0.269,0.742,19.0,0.5631578947368423
2018-19,PHX,1610612756,0,Missed Playoffs,0.232,107.5,40.4,23.9,9.0,5.1,15.6,0.459,0.329,0.779,-9.3,19.0,63.0,103.6,112.6,-9.0,102.8,0.5218666666666667,0.375,26.6,4.1,6.8,0.9,0.2,4.1,0.467,0.326,0.866,35.0,0.9857142857142858,18.0,4.0,1.5,1.2,0.7,1.2,0.486,0.428,0.815,31.6,0.7658227848101266,16.3,10.3,1.8,0.9,0.9,1.8,0.585,0.0,0.746,30.7,0.9250814332247556,8.3,3.2,2.1,1.6,0.5,0.9,0.43,0.335,0.805,29.5,0.5016949152542373,15.2,4.7,1.2,1.2,0.9,1.5,0.445,0.32,0.775,28.0,0.7749999999999998,10.9,3.0,2.9,0.9,0.5,1.4,0.413,0.346,0.748,26.8,0.6268656716417911,11.5,4.4,2.3,0.9,0.7,2.2,0.413,0.324,0.671,25.2,0.6984126984126984,5.0,2.7,3.2,1.4,0.5,1.5,0.391,0.305,0.75,19.7,0.5736040609137056
2018-19,POR,1610612757,3,Conference Finals,0.646,114.7,48.0,23.0,6.7,5.0,13.8,0.467,0.359,0.814,4.2,53.0,29.0,111.4,107.4,4.1,102.0,0.5218666666666667,0.75,25.8,4.6,6.9,1.1,0.4,2.7,0.444,0.369,0.912,35.5,1.016901408450704,21.0,4.0,3.0,0.8,0.4,1.5,0.459,0.375,0.828,33.9,0.8171091445427728,9.4,7.5,1.3,0.8,0.4,0.9,0.433,0.343,0.867,28.3,0.6537102473498233,15.6,10.4,3.2,1.0,1.4,2.3,0.508,0.103,0.773,27.4,1.0693430656934306,11.2,2.2,1.8,0.8,0.2,0.8,0.435,0.356,0.884,26.3,0.585551330798479,13.7,9.8,1.7,0.5,0.4,1.8,0.549,0.294,0.787,24.5,0.9918367346938776,7.7,4.5,1.2,1.1,0.9,0.8,0.487,0.275,0.671,23.6,0.6186440677966101,6.8,4.5,3.9,0.5,0.2,1.6,0.46,0.212,0.708,22.0,0.65
2018-19,SAC,1610612758,0,Missed Playoffs,0.476,114.2,45.4,25.4,8.3,4.4,13.4,0.464,0.378,0.726,-1.1,39.0,43.0,108.3,109.3,-1.1,105.2,0.5218666666666667,0.5,16.4,4.7,1.5,0.6,0.2,1.3,0.42,0.395,0.824,32.9,0.6717325227963525,20.7,5.0,2.5,0.7,0.4,1.8,0.458,0.427,0.886,31.9,0.8620689655172413,17.3,3.8,7.3,1.6,0.6,2.8,0.458,0.371,0.727,31.4,0.8853503184713377,14.1,3.5,3.8,1.0,0.2,1.7,0.418,0.36,0.827,27.8,0.7517985611510792,11.9,8.4,2.4,1.2,0.6,1.0,0.556,0.5,0.551,27.3,0.8608058608058607,14.9,7.6,1.0,0.5,1.0,1.6,0.504,0.313,0.691,25.3,0.9249011857707508,9.6,5.8,1.9,0.7,0.7,1.1,0.479,0.401,0.761,23.2,0.7586206896551722,8.8,3.7,2.0,0.6,0.3,1.0,0.405,0.363,0.823,21.5,0.6697674418604651
2018-19,SAS,1610612759,1,First Round Exit,0.585,111.7,44.7,24.5,6.1,4.7,12.1,0.478,0.392,0.819,1.7,48.0,34.0,111.1,109.4,1.7,99.9,0.5218666666666667,0.75,21.2,6.0,6.2,1.1,0.5,2.6,0.481,0.156,0.83,34.9,0.9283667621776504,21.3,9.2,2.4,0.5,1.3,1.8,0.519,0.238,0.847,33.2,0.9909638554216866,11.8,2.9,2.1,0.5,0.0,1.0,0.456,0.426,0.885,28.0,0.5821428571428572,13.7,6.8,2.6,0.8,0.5,1.7,0.504,0.402,0.816,26.7,0.8501872659176031,9.9,3.7,3.9,1.0,0.7,1.4,0.479,0.338,0.772,25.8,0.689922480620155,9.9,2.2,3.0,0.6,0.1,1.1,0.425,0.394,0.854,23.3,0.630901287553648,10.5,2.5,1.7,0.4,0.1,0.9,0.413,0.372,0.903,23.0,0.6217391304347826,8.0,3.5,1.3,0.5,0.4,0.6,0.45,0.429,0.883,21.5,0.6093023255813954
2018-19,TOR,1610612761,5,Champion,0.707,114.4,45.2,25.4,8.3,5.3,14.0,0.474,0.366,0.804,6.1,58.0,24.0,110.9,105.0,5.9,102.2,0.4780666666666666,0.625,14.2,4.8,8.7,1.4,0.5,2.8,0.411,0.347,0.83,34.1,0.785923753665689,26.6,7.3,3.3,1.8,0.4,2.0,0.496,0.371,0.854,34.0,1.0999999999999996,16.9,6.9,3.1,0.9,0.7,1.9,0.549,0.369,0.785,31.8,0.8364779874213836,13.6,7.9,4.4,1.1,1.1,2.0,0.448,0.363,0.759,30.8,0.8474025974025974,10.3,4.0,1.6,0.9,0.7,0.9,0.465,0.455,0.841,27.7,0.5992779783393503,11.0,2.6,4.8,0.9,0.3,1.3,0.41,0.378,0.843,27.5,0.6654545454545453,15.0,8.1,1.3,0.4,1.4,1.5,0.529,0.29,0.763,27.2,0.9080882352941176,7.0,2.9,0.7,0.7,0.3,0.8,0.453,0.332,0.581,20.2,0.5346534653465346
2018-19,UTA,1610612762,1,First Round Exit,0.61,111.7,46.4,26.0,8.1,5.9,15.1,0.468,0.356,0.736,5.3,50.0,32.0,108.8,103.7,5.1,102.3,0.5218666666666667,0.875,23.8,4.1,4.2,1.4,0.4,2.8,0.432,0.362,0.806,33.7,0.9228486646884272,15.9,12.9,2.0,0.8,2.3,1.6,0.669,0.0,0.636,31.8,1.0157232704402517,12.1,4.0,5.7,1.2,0.2,2.4,0.448,0.391,0.707,31.3,0.6645367412140575,12.7,3.6,6.1,1.3,0.1,2.6,0.404,0.311,0.855,27.9,0.7598566308243728,11.9,4.8,1.7,0.8,0.4,1.1,0.399,0.331,0.721,27.1,0.6826568265682655,11.8,7.4,1.2,0.7,1.4,1.1,0.586,0.218,0.675,23.2,0.9224137931034484,5.2,3.5,1.5,0.7,0.3,0.9,0.475,0.386,0.762,20.4,0.5049019607843137,8.6,2.3,1.2,0.4,0.2,0.8,0.416,0.397,0.822,19.1,0.6230366492146595
2018-19,WAS,1610612764,0,Missed Playoffs,0.39,114.0,42.4,26.3,8.3,4.6,14.1,0.468,0.341,0.768,-2.9,32.0,50.0,108.6,111.3,-2.8,103.7,0.4780666666666666,0.375,25.6,5.0,5.5,1.5,0.7,2.7,0.475,0.351,0.808,36.9,0.964769647696477,20.7,3.6,8.7,1.5,0.9,3.8,0.444,0.302,0.697,34.5,0.9159420289855073,12.5,5.4,3.7,1.3,0.3,1.5,0.399,0.334,0.793,34.0,0.638235294117647,12.3,4.0,1.8,0.6,0.5,1.3,0.475,0.347,0.888,27.2,0.6580882352941178,8.9,3.5,5.0,1.0,0.2,1.5,0.485,0.395,0.819,27.0,0.6333333333333333,14.5,6.6,2.4,0.7,0.5,2.4,0.493,0.313,0.712,26.9,0.8289962825278812,14.2,8.1,1.4,0.7,0.4,1.5,0.444,0.393,0.794,26.0,0.8961538461538459,12.8,9.2,0.4,0.8,0.4,1.8,0.623,0.0,0.604,25.5,0.8549019607843136
2019-20,ATL,1610612737,0,Missed Playoffs,0.299,111.8,43.3,24.0,7.8,5.1,16.2,0.449,0.333,0.79,-8.0,20.0,47.0,104.3,111.7,-7.4,105.9,0.4778,0.5,29.6,4.3,9.3,1.1,0.1,4.8,0.437,0.361,0.86,35.3,1.1218130311614734,21.6,10.1,1.5,0.8,1.6,1.8,0.583,0.401,0.8,33.2,1.0180722891566265,13.9,13.8,1.2,0.8,1.8,1.6,0.629,0.0,0.529,32.8,0.9115853658536588,12.3,4.5,1.8,0.7,0.3,1.6,0.41,0.355,0.764,32.0,0.5625,12.2,4.1,3.8,0.9,0.5,1.6,0.413,0.38,0.828,31.4,0.6337579617834393,10.5,3.7,1.5,1.1,0.5,1.7,0.384,0.332,0.802,26.7,0.5842696629213484,10.9,2.4,5.2,0.7,0.3,2.0,0.436,0.368,0.873,24.8,0.7056451612903225,5.8,3.5,1.9,1.3,0.4,1.4,0.456,0.231,0.542,21.3,0.539906103286385
2019-20,BOS,1610612738,3,Conference Finals,0.667,113.7,46.1,23.0,8.3,5.6,13.8,0.461,0.364,0.801,6.3,48.0,24.0,110.4,104.3,6.1,102.0,0.4778,0.75,23.4,7.0,3.0,1.4,0.9,2.3,0.45,0.403,0.812,34.3,0.9737609329446064,20.3,6.4,2.1,1.1,0.4,2.2,0.481,0.382,0.724,33.9,0.8289085545722715,17.5,6.7,4.1,0.7,0.4,1.8,0.5,0.383,0.855,33.5,0.8238805970149252,12.9,3.8,4.9,1.7,0.5,1.7,0.375,0.347,0.836,32.0,0.690625,20.4,3.9,4.8,0.9,0.5,2.1,0.425,0.381,0.864,31.1,0.913183279742765,9.2,6.6,1.7,0.6,1.3,0.8,0.566,0.333,0.763,24.1,0.7717842323651453,6.9,2.0,2.5,0.9,0.2,1.1,0.448,0.363,0.926,19.3,0.5906735751295337,8.1,7.4,1.0,0.4,0.7,1.0,0.572,0.143,0.707,17.0,0.976470588235294
2019-20,BKN,1610612751,1,First Round Exit,0.486,111.8,47.9,24.5,6.4,4.5,15.3,0.448,0.343,0.745,-0.6,35.0,37.0,106.0,106.5,-0.5,104.3,0.4778,0.5,27.4,5.2,6.4,1.4,0.5,2.6,0.478,0.394,0.922,32.9,1.1641337386018236,20.6,3.5,6.8,0.6,0.3,2.7,0.415,0.308,0.778,31.2,0.9326923076923078,14.5,4.3,2.1,0.6,0.2,1.5,0.486,0.424,0.719,30.8,0.6558441558441559,18.7,4.2,4.4,1.2,0.2,2.6,0.425,0.364,0.711,29.6,0.8817567567567566,12.1,6.0,1.8,0.9,0.4,2.0,0.376,0.339,0.798,29.0,0.6620689655172414,10.3,3.5,2.5,0.8,0.5,1.0,0.378,0.329,0.805,27.9,0.5949820788530467,11.1,9.6,1.6,0.6,1.3,1.1,0.649,0.0,0.633,26.5,0.8716981132075472,8.3,10.0,1.9,0.3,0.9,1.3,0.666,0.0,0.68,22.0,0.9136363636363636
2019-20,CHA,1610612766,0,Missed Playoffs,0.354,102.9,42.8,23.8,6.6,4.1,14.6,0.434,0.352,0.748,-6.8,23.0,42.0,103.9,110.7,-6.8,98.1,0.4778,0.75,18.2,3.4,7.5,1.0,0.2,2.9,0.382,0.373,0.82,35.1,0.7806267806267806,18.0,4.4,4.1,1.0,0.2,2.2,0.423,0.407,0.874,34.4,0.7412790697674418,13.0,5.6,1.8,0.6,0.7,1.5,0.424,0.33,0.809,30.7,0.6579804560260587,12.2,5.4,2.1,0.9,0.8,1.6,0.455,0.374,0.647,30.3,0.6534653465346535,11.1,7.1,1.5,0.7,0.4,1.3,0.524,0.24,0.682,23.1,0.844155844155844,3.6,4.5,3.0,0.8,0.4,1.0,0.346,0.286,0.9,23.0,0.491304347826087,10.3,2.9,2.1,0.5,0.3,1.4,0.434,0.284,0.82,21.3,0.6901408450704226,7.4,5.8,0.9,0.2,0.9,0.9,0.543,0.0,0.603,19.4,0.7371134020618557
2019-20,CHI,1610612741,0,Missed Playoffs,0.338,106.8,41.9,23.2,10.0,4.1,15.5,0.447,0.348,0.755,-3.1,22.0,43.0,104.1,107.1,-3.0,102.2,0.4778,0.625,25.5,4.8,4.2,1.5,0.5,3.4,0.45,0.38,0.802,34.8,0.9511494252873564,14.7,6.3,1.5,0.8,0.5,1.6,0.425,0.344,0.824,29.8,0.7449664429530201,11.3,9.4,1.2,0.8,0.8,1.7,0.534,0.207,0.737,29.2,0.7465753424657536,9.9,3.9,5.4,1.2,0.1,2.0,0.43,0.322,0.876,28.9,0.6401384083044984,13.2,3.5,2.7,0.8,0.1,1.7,0.394,0.354,0.791,25.8,0.7209302325581396,7.3,3.6,3.4,2.0,0.3,1.3,0.444,0.259,0.741,24.9,0.6144578313253013,10.3,4.9,1.8,1.4,0.4,1.6,0.448,0.356,0.583,24.9,0.6907630522088352,11.9,3.4,1.8,1.1,0.4,0.8,0.443,0.387,0.704,23.6,0.7542372881355932
2019-20,CLE,1610612739,0,Missed Playoffs,0.292,106.9,44.2,23.1,6.9,3.2,16.5,0.458,0.351,0.758,-7.9,19.0,46.0,104.4,112.1,-7.7,101.6,0.4778,0.625,17.7,15.2,2.7,1.9,1.6,3.6,0.533,0.143,0.575,33.0,1.0757575757575757,20.8,3.1,3.0,1.0,0.1,2.4,0.472,0.38,0.846,33.0,0.7757575757575759,17.6,9.8,3.2,0.6,0.3,2.5,0.45,0.374,0.854,31.8,0.9119496855345912,12.3,1.9,3.9,0.7,0.1,2.6,0.401,0.355,0.875,30.9,0.5275080906148868,12.0,10.1,2.1,0.6,0.9,1.8,0.512,0.391,0.615,30.2,0.7913907284768212,11.0,3.6,2.4,0.8,0.2,1.4,0.437,0.383,0.67,29.4,0.5646258503401361,10.1,7.3,2.2,1.0,0.4,1.1,0.531,0.352,0.676,26.3,0.7566539923954371,10.0,3.2,2.2,0.9,0.3,1.9,0.442,0.335,0.723,23.2,0.6336206896551724
2019-20,DAL,1610612742,1,First Round Exit,0.573,117.0,46.9,24.7,6.1,4.8,12.7,0.461,0.367,0.779,4.9,43.0,32.0,113.7,108.9,4.8,101.9,0.5120666666666666,0.625,28.8,9.4,8.8,1.0,0.2,4.3,0.463,0.316,0.758,33.6,1.306547619047619,20.4,9.5,1.8,0.7,2.0,1.6,0.427,0.352,0.799,31.8,1.0314465408805031,9.5,5.7,1.6,0.6,0.5,1.0,0.466,0.376,0.722,29.9,0.5652173913043479,15.8,3.3,1.9,0.6,0.1,1.0,0.434,0.398,0.819,29.5,0.7016949152542374,9.4,5.7,1.5,0.9,0.6,0.9,0.638,0.256,0.667,26.5,0.649056603773585,9.1,5.2,1.2,0.3,1.1,0.8,0.461,0.373,0.849,25.5,0.6313725490196079,12.4,2.3,1.9,0.6,0.1,1.0,0.495,0.452,0.825,24.6,0.6626016260162602,6.9,3.8,3.3,1.2,0.3,1.0,0.462,0.37,0.77,21.5,0.6744186046511628
2019-20,DEN,1610612743,3,Conference Finals,0.63,111.3,44.1,26.7,8.0,4.6,13.8,0.473,0.359,0.777,2.1,46.0,27.0,110.1,108.0,2.1,99.8,0.5120666666666666,0.875,15.1,6.3,3.7,1.1,0.5,1.5,0.45,0.375,0.767,33.0,0.7636363636363637,18.5,4.0,4.8,1.1,0.3,2.2,0.456,0.346,0.881,32.3,0.8204334365325079,19.9,9.7,7.0,1.2,0.6,3.1,0.528,0.314,0.817,32.0,1.103125,10.4,2.9,2.1,1.4,0.3,1.1,0.42,0.333,0.815,31.8,0.5031446540880503,12.0,3.5,1.2,0.7,0.8,0.9,0.478,0.389,0.75,26.6,0.650375939849624,11.6,5.7,1.6,0.9,0.6,1.4,0.482,0.435,0.816,24.3,0.7818930041152264,9.0,1.9,3.5,0.8,0.2,0.7,0.459,0.378,0.843,22.4,0.6562500000000001,5.4,3.3,0.8,0.4,0.6,0.4,0.461,0.326,0.611,18.5,0.5459459459459459
2019-20,DET,1610612765,0,Missed Playoffs,0.303,107.2,41.7,24.1,7.4,4.5,15.3,0.459,0.367,0.743,-3.6,20.0,46.0,106.1,109.6,-3.5,100.3,0.4778,0.625,15.8,3.5,4.1,0.4,0.2,1.5,0.442,0.399,0.893,32.9,0.6838905775075987,15.5,4.7,3.3,0.4,0.4,2.2,0.352,0.243,0.776,28.5,0.775438596491228,8.9,4.7,4.0,1.1,0.5,1.7,0.443,0.344,0.739,28.2,0.620567375886525,8.0,1.9,2.2,0.5,0.3,0.5,0.445,0.402,1.0,27.8,0.4460431654676259,18.1,2.4,5.6,0.8,0.3,2.5,0.49,0.306,0.871,26.0,0.95,10.3,2.3,1.5,0.7,0.2,0.6,0.435,0.399,0.859,25.8,0.5581395348837209,9.0,1.9,1.9,0.7,0.1,1.1,0.41,0.404,0.814,22.6,0.5530973451327433,13.1,6.3,1.0,0.5,0.9,1.4,0.567,0.386,0.744,21.4,0.9532710280373832
2019-20,GSW,1610612744,0,Missed Playoffs,0.231,106.3,42.8,25.6,8.2,4.6,14.9,0.438,0.334,0.803,-8.7,15.0,50.0,102.9,111.3,-8.4,102.5,0.5120666666666666,0.375,21.8,5.1,3.7,0.8,1.0,2.4,0.447,0.332,0.709,34.4,0.872093023255814,11.0,3.3,1.1,0.3,0.1,0.7,0.388,0.308,0.75,29.1,0.5189003436426117,12.7,4.9,2.7,1.0,0.1,1.4,0.417,0.356,0.873,29.0,0.6896551724137933,8.0,6.2,6.2,1.4,0.8,2.3,0.389,0.279,0.759,28.4,0.7147887323943661,20.8,5.2,6.6,1.0,0.4,3.2,0.402,0.245,1.0,27.9,1.103942652329749,14.0,4.6,2.1,0.5,0.2,1.6,0.497,0.287,0.774,27.6,0.717391304347826,7.4,2.7,2.9,1.0,0.2,1.6,0.417,0.308,0.829,22.6,0.5575221238938053,8.8,2.1,2.4,0.6,0.2,1.3,0.333,0.279,0.798,22.3,0.5739910313901344
2019-20,HOU,1610612745,2,Second Round Exit,0.611,117.8,44.3,21.6,8.7,5.2,14.7,0.451,0.345,0.791,3.0,44.0,28.0,110.3,107.5,2.8,106.2,0.5120666666666666,0.625,34.3,6.6,7.5,1.8,0.9,4.5,0.444,0.355,0.865,36.5,1.2767123287671232,27.2,7.9,7.0,1.6,0.4,4.5,0.472,0.258,0.763,36.0,1.1,6.9,6.6,1.6,1.1,0.5,1.0,0.415,0.358,0.813,34.3,0.4577259475218659,12.4,6.6,1.3,1.6,1.3,1.5,0.422,0.335,0.798,30.5,0.7114754098360657,10.5,4.2,1.3,1.1,0.5,0.9,0.427,0.363,0.811,30.4,0.549342105263158,14.4,2.0,1.5,0.6,0.4,1.2,0.369,0.317,0.766,28.2,0.6276595744680851,8.8,2.6,1.7,0.7,0.1,0.7,0.421,0.356,0.703,23.4,0.5641025641025641,10.1,2.2,0.8,0.6,0.2,0.7,0.444,0.4,0.746,22.8,0.5789473684210527
2019-20,IND,1610612754,1,First Round Exit,0.616,109.4,42.8,25.9,7.4,5.2,13.2,0.476,0.363,0.787,2.0,45.0,28.0,107.9,106.0,1.9,100.8,0.4778,0.5,18.5,12.4,5.0,0.8,0.5,2.7,0.54,0.254,0.723,34.8,0.9913793103448276,19.8,4.2,1.5,1.2,0.5,1.3,0.536,0.403,0.819,32.9,0.7872340425531915,16.5,4.9,7.1,0.6,0.2,2.4,0.438,0.326,0.892,30.9,0.8705501618122978,12.1,6.6,1.2,0.7,2.1,1.4,0.457,0.344,0.751,29.4,0.7244897959183674,12.5,4.3,2.1,1.2,0.5,1.1,0.451,0.335,0.836,28.1,0.693950177935943,14.5,3.9,2.9,0.9,0.2,2.5,0.394,0.317,0.814,27.8,0.7158273381294962,8.3,3.3,1.3,1.2,0.6,0.6,0.428,0.405,0.791,25.0,0.5640000000000001,9.5,2.4,3.4,0.8,0.2,1.3,0.414,0.394,0.851,24.5,0.6122448979591837
2019-20,LAC,1610612746,2,Second Round Exit,0.681,116.3,47.7,23.7,7.1,4.7,14.6,0.466,0.371,0.791,6.4,49.0,23.0,111.1,104.9,6.2,104.2,0.5120666666666666,0.5,27.1,7.1,4.9,1.8,0.6,2.6,0.47,0.378,0.886,32.4,1.2006172839506173,16.7,5.0,1.4,0.8,0.5,1.6,0.438,0.408,0.823,31.2,0.7307692307692307,21.5,5.7,3.9,1.4,0.4,2.6,0.439,0.412,0.876,29.6,1.0236486486486485,18.2,3.1,5.6,0.7,0.2,2.8,0.418,0.352,0.861,28.7,0.8710801393728222,18.6,7.1,1.7,0.6,1.1,1.7,0.58,0.0,0.658,27.8,0.9856115107913672,9.3,1.9,1.9,0.4,0.2,0.8,0.404,0.375,0.855,27.4,0.4708029197080292,7.9,5.2,3.6,1.1,0.5,1.3,0.431,0.388,0.66,26.3,0.6463878326996199,11.9,3.0,4.1,0.4,0.2,1.6,0.411,0.393,0.833,24.0,0.7499999999999999
2019-20,LAL,1610612747,5,Champion,0.732,113.4,45.7,25.4,8.6,6.6,15.2,0.48,0.349,0.729,5.8,52.0,19.0,109.6,104.0,5.6,103.2,0.5120666666666666,0.375,25.3,7.8,10.2,1.2,0.5,3.9,0.493,0.348,0.693,34.6,1.1878612716763006,26.1,9.3,3.2,1.5,2.3,2.5,0.503,0.33,0.846,34.4,1.1598837209302328,9.3,2.1,1.6,0.8,0.2,0.9,0.467,0.385,0.775,25.5,0.5137254901960784,12.8,4.5,1.3,0.5,0.4,1.5,0.436,0.316,0.735,25.0,0.72,8.0,3.3,1.3,1.3,0.5,0.9,0.416,0.367,0.688,24.8,0.5443548387096775,8.6,2.3,1.3,0.9,0.1,1.0,0.444,0.364,0.833,24.2,0.5041322314049587,11.1,2.4,2.0,0.4,0.6,1.6,0.414,0.319,0.824,20.7,0.7198067632850242,9.7,3.8,1.3,0.5,0.3,1.3,0.443,0.386,0.776,20.5,0.6975609756097562
2019-20,MEM,1610612763,0,Missed Playoffs,0.466,112.6,46.5,26.9,7.9,5.5,15.2,0.468,0.347,0.763,-1.1,34.0,39.0,106.9,107.9,-1.0,105.1,0.5120666666666666,0.5,11.3,6.6,4.0,0.6,0.5,2.2,0.388,0.222,0.667,32.0,0.65,17.8,3.9,7.3,0.9,0.3,3.3,0.477,0.335,0.776,31.0,0.8677419354838709,16.2,3.3,2.1,0.9,0.4,1.7,0.407,0.358,0.808,28.9,0.7335640138408305,17.4,4.6,1.4,0.7,1.6,1.7,0.469,0.394,0.747,28.5,0.8421052631578947,14.9,11.3,1.9,0.4,1.1,1.8,0.585,0.352,0.74,26.4,1.0530303030303032,12.1,5.9,1.4,0.6,0.8,0.9,0.618,0.359,0.759,22.4,0.8883928571428573,5.8,4.3,2.4,0.8,0.6,1.0,0.474,0.282,0.667,19.8,0.6515151515151515,7.6,3.7,2.9,1.3,0.3,1.4,0.401,0.286,0.769,19.5,0.7384615384615386
2019-20,MIA,1610612748,4,Finals Loss,0.603,112.0,44.4,25.9,7.5,4.5,14.9,0.468,0.379,0.783,2.9,44.0,29.0,110.0,107.1,2.9,100.6,0.4778,0.5,19.9,6.7,6.0,1.8,0.6,2.2,0.455,0.244,0.834,33.8,0.9704142011834316,15.9,10.2,5.1,1.1,1.3,2.8,0.557,0.143,0.691,33.6,0.9166666666666666,13.5,3.2,1.4,0.5,0.3,1.0,0.47,0.446,0.931,29.7,0.6026936026936026,15.3,2.7,3.3,0.8,0.2,1.7,0.439,0.35,0.85,29.3,0.7030716723549488,10.5,5.9,2.5,1.1,0.4,1.1,0.401,0.343,0.776,28.8,0.6701388888888887,16.2,3.2,5.1,0.7,0.2,2.4,0.441,0.367,0.776,28.2,0.8156028368794327,13.5,4.1,2.2,0.6,0.2,1.6,0.428,0.389,0.87,27.4,0.6934306569343066,8.5,3.9,1.1,1.0,0.6,0.5,0.527,0.28,0.772,23.3,0.6266094420600858
2019-20,MIL,1610612749,2,Second Round Exit,0.767,118.7,51.7,25.9,7.2,5.9,15.1,0.476,0.355,0.742,10.1,56.0,17.0,110.5,101.1,9.4,107.0,0.4778,0.75,29.5,13.6,5.6,1.0,1.0,3.7,0.553,0.304,0.633,30.4,1.5460526315789471,20.9,6.2,4.3,0.9,0.1,2.2,0.497,0.415,0.916,29.9,1.0100334448160535,14.9,4.6,5.4,0.9,0.4,2.4,0.475,0.344,0.79,27.0,0.8814814814814814,12.0,4.6,1.5,0.7,2.4,1.0,0.435,0.314,0.836,26.7,0.7565543071161048,7.4,2.5,1.4,0.6,0.1,0.6,0.396,0.364,0.765,24.4,0.4672131147540984,9.2,4.8,2.3,1.3,0.3,1.4,0.455,0.336,0.733,23.0,0.7173913043478263,9.4,3.0,3.1,0.8,0.1,1.0,0.516,0.46,0.842,21.5,0.7162790697674419,5.9,3.2,1.0,0.6,0.5,0.6,0.446,0.359,0.86,19.5,0.5435897435897437
2019-20,MIN,1610612750,0,Missed Playoffs,0.297,113.3,44.8,23.8,8.7,5.7,15.3,0.441,0.336,0.753,-4.3,19.0,45.0,105.3,109.3,-4.0,106.2,0.5120666666666666,0.25,26.5,10.8,4.4,0.9,1.2,3.1,0.508,0.412,0.796,33.9,1.2005899705014749,23.1,3.9,6.3,1.1,0.3,3.3,0.426,0.367,0.809,32.3,0.9721362229102166,8.6,4.3,1.6,1.1,0.4,1.4,0.427,0.266,0.796,25.0,0.584,9.2,3.4,1.7,0.9,0.6,1.3,0.404,0.299,0.462,23.9,0.606694560669456,9.1,2.5,0.7,0.7,0.4,1.0,0.453,0.333,0.75,22.0,0.5636363636363636,11.2,2.7,1.4,0.7,0.1,1.0,0.425,0.388,0.818,22.0,0.6863636363636363,7.6,1.6,4.2,1.1,0.1,1.0,0.489,0.382,0.667,19.7,0.6903553299492385,8.4,3.7,2.3,0.8,1.0,1.5,0.479,0.363,0.646,19.4,0.7577319587628868
2019-20,NOP,1610612740,0,Missed Playoffs,0.417,115.8,46.5,26.8,7.5,5.0,16.4,0.465,0.37,0.729,-1.3,30.0,42.0,108.0,109.2,-1.2,106.4,0.5120666666666666,0.25,19.1,4.8,6.7,1.6,0.8,3.0,0.455,0.353,0.709,34.7,0.8645533141210374,23.8,6.1,4.2,1.0,0.6,3.0,0.463,0.391,0.851,33.9,0.9646017699115046,11.8,6.1,7.0,1.4,0.6,3.1,0.403,0.375,0.566,32.1,0.7414330218068534,22.5,6.3,2.1,0.7,0.4,2.5,0.583,0.429,0.64,27.8,1.0611510791366907,10.1,6.5,1.7,1.0,0.4,1.2,0.423,0.342,0.739,27.0,0.6851851851851852,15.3,2.5,2.0,0.3,0.2,1.3,0.453,0.453,0.892,26.3,0.7224334600760456,9.0,9.8,1.6,0.6,0.9,1.1,0.617,0.143,0.563,24.4,0.8524590163934427,3.5,4.8,1.5,0.7,0.5,0.6,0.347,0.258,0.346,21.3,0.488262910798122
2019-20,NYK,1610612752,0,Missed Playoffs,0.318,105.8,46.5,22.1,7.6,4.7,14.3,0.447,0.337,0.694,-6.5,21.0,45.0,103.8,110.1,-6.3,101.2,0.4778,0.25,19.5,9.7,3.1,0.8,0.3,3.0,0.46,0.277,0.733,32.5,0.9353846153846151,14.3,5.0,2.6,1.0,0.3,2.2,0.402,0.32,0.614,30.4,0.6907894736842107,10.0,4.7,7.2,1.6,0.4,2.1,0.439,0.203,0.57,27.7,0.7870036101083032,8.1,2.3,1.4,0.9,0.1,0.7,0.402,0.333,0.81,23.6,0.5127118644067796,9.7,7.0,0.6,0.9,2.0,0.6,0.742,0.0,0.568,23.2,0.8448275862068965,5.8,3.9,1.1,0.9,0.5,0.9,0.502,0.347,0.591,23.0,0.4913043478260869,10.1,5.1,1.5,0.5,0.3,1.1,0.45,0.358,0.763,21.1,0.7772511848341231,6.3,2.1,3.0,0.9,0.3,1.2,0.393,0.321,0.864,20.8,0.5480769230769231
2019-20,OKC,1610612760,1,First Round Exit,0.611,110.4,42.9,21.7,7.6,4.9,13.7,0.468,0.355,0.796,2.0,44.0,28.0,108.4,106.4,1.9,101.0,0.5120666666666666,0.5,19.0,5.9,3.3,1.1,0.7,1.9,0.471,0.347,0.807,34.7,0.8097982708933718,17.6,5.0,6.7,1.6,0.2,2.3,0.489,0.365,0.907,31.5,0.9142857142857144,18.9,3.6,4.0,0.7,0.2,2.6,0.469,0.385,0.839,30.8,0.8051948051948051,18.7,5.2,1.9,0.7,0.1,1.2,0.438,0.405,0.893,29.6,0.858108108108108,10.9,9.3,2.3,0.8,1.1,1.5,0.592,0.333,0.582,26.7,0.857677902621723,6.8,2.3,0.8,0.9,0.1,0.6,0.394,0.297,0.792,22.8,0.4517543859649123,3.9,1.3,0.9,0.5,0.3,0.6,0.355,0.292,0.75,22.5,0.28,6.9,3.6,0.8,0.8,0.2,1.1,0.446,0.281,0.603,19.5,0.5743589743589744
2019-20,ORL,1610612753,1,First Round Exit,0.452,107.3,44.5,23.9,8.2,5.4,12.8,0.444,0.343,0.774,-1.0,33.0,40.0,106.1,107.1,-1.0,100.8,0.4778,0.875,14.4,7.7,3.7,0.8,0.6,1.6,0.437,0.308,0.674,32.5,0.7876923076923077,19.6,10.9,3.6,0.9,0.8,1.4,0.477,0.339,0.784,32.2,1.0683229813664594,18.5,2.6,3.2,1.1,0.2,1.9,0.467,0.399,0.818,31.4,0.7547770700636944,11.9,6.8,1.4,1.6,2.3,1.4,0.47,0.34,0.779,28.8,0.7847222222222222,12.1,3.3,5.1,1.3,0.2,2.0,0.465,0.267,0.73,27.7,0.7220216606498195,14.7,3.2,1.2,1.1,0.3,1.0,0.403,0.351,0.853,27.4,0.7116788321167884,10.5,2.1,4.6,0.6,0.0,1.5,0.399,0.348,0.89,24.9,0.6546184738955824,4.3,4.8,1.2,1.0,0.4,0.9,0.291,0.25,0.655,21.1,0.5118483412322274
2019-20,PHI,1610612755,1,First Round Exit,0.589,110.7,45.4,25.8,8.0,5.3,14.2,0.468,0.368,0.755,2.4,43.0,30.0,109.1,106.7,2.3,101.1,0.4778,0.5,16.4,7.8,8.0,2.1,0.6,3.5,0.58,0.286,0.621,35.4,0.8870056497175143,19.6,6.9,3.2,0.7,0.6,1.4,0.471,0.367,0.806,34.3,0.8629737609329448,13.7,3.2,2.9,0.9,0.7,1.9,0.43,0.341,0.809,30.8,0.633116883116883,11.9,6.8,4.0,0.8,0.9,1.2,0.45,0.35,0.763,30.2,0.7682119205298014,23.0,11.6,3.0,0.9,1.3,3.1,0.477,0.331,0.807,29.5,1.2440677966101694,11.7,4.4,1.5,0.9,0.3,0.9,0.486,0.391,0.86,28.8,0.6215277777777778,15.0,4.3,2.9,0.9,0.3,1.4,0.418,0.385,0.887,26.6,0.8270676691729323,9.8,2.3,1.1,0.6,0.2,0.8,0.43,0.402,0.755,21.7,0.6082949308755761
2019-20,PHX,1610612756,0,Missed Playoffs,0.466,113.6,43.5,27.2,7.7,4.0,14.8,0.468,0.358,0.834,0.2,34.0,39.0,109.7,109.5,0.2,103.1,0.5120666666666666,0.5,26.6,4.2,6.5,0.7,0.3,3.8,0.489,0.354,0.919,35.9,0.9610027855153204,18.7,6.4,1.5,1.3,0.7,1.5,0.452,0.352,0.78,34.5,0.7855072463768117,18.2,11.5,1.9,0.7,1.5,2.1,0.546,0.231,0.753,32.5,0.9753846153846152,13.0,4.7,8.8,1.4,0.2,2.7,0.415,0.361,0.863,31.0,0.8193548387096774,9.1,4.0,1.8,1.4,0.6,1.0,0.51,0.361,0.844,28.0,0.567857142857143,10.7,6.2,1.9,0.6,0.2,1.3,0.476,0.357,0.844,24.7,0.7408906882591092,10.9,3.9,3.0,1.0,0.3,1.4,0.485,0.517,0.857,22.9,0.7729257641921399,11.5,5.6,1.6,0.2,0.5,1.2,0.48,0.351,0.747,22.2,0.81981981981982
2019-20,POR,1610612757,1,First Round Exit,0.473,115.0,45.3,20.6,6.3,6.1,12.8,0.463,0.377,0.804,-1.1,35.0,39.0,111.1,112.2,-1.1,103.1,0.5120666666666666,0.625,30.0,4.3,8.0,1.1,0.3,2.9,0.463,0.401,0.888,37.5,1.088,22.2,4.2,4.4,0.8,0.6,1.8,0.451,0.379,0.757,36.5,0.832876712328767,15.4,6.3,1.5,0.8,0.5,1.7,0.43,0.385,0.845,32.8,0.6951219512195123,17.6,10.3,4.0,1.4,2.0,2.4,0.495,0.2,0.886,31.6,1.0411392405063291,15.5,13.5,1.2,0.4,2.9,1.8,0.621,0.571,0.686,30.0,1.0566666666666666,11.0,3.4,1.5,0.8,0.2,0.9,0.506,0.493,0.778,29.5,0.5423728813559321,8.0,4.6,1.7,1.3,0.3,1.1,0.438,0.372,0.838,28.2,0.5248226950354611,7.0,6.3,1.5,0.5,0.5,1.3,0.471,0.368,0.75,26.4,0.5492424242424243
2019-20,SAC,1610612758,0,Missed Playoffs,0.431,110.1,42.6,23.8,7.7,4.1,14.5,0.462,0.364,0.77,-2.0,31.0,41.0,107.8,109.8,-2.0,101.1,0.5120666666666666,0.75,14.5,4.9,2.2,0.6,0.2,1.2,0.46,0.381,0.801,34.5,0.6144927536231883,21.1,3.8,6.8,1.5,0.5,3.1,0.48,0.292,0.705,32.0,0.95625,19.2,4.6,3.0,0.9,0.2,2.3,0.429,0.394,0.846,30.8,0.831168831168831,15.1,3.4,3.4,1.0,0.2,1.7,0.44,0.372,0.741,28.9,0.740484429065744,12.3,8.1,1.0,0.9,1.3,1.2,0.648,0.0,0.788,28.2,0.7943262411347517,11.5,6.4,2.8,0.9,0.6,1.4,0.481,0.419,0.821,27.9,0.7455197132616488,14.2,7.5,0.8,0.5,0.9,1.4,0.467,0.182,0.806,25.7,0.8754863813229572,8.8,4.3,1.4,1.1,0.6,1.3,0.375,0.344,0.769,24.8,0.6008064516129032
2019-20,SAS,1610612759,0,Missed Playoffs,0.451,114.1,44.6,24.7,7.3,5.5,12.6,0.472,0.376,0.81,-1.1,32.0,39.0,110.4,111.4,-1.1,102.3,0.5120666666666666,0.75,22.1,5.5,5.6,1.0,0.3,2.4,0.531,0.257,0.845,34.1,0.9413489736070382,18.9,7.4,2.4,0.7,1.6,1.4,0.493,0.389,0.827,33.1,0.8942598187311177,10.9,5.8,4.1,1.7,0.3,1.9,0.462,0.369,0.798,25.6,0.8164062499999999,11.2,2.0,1.7,0.5,0.0,0.9,0.417,0.388,0.833,25.1,0.5776892430278884,11.3,3.3,3.5,0.6,0.9,1.3,0.458,0.366,0.853,24.7,0.7408906882591093,11.6,1.6,1.8,0.8,0.1,0.8,0.431,0.382,0.866,22.5,0.6711111111111111,10.8,5.4,1.7,0.5,0.5,1.3,0.446,0.336,0.882,21.8,0.8073394495412844,6.4,5.7,1.1,0.4,0.4,0.6,0.446,0.387,0.733,20.2,0.6633663366336635
2019-20,TOR,1610612761,2,Second Round Exit,0.736,112.8,45.4,25.2,8.8,5.0,14.8,0.458,0.374,0.796,6.2,53.0,19.0,109.0,103.0,6.0,102.8,0.4778,1.0,19.4,5.0,7.5,1.4,0.4,3.1,0.416,0.352,0.857,36.2,0.8453038674033146,17.6,3.8,6.6,1.9,0.3,2.2,0.413,0.39,0.848,35.7,0.7843137254901961,22.9,7.3,3.5,1.0,0.9,2.5,0.453,0.359,0.792,35.2,0.9403409090909092,10.6,5.3,1.6,1.4,0.7,1.1,0.505,0.39,0.706,29.9,0.6187290969899665,16.0,3.7,1.8,1.2,0.4,1.5,0.495,0.399,0.843,28.4,0.7605633802816901,15.4,8.2,1.4,0.5,0.8,2.0,0.512,0.385,0.718,27.0,0.9,7.5,6.3,3.3,0.8,0.9,1.3,0.427,0.385,0.735,26.4,0.662878787878788,4.6,2.3,2.1,1.1,0.1,0.8,0.414,0.324,0.722,24.5,0.383673469387755
2019-20,UTA,1610612762,1,First Round Exit,0.611,111.3,44.9,22.4,6.1,4.1,15.1,0.471,0.38,0.779,2.5,44.0,28.0,110.0,107.5,2.4,100.7,0.5120666666666666,0.5,24.0,4.4,4.3,1.0,0.2,2.7,0.449,0.366,0.863,34.3,0.9096209912536444,15.1,13.5,1.5,0.8,2.0,1.9,0.693,0.0,0.63,34.3,0.9037900874635572,20.2,4.1,2.1,0.5,0.1,2.5,0.447,0.414,0.903,33.1,0.7401812688821752,9.8,3.9,5.2,0.9,0.2,2.0,0.445,0.399,0.787,29.7,0.6060606060606061,14.4,3.2,4.4,0.8,0.1,2.0,0.409,0.375,0.827,29.0,0.7206896551724139,6.3,5.5,2.5,0.8,0.5,0.9,0.433,0.377,0.764,28.9,0.5086505190311419,15.2,2.6,1.9,0.6,0.2,1.4,0.454,0.368,0.836,24.0,0.7958333333333334,7.3,2.3,2.1,0.4,0.2,1.4,0.462,0.345,0.759,15.7,0.6942675159235668
2019-20,WAS,1610612764,0,Missed Playoffs,0.347,114.4,42.0,25.0,8.0,4.3,14.2,0.457,0.368,0.788,-4.7,25.0,47.0,108.2,112.7,-4.4,105.2,0.4778,0.375,30.5,4.2,6.1,1.2,0.4,3.4,0.455,0.353,0.842,36.0,1.0833333333333337,13.5,6.1,1.8,0.8,0.2,1.1,0.466,0.287,0.829,30.1,0.707641196013289,15.4,4.5,1.7,0.7,0.6,1.1,0.434,0.424,0.852,29.3,0.7440273037542661,10.9,3.2,4.9,0.9,0.4,1.4,0.447,0.367,0.721,26.3,0.7186311787072243,10.4,5.6,2.6,1.2,0.1,1.1,0.439,0.341,0.784,25.8,0.7286821705426356,13.2,7.2,1.8,0.5,1.1,1.2,0.581,0.407,0.741,24.9,0.9076305220883536,10.3,2.8,4.7,1.2,0.2,2.3,0.412,0.317,0.824,24.0,0.7041666666666666,12.2,1.7,3.7,0.3,0.2,1.9,0.408,0.413,0.816,23.1,0.7012987012987012
2020-21,ATL,1610612737,3,Conference Finals,0.569,113.7,45.6,24.1,7.0,4.8,13.2,0.468,0.373,0.812,2.3,41.0,31.0,113.0,110.7,2.3,99.9,0.4843333333333334,0.75,25.3,3.9,9.4,0.8,0.2,4.1,0.438,0.343,0.886,33.7,1.0534124629080115,11.9,3.3,3.5,1.2,0.3,1.1,0.432,0.363,0.781,30.8,0.6201298701298701,15.2,14.3,0.8,0.7,2.0,1.2,0.594,0.0,0.573,30.1,1.0564784053156149,16.4,3.6,3.3,1.1,0.3,1.2,0.473,0.438,0.909,29.7,0.7912457912457914,15.0,4.8,1.9,0.8,0.5,1.3,0.484,0.326,0.859,29.5,0.735593220338983,17.6,7.4,1.2,0.5,1.0,1.3,0.556,0.399,0.833,29.3,0.9010238907849828,11.2,4.0,1.3,1.3,0.3,1.3,0.365,0.262,0.817,28.9,0.5813148788927336,13.3,4.1,1.5,0.6,0.2,0.8,0.434,0.406,0.925,24.0,0.7875
2020-21,BOS,1610612738,1,First Round Exit,0.5,112.6,44.3,23.5,7.7,5.3,14.1,0.466,0.374,0.775,1.5,36.0,36.0,111.0,109.6,1.4,100.9,0.4843333333333334,0.375,26.4,7.4,4.3,1.2,0.5,2.7,0.459,0.386,0.868,35.8,1.036312849162011,24.7,6.0,3.4,1.2,0.6,2.7,0.484,0.397,0.764,34.5,0.9623188405797102,13.1,3.5,5.7,1.5,0.5,2.0,0.398,0.33,0.79,32.9,0.6778115501519757,17.1,3.0,3.4,1.1,0.5,1.7,0.457,0.413,0.788,30.0,0.78,14.2,6.7,3.4,0.9,0.9,1.0,0.45,0.368,0.818,27.9,0.8996415770609317,7.6,8.1,1.2,0.4,0.6,1.1,0.518,0.0,0.592,23.8,0.7058823529411763,8.6,8.9,0.2,0.7,1.1,1.0,0.545,0.0,0.619,21.4,0.8644859813084113,7.7,2.4,1.8,0.6,0.1,0.8,0.44,0.411,0.889,19.2,0.6145833333333333
2020-21,BKN,1610612751,2,Second Round Exit,0.667,118.6,44.4,26.8,6.7,5.3,13.5,0.494,0.392,0.804,4.5,48.0,24.0,116.3,111.9,4.4,101.2,0.4843333333333334,0.25,24.6,7.9,10.8,1.2,0.8,4.0,0.466,0.362,0.861,36.6,1.128415300546448,26.9,4.8,6.0,1.4,0.7,2.4,0.506,0.402,0.922,34.9,1.07163323782235,26.9,7.1,5.6,0.7,1.3,3.4,0.537,0.45,0.882,33.1,1.1540785498489423,14.1,3.6,1.9,0.7,0.2,0.9,0.505,0.475,0.778,31.0,0.632258064516129,11.0,3.9,1.6,0.5,0.4,0.8,0.492,0.412,0.776,27.0,0.6148148148148147,13.5,4.5,1.9,0.4,1.1,1.0,0.473,0.388,0.872,25.9,0.7876447876447876,11.0,4.9,3.0,0.7,0.3,1.3,0.423,0.341,0.744,25.8,0.7209302325581395,9.3,1.8,1.6,0.5,0.2,0.8,0.408,0.387,0.846,23.0,0.5478260869565217
2020-21,CHA,1610612766,0,Missed Playoffs,0.458,109.5,43.8,26.8,7.8,4.8,14.8,0.455,0.369,0.761,-1.9,33.0,39.0,108.1,110.0,-1.9,100.9,0.4843333333333334,0.75,20.4,4.4,4.2,1.3,0.4,1.9,0.45,0.389,0.817,34.5,0.8347826086956521,19.6,5.9,4.1,1.2,0.3,2.1,0.473,0.415,0.843,34.0,0.8529411764705882,12.9,6.5,2.5,1.1,1.2,2.0,0.44,0.386,0.745,30.5,0.7278688524590163,14.8,2.7,5.4,0.9,0.1,1.5,0.377,0.375,0.842,30.2,0.7417218543046358,12.7,6.0,2.2,0.7,0.8,1.6,0.503,0.4,0.867,29.3,0.7098976109215016,15.7,5.9,6.1,1.6,0.4,2.8,0.436,0.352,0.758,28.8,0.9340277777777778,9.4,6.8,1.8,0.6,0.4,1.1,0.559,0.143,0.714,20.9,0.8564593301435407,11.7,2.4,2.1,0.5,0.1,1.3,0.434,0.401,0.819,20.9,0.7416267942583733
2020-21,CHI,1610612741,0,Missed Playoffs,0.431,110.7,45.0,26.8,6.7,4.2,15.1,0.476,0.37,0.791,-0.9,31.0,41.0,108.7,109.6,-0.9,101.2,0.4843333333333334,0.5,27.4,5.0,4.9,0.8,0.5,3.5,0.507,0.419,0.849,35.1,0.9999999999999998,23.4,11.7,3.8,0.9,0.7,1.8,0.477,0.4,0.84,33.5,1.1552238805970148,15.1,4.1,4.8,0.6,0.2,2.3,0.416,0.359,0.901,31.2,0.7211538461538461,9.2,4.6,1.4,0.9,0.6,1.4,0.483,0.391,0.728,27.9,0.5483870967741935,7.6,2.9,2.2,0.8,0.5,1.0,0.415,0.335,0.8,27.3,0.4761904761904761,13.6,5.3,0.9,0.5,0.3,1.0,0.48,0.402,0.826,25.8,0.7596899224806201,9.6,5.5,1.7,0.6,0.9,1.0,0.541,0.322,0.673,24.6,0.7032520325203252,12.1,6.2,4.3,1.1,0.6,2.0,0.559,0.267,0.628,24.3,0.917695473251029
2020-21,CLE,1610612739,0,Missed Playoffs,0.306,103.8,42.8,23.8,7.8,4.5,15.5,0.45,0.336,0.743,-8.4,22.0,50.0,103.1,111.5,-8.4,99.8,0.4843333333333334,0.625,24.3,3.1,4.4,1.0,0.2,2.8,0.475,0.371,0.815,35.3,0.8555240793201135,17.4,2.4,6.1,1.2,0.1,3.0,0.451,0.395,0.848,33.1,0.7311178247734138,9.6,3.1,1.9,0.9,0.4,1.3,0.42,0.29,0.726,32.4,0.4506172839506173,9.3,6.7,3.1,1.7,0.5,1.6,0.471,0.36,0.612,31.2,0.6314102564102564,12.8,10.0,1.7,0.5,1.4,1.6,0.618,0.316,0.703,29.6,0.8378378378378377,10.4,3.4,2.9,0.9,0.2,1.4,0.374,0.306,0.8,25.6,0.6406249999999999,12.2,7.4,2.5,0.6,0.1,1.5,0.409,0.365,0.824,24.9,0.8554216867469882,9.5,3.5,1.9,0.7,0.6,1.1,0.401,0.4,0.855,22.1,0.6832579185520361
2020-21,DAL,1610612742,1,First Round Exit,0.583,112.4,43.3,22.9,6.3,4.3,12.1,0.47,0.362,0.778,2.3,42.0,30.0,112.9,110.6,2.3,99.4,0.5157333333333334,0.875,27.7,8.0,8.6,1.0,0.5,4.3,0.479,0.35,0.73,34.3,1.209912536443149,9.8,5.4,1.7,0.9,0.4,0.8,0.472,0.394,0.756,32.0,0.54375,20.1,8.9,1.6,0.5,1.3,1.2,0.476,0.376,0.855,30.9,1.0097087378640777,12.1,3.3,2.6,1.0,0.4,1.3,0.427,0.33,0.917,30.3,0.5973597359735973,16.6,3.3,1.8,0.4,0.2,0.9,0.447,0.391,0.816,28.4,0.7535211267605635,7.1,5.2,1.4,0.5,0.7,0.6,0.422,0.41,0.919,26.8,0.5335820895522388,12.6,3.4,3.5,0.5,0.0,1.2,0.523,0.405,0.795,25.0,0.752,5.3,4.5,0.7,0.4,0.8,0.5,0.632,0.091,0.628,17.1,0.6549707602339181
2020-21,DEN,1610612743,2,Second Round Exit,0.653,115.1,44.4,26.8,8.1,4.5,13.5,0.485,0.377,0.803,4.9,47.0,25.0,114.2,109.3,4.9,99.6,0.5157333333333334,0.625,21.2,4.0,4.8,1.3,0.3,2.3,0.477,0.408,0.869,35.5,0.8253521126760563,26.4,10.8,8.3,1.3,0.7,3.1,0.566,0.388,0.868,34.6,1.283236994219653,19.0,7.3,1.1,0.7,0.9,1.3,0.542,0.445,0.791,31.3,0.8849840255591054,12.7,4.0,3.2,0.9,0.4,1.7,0.426,0.381,0.785,31.0,0.629032258064516,12.4,5.7,3.2,0.7,0.7,1.9,0.463,0.335,0.651,27.7,0.7509025270758123,10.2,2.0,3.2,0.7,0.3,0.7,0.481,0.381,0.795,25.5,0.6156862745098038,7.9,2.3,2.3,0.8,0.1,1.0,0.424,0.369,0.71,23.5,0.5276595744680851,6.1,2.1,3.6,1.2,0.2,1.1,0.381,0.352,0.879,21.9,0.5525114155251141
2020-21,DET,1610612765,0,Missed Playoffs,0.278,106.6,42.7,24.2,7.4,5.2,14.9,0.452,0.351,0.759,-4.5,20.0,52.0,105.4,109.8,-4.4,100.3,0.4843333333333334,0.0,22.3,4.6,2.8,0.6,1.1,2.0,0.429,0.35,0.845,33.9,0.8672566371681417,12.2,4.5,1.4,0.7,0.2,0.9,0.404,0.38,0.844,27.3,0.6630036630036629,10.4,9.3,3.6,0.8,0.9,1.9,0.614,0.0,0.669,26.8,0.8619402985074629,6.8,2.7,5.3,1.0,0.4,3.2,0.353,0.278,0.824,25.8,0.5038759689922481,13.4,4.1,2.3,0.9,0.8,2.3,0.419,0.3,0.729,25.2,0.7619047619047619,11.6,5.2,1.9,0.8,0.5,1.5,0.477,0.341,0.64,23.6,0.7838983050847457,8.2,2.5,3.4,1.0,0.3,1.3,0.469,0.341,0.818,23.0,0.6130434782608696,9.6,1.8,1.5,0.4,0.2,0.7,0.441,0.422,0.8,22.0,0.5818181818181819
2020-21,GSW,1610612744,0,Missed Playoffs,0.542,113.7,43.0,27.7,8.2,4.8,15.0,0.468,0.376,0.785,1.1,39.0,33.0,108.8,107.8,1.0,104.3,0.5157333333333334,0.625,32.0,5.5,5.8,1.2,0.1,3.4,0.482,0.421,0.916,34.2,1.2046783625730997,18.6,4.9,2.4,0.9,1.0,1.8,0.477,0.38,0.714,33.3,0.7807807807807807,7.0,7.1,8.9,1.7,0.8,3.0,0.447,0.27,0.795,31.5,0.7142857142857143,15.4,6.0,1.3,1.0,0.8,1.3,0.439,0.316,0.695,30.7,0.755700325732899,11.5,5.8,0.7,0.3,0.9,1.5,0.519,0.316,0.628,21.4,0.8271028037383178,5.7,4.4,2.8,0.8,0.5,1.2,0.579,0.402,0.71,20.9,0.6220095693779907,7.2,3.4,1.6,1.0,0.5,1.2,0.449,0.408,0.692,19.9,0.628140703517588,12.0,1.8,1.9,0.5,0.2,1.0,0.432,0.351,0.882,19.4,0.7938144329896909
2020-21,HOU,1610612745,0,Missed Playoffs,0.236,108.8,42.6,23.6,7.6,5.0,14.7,0.444,0.339,0.74,-7.9,17.0,55.0,104.9,112.5,-7.6,103.6,0.5157333333333334,0.125,21.0,9.6,1.7,0.8,1.2,2.0,0.514,0.374,0.631,32.3,1.0000000000000002,20.6,3.2,6.9,1.1,0.8,3.5,0.404,0.317,0.749,32.2,0.903726708074534,16.6,3.8,6.3,0.7,0.3,3.5,0.425,0.311,0.734,32.1,0.7538940809968848,16.4,3.6,5.0,1.8,1.2,1.2,0.485,0.333,1.0,30.6,0.8758169934640523,11.3,5.3,2.5,1.2,0.5,1.4,0.506,0.308,0.694,29.2,0.6643835616438357,17.8,2.1,2.6,0.5,0.5,1.9,0.433,0.329,0.825,29.2,0.7397260273972605,13.5,7.0,2.9,1.1,0.6,1.8,0.484,0.342,0.829,28.5,0.8175438596491228,11.2,3.4,1.5,0.6,0.3,1.1,0.406,0.382,0.583,26.0,0.6115384615384617
2020-21,IND,1610612754,0,Missed Playoffs,0.472,115.3,42.7,27.4,8.5,6.4,13.5,0.474,0.364,0.792,0.0,34.0,38.0,109.9,110.0,0.0,103.8,0.4843333333333334,0.75,20.3,12.0,6.7,1.2,0.5,3.4,0.535,0.321,0.732,36.0,1.0361111111111112,21.2,5.3,5.9,0.9,0.3,2.1,0.453,0.388,0.864,34.5,0.9130434782608694,20.2,4.6,5.2,1.4,0.6,2.2,0.441,0.326,0.811,31.6,0.9430379746835442,12.6,6.5,1.0,0.9,3.4,1.4,0.477,0.335,0.782,31.0,0.7419354838709677,10.5,3.6,1.7,1.0,0.6,0.8,0.413,0.382,0.788,30.3,0.5478547854785478,15.5,3.5,1.3,0.5,0.0,1.0,0.529,0.0,0.8,29.3,0.6757679180887373,8.6,3.7,6.6,1.9,0.3,2.0,0.559,0.313,0.688,26.0,0.7346153846153846,10.9,5.5,0.9,0.9,1.0,0.5,0.483,0.423,0.769,24.7,0.7570850202429148
2020-21,LAC,1610612746,3,Conference Finals,0.653,114.0,44.2,24.4,7.1,4.1,13.2,0.482,0.411,0.839,6.2,47.0,25.0,115.2,109.0,6.2,98.9,0.5157333333333334,0.75,24.8,6.5,5.2,1.6,0.4,2.0,0.512,0.398,0.885,34.1,1.0703812316715542,23.3,6.6,5.2,1.1,0.4,3.3,0.467,0.411,0.868,33.7,0.9881305637982196,8.1,4.7,2.2,1.0,0.6,0.8,0.464,0.404,0.828,27.4,0.5766423357664234,13.4,4.1,1.0,0.6,0.3,1.0,0.473,0.473,0.82,26.3,0.699619771863118,11.1,6.7,1.8,0.2,1.1,1.1,0.51,0.339,0.811,23.3,0.8497854077253219,10.7,2.9,3.1,0.6,0.1,1.1,0.45,0.433,0.817,23.0,0.7086956521739131,7.5,3.2,2.1,0.8,0.8,0.9,0.423,0.397,0.8,22.5,0.6,9.0,7.2,1.3,0.3,0.9,1.1,0.652,0.25,0.789,22.3,0.7892376681614348
2020-21,LAL,1610612747,1,First Round Exit,0.583,109.5,44.2,24.7,7.8,5.4,15.2,0.472,0.354,0.739,2.8,42.0,30.0,107.5,104.8,2.7,100.9,0.5157333333333334,0.625,25.0,7.7,7.8,1.1,0.6,3.7,0.513,0.365,0.698,33.4,1.1526946107784433,21.8,7.9,3.1,1.3,1.6,2.1,0.491,0.26,0.738,32.3,1.040247678018576,15.4,3.5,5.8,1.1,0.2,2.7,0.437,0.335,0.848,32.1,0.7258566978193146,12.9,6.1,1.9,0.5,0.6,1.7,0.443,0.361,0.691,28.7,0.7073170731707318,9.7,2.7,1.9,0.9,0.4,1.0,0.431,0.41,0.866,28.4,0.5140845070422535,14.9,12.0,2.0,1.4,1.1,2.7,0.493,0.0,0.6,27.0,1.0629629629629629,13.5,6.2,1.1,0.7,0.7,1.1,0.622,0.0,0.707,22.9,0.9213973799126636,6.4,2.9,2.8,1.1,0.3,1.3,0.436,0.401,0.645,21.0,0.580952380952381
2020-21,MEM,1610612763,1,First Round Exit,0.528,113.3,46.5,26.9,9.1,5.1,13.3,0.467,0.356,0.771,1.0,38.0,34.0,109.7,108.7,1.0,102.6,0.5157333333333334,0.875,19.1,4.0,7.4,0.9,0.2,3.2,0.449,0.303,0.728,32.6,0.8711656441717791,17.2,2.9,2.3,1.2,0.4,1.8,0.419,0.344,0.815,29.8,0.74496644295302,17.1,12.5,1.8,0.6,0.9,1.6,0.592,0.368,0.773,28.3,1.106007067137809,12.4,5.7,3.6,1.2,0.8,1.2,0.468,0.36,0.783,27.4,0.821167883211679,10.6,3.2,2.2,0.9,0.2,1.0,0.418,0.391,0.868,25.2,0.6388888888888888,10.3,5.6,1.6,1.0,0.9,0.6,0.517,0.26,0.69,24.0,0.7833333333333332,14.4,5.6,1.1,1.1,1.6,1.4,0.424,0.283,0.833,23.5,0.9531914893617024,9.2,3.1,1.7,0.6,0.2,0.9,0.469,0.432,0.816,22.3,0.623318385650224
2020-21,MIA,1610612748,1,First Round Exit,0.556,108.1,41.5,26.3,7.9,4.0,14.1,0.468,0.358,0.79,0.0,40.0,32.0,109.1,109.1,0.0,98.5,0.4843333333333334,0.75,21.5,6.9,7.1,2.1,0.3,2.1,0.497,0.245,0.863,33.6,1.0654761904761902,18.7,9.0,5.4,1.2,1.0,2.6,0.57,0.25,0.799,33.5,0.9761194029850748,19.8,4.8,4.6,1.4,0.4,2.5,0.408,0.326,0.754,32.7,0.8715596330275228,13.1,3.5,1.8,0.6,0.3,1.1,0.439,0.408,0.827,31.4,0.5796178343949046,15.1,5.0,3.4,0.6,0.3,1.9,0.439,0.36,0.803,30.3,0.7425742574257427,14.6,3.2,2.6,0.9,0.3,1.4,0.485,0.381,0.933,29.5,0.6847457627118645,9.4,4.8,1.8,1.0,0.6,0.7,0.411,0.35,0.773,28.0,0.6035714285714286,13.4,3.4,4.4,0.7,0.2,2.4,0.432,0.373,0.828,26.7,0.7378277153558054
2020-21,MIL,1610612749,5,Champion,0.639,120.1,48.1,25.5,8.1,4.6,13.8,0.487,0.389,0.76,5.9,46.0,26.0,114.7,109.1,5.6,104.4,0.4843333333333334,0.625,20.4,6.0,5.4,1.1,0.1,2.6,0.476,0.414,0.898,33.4,0.9101796407185628,28.1,11.0,5.9,1.2,1.2,3.4,0.569,0.303,0.685,33.0,1.3333333333333337,17.7,4.5,6.1,1.6,0.6,2.2,0.503,0.392,0.787,32.3,0.8761609907120744,16.0,6.0,3.0,0.0,1.0,4.0,0.462,0.2,1.0,31.6,0.6962025316455696,10.4,5.8,3.1,1.1,0.2,1.4,0.42,0.379,0.718,27.5,0.6981818181818182,12.3,5.0,0.7,0.6,1.5,0.9,0.503,0.338,0.845,27.2,0.7058823529411766,3.7,3.9,1.2,0.8,0.4,0.8,0.373,0.336,0.75,26.1,0.3524904214559387,6.8,4.8,1.2,0.7,0.3,0.5,0.434,0.371,0.775,22.8,0.5833333333333333
2020-21,MIN,1610612750,0,Missed Playoffs,0.319,112.1,43.5,25.6,8.8,5.5,14.3,0.448,0.349,0.761,-5.6,23.0,49.0,107.0,112.3,-5.3,104.1,0.5157333333333334,0.625,24.8,10.6,4.5,0.8,1.1,3.2,0.486,0.387,0.859,33.8,1.1420118343195265,19.6,4.4,2.4,0.8,0.2,1.6,0.44,0.399,0.85,32.8,0.7865853658536586,19.3,4.7,2.9,1.1,0.5,2.2,0.417,0.329,0.776,32.1,0.8193146417445483,19.0,2.6,5.8,1.1,0.4,2.7,0.431,0.387,0.765,28.5,0.9192982456140352,8.6,3.3,6.4,1.4,0.1,1.6,0.388,0.308,0.867,26.1,0.697318007662835,6.8,3.7,1.1,0.6,1.0,0.7,0.447,0.364,0.6,24.0,0.5208333333333334,5.4,2.6,1.1,0.9,0.5,0.7,0.402,0.269,0.769,20.3,0.4827586206896552,11.2,4.6,1.0,0.5,1.1,1.0,0.523,0.351,0.693,19.2,0.90625
2020-21,NOP,1610612740,0,Missed Playoffs,0.431,114.6,47.4,26.0,7.6,4.4,14.6,0.477,0.348,0.729,-0.3,31.0,41.0,110.8,111.1,-0.3,102.5,0.5157333333333334,0.625,23.8,4.9,4.9,0.7,0.6,2.5,0.466,0.381,0.878,34.3,0.9446064139941692,27.0,7.2,3.7,0.9,0.6,2.7,0.611,0.294,0.698,33.2,1.105421686746988,14.6,4.8,5.7,1.5,0.6,2.2,0.414,0.378,0.781,31.8,0.7861635220125786,12.2,3.4,3.8,0.8,0.3,1.6,0.421,0.341,0.687,29.7,0.6363636363636364,9.2,8.0,2.3,0.8,0.3,1.0,0.439,0.326,0.775,28.7,0.6829268292682927,7.6,8.9,1.9,0.9,0.7,1.3,0.614,0.0,0.444,27.7,0.675090252707581,7.7,4.6,2.8,0.8,0.3,1.2,0.392,0.349,0.707,21.9,0.6849315068493153,11.0,3.1,2.2,1.0,0.5,1.5,0.419,0.347,0.727,21.9,0.7442922374429225
2020-21,NYK,1610612752,1,First Round Exit,0.569,107.0,45.1,21.4,7.0,5.1,12.9,0.456,0.392,0.784,2.3,41.0,31.0,108.2,105.8,2.3,98.1,0.4843333333333334,0.625,24.1,10.2,6.0,0.9,0.3,3.4,0.456,0.411,0.811,37.6,1.0132978723404251,17.6,5.8,3.0,0.7,0.3,1.9,0.441,0.401,0.746,34.9,0.7306590257879657,10.9,3.4,1.5,0.8,0.2,0.7,0.442,0.41,0.909,30.0,0.5366666666666667,8.3,8.1,0.5,1.1,1.5,0.8,0.653,0.0,0.491,27.5,0.6799999999999999,14.7,2.6,4.2,1.0,0.4,1.6,0.47,0.388,0.866,25.6,0.8320312499999999,12.7,4.6,2.2,0.6,0.3,1.0,0.42,0.415,0.856,25.6,0.7578124999999999,5.1,6.4,0.7,1.1,2.2,1.0,0.614,0.0,0.714,24.2,0.5991735537190083,10.1,3.4,3.2,0.7,0.1,1.6,0.432,0.286,0.682,23.6,0.673728813559322
2020-21,OKC,1610612760,0,Missed Playoffs,0.306,105.0,45.6,22.1,7.0,4.4,16.1,0.441,0.339,0.725,-10.6,22.0,50.0,101.3,111.6,-10.3,103.2,0.5157333333333334,0.5,23.7,4.7,5.9,0.8,0.7,3.0,0.508,0.418,0.808,33.7,0.973293768545994,19.3,4.0,4.9,1.1,0.3,2.0,0.42,0.36,0.899,31.8,0.8679245283018869,13.7,7.2,1.8,0.5,0.5,2.2,0.396,0.29,0.702,31.2,0.6891025641025641,14.0,3.6,1.7,0.9,0.4,1.5,0.387,0.343,0.744,29.7,0.6430976430976431,10.1,3.2,3.5,0.9,0.2,2.2,0.368,0.335,0.748,27.3,0.575091575091575,8.2,4.7,2.2,0.4,0.9,2.2,0.341,0.28,0.738,24.2,0.5867768595041322,10.7,2.8,3.6,0.6,0.2,1.4,0.446,0.423,0.765,23.9,0.6903765690376571,8.7,5.6,1.8,0.9,0.6,1.9,0.483,0.294,0.744,23.4,0.6709401709401709
2020-21,ORL,1610612753,0,Missed Playoffs,0.292,104.0,45.4,21.8,6.9,4.4,12.8,0.429,0.343,0.775,-9.3,21.0,51.0,102.9,112.1,-9.2,100.8,0.4843333333333334,0.375,15.6,3.4,2.3,1.0,0.5,1.6,0.412,0.337,0.87,29.3,0.7235494880546075,9.9,2.0,2.0,0.7,0.3,0.9,0.4,0.34,0.821,27.7,0.5054151624548736,12.9,4.7,4.1,0.6,0.4,2.3,0.397,0.337,0.832,27.1,0.7527675276752768,12.9,3.1,5.4,1.0,0.3,2.3,0.394,0.25,0.895,26.9,0.758364312267658,8.8,4.5,4.2,0.8,0.5,2.2,0.389,0.246,0.613,25.8,0.6434108527131783,10.9,3.1,1.3,0.6,0.1,0.6,0.402,0.285,0.824,25.7,0.5992217898832685,11.2,8.2,1.9,0.6,0.8,1.4,0.503,0.294,0.732,25.5,0.8352941176470589,7.8,4.0,2.2,1.1,0.5,0.8,0.417,0.348,0.75,25.2,0.5873015873015873
2020-21,PHI,1610612755,2,Second Round Exit,0.681,113.6,45.1,23.7,9.1,6.2,14.4,0.476,0.374,0.767,5.6,49.0,23.0,110.8,105.4,5.4,101.7,0.4843333333333334,0.625,19.5,6.8,3.5,0.9,0.8,1.7,0.512,0.394,0.892,32.5,0.916923076923077,14.3,7.2,6.9,1.6,0.6,3.0,0.557,0.3,0.613,32.4,0.851851851851852,28.5,10.6,2.8,1.0,1.4,3.1,0.513,0.377,0.859,31.1,1.3247588424437298,12.5,2.4,2.7,0.8,0.1,1.1,0.467,0.45,0.896,28.7,0.6062717770034844,9.5,3.8,1.7,1.3,0.8,1.0,0.412,0.405,0.775,28.0,0.5750000000000001,13.0,2.3,3.1,0.6,0.3,1.6,0.45,0.35,0.83,23.2,0.7629310344827588,8.7,2.0,2.4,0.8,0.2,1.0,0.482,0.388,0.8,22.4,0.5848214285714286,3.9,1.9,1.0,1.6,1.1,0.5,0.42,0.301,0.444,20.0,0.45
2020-21,PHX,1610612756,4,Finals Loss,0.708,115.3,42.9,26.9,7.2,4.3,12.5,0.49,0.378,0.834,5.8,51.0,21.0,114.9,109.1,5.8,99.2,0.5157333333333334,0.75,25.6,4.2,4.3,0.8,0.2,3.1,0.484,0.34,0.867,33.9,0.943952802359882,13.5,4.3,2.1,1.1,0.9,0.8,0.543,0.425,0.84,32.6,0.647239263803681,16.4,4.5,8.9,1.4,0.3,2.2,0.499,0.395,0.934,31.4,0.9331210191082802,14.4,10.5,1.4,0.6,1.2,1.5,0.626,0.2,0.769,30.6,0.8692810457516339,10.1,4.7,2.1,0.8,0.5,0.9,0.404,0.389,0.76,27.5,0.6290909090909093,9.6,3.3,1.4,0.6,0.3,0.7,0.42,0.349,0.847,24.0,0.6041666666666666,8.4,2.4,3.6,0.6,0.3,1.0,0.484,0.44,0.893,18.0,0.7944444444444445,8.7,3.8,1.3,0.6,0.1,1.1,0.447,0.348,0.848,17.4,0.7701149425287357
2020-21,POR,1610612757,1,First Round Exit,0.583,116.1,44.5,21.3,6.9,5.0,11.1,0.453,0.385,0.823,1.8,42.0,30.0,114.9,113.1,1.8,100.9,0.5157333333333334,0.5,28.8,4.2,7.5,0.9,0.3,3.0,0.451,0.391,0.928,35.8,1.0810055865921788,23.1,3.9,4.7,0.9,0.4,1.4,0.458,0.402,0.812,34.0,0.9294117647058824,8.5,6.7,1.7,1.4,1.2,0.9,0.401,0.379,0.806,32.0,0.5812499999999999,18.6,3.1,1.9,1.2,0.3,1.7,0.477,0.411,0.871,32.0,0.7312500000000001,13.4,3.1,1.5,0.7,0.6,0.9,0.421,0.409,0.89,24.5,0.7510204081632654,11.2,11.0,1.2,0.5,0.7,1.1,0.604,0.25,0.774,24.4,0.9631147540983606,11.5,9.0,3.4,1.0,1.1,2.0,0.514,0.4,0.619,23.8,1.0084033613445378,6.8,3.5,0.8,0.6,0.9,0.6,0.484,0.316,0.648,22.7,0.5286343612334803
2020-21,SAC,1610612758,0,Missed Playoffs,0.431,113.7,41.4,25.5,7.5,5.0,13.4,0.481,0.364,0.745,-3.7,31.0,41.0,111.1,114.7,-3.6,102.2,0.5157333333333334,0.625,16.1,6.6,3.5,0.7,0.2,1.6,0.497,0.391,0.83,36.2,0.7044198895027624,25.2,3.5,7.2,1.5,0.5,3.0,0.477,0.322,0.719,35.1,0.9943019943019942,16.6,4.7,3.6,0.9,0.4,1.8,0.406,0.391,0.846,34.3,0.7113702623906706,13.0,3.0,5.3,1.3,0.5,1.6,0.472,0.409,0.857,30.1,0.7142857142857143,14.2,8.3,1.7,0.6,1.6,1.2,0.637,0.182,0.794,29.2,0.8630136986301371,10.2,4.3,4.4,1.6,0.5,1.3,0.463,0.372,0.802,27.7,0.7111913357400722,14.1,7.4,1.0,0.5,0.5,1.4,0.504,0.343,0.575,25.9,0.8532818532818534,5.2,2.4,1.2,0.8,0.5,0.6,0.418,0.274,0.767,20.9,0.4545454545454546
2020-21,SAS,1610612759,0,Missed Playoffs,0.458,111.1,43.9,24.4,7.0,5.1,11.4,0.462,0.35,0.792,-1.7,33.0,39.0,108.6,110.3,-1.7,101.1,0.5157333333333334,1.0,21.6,4.2,6.9,0.9,0.2,2.0,0.495,0.257,0.88,33.7,0.9436201780415432,15.7,7.1,5.4,1.5,0.1,1.7,0.453,0.317,0.791,31.9,0.8808777429467084,15.4,3.0,3.5,0.7,1.0,1.3,0.411,0.346,0.851,29.5,0.7559322033898304,12.8,6.0,1.8,0.6,0.3,1.1,0.479,0.331,0.74,28.5,0.7157894736842106,8.6,7.9,1.9,0.7,1.8,1.2,0.616,0.0,0.508,26.7,0.7378277153558053,11.2,2.6,1.7,0.5,0.3,1.1,0.42,0.355,0.814,25.4,0.5984251968503936,10.8,1.7,2.4,0.6,0.0,1.0,0.412,0.375,0.91,24.8,0.5846774193548387,11.4,4.8,1.4,0.7,0.6,1.0,0.42,0.381,0.804,21.6,0.8287037037037036
2020-21,TOR,1610612761,0,Missed Playoffs,0.375,111.3,41.6,24.1,8.6,5.4,13.2,0.448,0.368,0.815,-0.5,27.0,45.0,109.3,109.7,-0.5,101.7,0.4843333333333334,0.625,19.6,4.2,6.3,1.7,0.7,1.8,0.389,0.366,0.885,36.5,0.8410958904109589,21.4,7.2,4.5,1.1,0.7,2.3,0.455,0.297,0.827,35.8,0.9106145251396648,17.2,5.4,7.3,1.0,0.3,2.7,0.436,0.396,0.875,34.8,0.8189655172413794,15.9,5.5,2.2,1.5,0.7,1.7,0.48,0.398,0.784,33.3,0.7237237237237237,15.3,2.6,1.4,1.0,0.2,0.7,0.408,0.385,0.783,31.1,0.6366559485530546,13.6,6.7,1.1,0.6,1.9,0.8,0.514,0.383,0.788,24.2,0.9545454545454546,7.2,5.8,1.3,0.7,0.7,0.7,0.497,0.25,0.705,22.8,0.6578947368421052,7.5,2.5,2.9,0.8,0.1,0.9,0.374,0.321,0.804,19.7,0.6548223350253808
2020-21,UTA,1610612762,2,Second Round Exit,0.722,116.4,48.3,23.7,6.6,5.2,14.2,0.468,0.389,0.799,9.3,52.0,20.0,115.1,106.0,9.1,100.7,0.5157333333333334,1.0,26.4,4.4,5.2,1.0,0.3,2.8,0.438,0.386,0.845,33.4,1.032934131736527,7.0,6.8,2.5,0.8,0.5,1.2,0.444,0.385,0.848,31.6,0.5189873417721519,17.0,3.9,1.9,0.6,0.1,1.8,0.439,0.39,0.879,30.8,0.7045454545454545,14.3,13.5,1.3,0.6,2.7,1.7,0.675,0.0,0.623,30.8,0.996753246753247,16.2,3.5,6.0,1.4,0.2,1.9,0.444,0.412,0.852,29.4,0.8639455782312925,12.1,3.6,4.7,0.7,0.2,1.7,0.489,0.451,0.844,27.9,0.7025089605734767,18.4,4.0,2.5,0.9,0.1,1.7,0.425,0.347,0.896,26.7,0.906367041198502,6.9,2.4,0.8,0.3,0.1,0.7,0.437,0.425,0.957,16.0,0.6125000000000002
2020-21,WAS,1610612764,1,First Round Exit,0.472,116.6,45.2,25.5,7.3,4.1,14.4,0.475,0.351,0.769,-1.8,34.0,38.0,108.9,110.6,-1.7,106.4,0.4843333333333334,0.625,22.2,11.5,11.7,1.4,0.4,4.8,0.439,0.315,0.656,36.4,1.1648351648351651,31.3,4.7,4.4,1.2,0.4,3.1,0.485,0.349,0.889,35.8,1.0865921787709498,13.8,5.5,1.4,0.8,0.1,1.2,0.478,0.328,0.77,31.5,0.6476190476190476,14.3,6.1,1.5,0.4,0.8,1.1,0.648,0.429,0.667,27.1,0.8118081180811806,11.5,2.9,0.9,0.6,0.2,0.6,0.404,0.395,0.87,25.7,0.6031128404669261,6.3,4.9,1.2,0.6,0.3,0.6,0.417,0.315,0.644,23.3,0.5450643776824033,8.7,2.4,2.3,1.1,0.1,0.8,0.468,0.39,0.882,21.9,0.6301369863013698,6.7,3.4,3.9,0.7,0.3,0.9,0.434,0.367,0.576,21.0,0.6714285714285714
2021-22,ATL,1610612737,1,First Round Exit,0.524,113.9,44.0,24.6,7.2,4.2,11.9,0.47,0.374,0.812,1.6,43.0,39.0,114.0,112.4,1.6,99.8,0.5007333333333333,0.875,28.4,3.7,9.7,0.9,0.1,4.0,0.46,0.382,0.904,34.9,1.111747851002865,16.2,7.8,1.8,0.6,1.0,1.1,0.526,0.364,0.793,30.8,0.8538961038961039,13.4,3.3,1.3,0.7,0.4,1.3,0.442,0.379,0.765,29.8,0.5973154362416107,12.1,3.4,2.7,0.7,0.4,1.2,0.454,0.389,0.808,29.6,0.6114864864864864,15.1,4.0,3.1,1.1,0.2,1.1,0.431,0.368,0.843,29.3,0.764505119453925,11.1,11.9,1.2,0.7,1.3,0.6,0.613,0.0,0.473,27.6,0.927536231884058,7.3,4.3,0.0,0.3,0.0,0.3,0.444,0.6,0.75,27.4,0.4233576642335766,11.7,4.7,1.5,0.4,0.2,0.6,0.434,0.381,0.904,25.3,0.7075098814229247
2021-22,BOS,1610612738,4,Finals Loss,0.622,111.8,46.1,24.8,7.2,5.8,13.6,0.466,0.356,0.816,7.3,51.0,31.0,112.1,104.8,7.3,98.6,0.5007333333333333,0.75,26.9,8.0,4.4,1.0,0.6,2.9,0.453,0.353,0.853,35.9,1.0584958217270195,23.6,6.1,3.5,1.1,0.3,2.7,0.473,0.358,0.758,33.6,0.949404761904762,12.1,3.8,5.9,1.7,0.3,2.2,0.418,0.331,0.793,32.3,0.6687306501547987,10.0,9.6,2.0,0.9,2.2,1.0,0.736,0.0,0.722,29.6,0.8006756756756757,13.2,3.5,4.9,0.9,0.8,1.6,0.421,0.312,0.864,29.3,0.7406143344709897,10.2,7.7,3.4,0.7,1.3,0.9,0.467,0.336,0.842,29.1,0.7697594501718212,7.8,3.6,1.0,0.5,0.7,0.8,0.475,0.411,0.905,24.4,0.5245901639344263,8.2,4.9,0.9,0.4,0.7,1.0,0.519,0.308,0.681,20.8,0.6778846153846153
2021-22,BKN,1610612751,1,First Round Exit,0.537,112.9,44.4,25.3,7.1,5.5,14.1,0.475,0.361,0.805,0.8,44.0,38.0,111.0,110.2,0.8,101.4,0.5007333333333333,0.625,27.4,4.4,5.8,1.4,0.6,2.5,0.469,0.418,0.915,37.6,0.9867021276595744,29.9,7.4,6.4,0.9,0.9,3.5,0.518,0.383,0.91,37.2,1.1290322580645158,15.0,3.1,3.6,0.8,0.2,1.7,0.487,0.422,0.872,33.3,0.6306306306306307,11.3,4.0,1.0,0.5,0.1,1.1,0.452,0.466,0.833,30.2,0.52317880794702,11.4,1.9,2.3,0.6,0.2,0.9,0.408,0.4,0.814,29.0,0.5344827586206897,9.0,4.8,2.1,1.1,0.7,0.8,0.506,0.404,0.758,24.6,0.6869918699186991,7.5,3.1,4.1,0.9,0.2,1.6,0.377,0.254,0.818,23.7,0.5991561181434599,12.9,5.5,0.9,0.3,1.0,0.9,0.55,0.304,0.873,22.3,0.8834080717488788
2021-22,CHA,1610612766,0,Missed Playoffs,0.524,115.3,44.6,28.1,8.6,4.9,13.3,0.468,0.365,0.74,0.4,43.0,39.0,111.7,111.3,0.4,102.2,0.5007333333333333,0.75,20.2,7.0,3.8,0.9,0.8,1.9,0.491,0.331,0.802,35.5,0.8676056338028169,19.3,4.3,4.5,1.3,0.3,1.3,0.444,0.374,0.852,33.7,0.8427299703264095,20.1,6.7,7.6,1.6,0.4,3.3,0.429,0.389,0.872,32.3,1.0247678018575852,15.9,4.6,3.6,1.0,0.4,1.7,0.459,0.391,0.846,31.9,0.7460815047021944,10.3,5.2,2.3,0.9,0.9,1.3,0.47,0.365,0.716,27.2,0.6727941176470588,15.0,4.0,1.1,1.0,0.4,0.9,0.44,0.345,0.667,26.3,0.7832699619771863,7.7,4.0,2.5,1.2,0.5,0.9,0.482,0.384,0.701,26.3,0.5703422053231938,6.5,7.7,3.1,0.8,0.7,1.4,0.641,0.0,0.392,24.6,0.7073170731707318
2021-22,CHI,1610612741,1,First Round Exit,0.561,111.6,42.3,23.9,7.1,4.1,12.8,0.48,0.369,0.813,-0.4,46.0,36.0,111.0,111.4,-0.4,100.3,0.5007333333333333,0.5,27.9,5.2,4.9,0.9,0.3,2.4,0.504,0.352,0.877,36.1,1.0193905817174511,24.4,4.6,4.5,0.6,0.3,2.6,0.476,0.389,0.853,34.7,0.9164265129682996,13.0,5.4,5.1,1.8,0.9,2.3,0.423,0.423,0.75,34.6,0.6907514450867052,17.6,11.0,3.2,1.0,1.0,1.9,0.473,0.314,0.76,33.1,0.9637462235649548,7.4,3.6,4.0,1.7,0.4,1.4,0.398,0.333,0.795,28.0,0.5607142857142856,12.7,3.0,2.9,0.5,0.2,1.1,0.433,0.385,0.857,27.5,0.6618181818181816,8.8,2.8,3.3,0.8,0.4,1.4,0.52,0.376,0.679,27.4,0.5364963503649636,9.0,4.1,0.9,0.5,0.5,0.9,0.529,0.517,0.732,24.8,0.5685483870967741
2021-22,CLE,1610612739,0,Missed Playoffs,0.537,107.8,44.2,25.2,7.1,4.2,14.4,0.469,0.355,0.76,2.1,44.0,38.0,109.4,107.2,2.2,98.3,0.5007333333333333,0.625,21.7,3.3,8.6,1.3,0.1,3.6,0.462,0.383,0.892,35.7,0.8795518207282912,15.0,8.3,2.5,0.8,1.7,1.9,0.508,0.25,0.663,33.8,0.7810650887573966,16.1,10.8,1.6,0.8,1.3,1.7,0.677,0.1,0.708,32.3,0.8947368421052634,14.8,5.7,1.3,0.7,0.5,0.9,0.445,0.358,0.868,30.8,0.7175324675324676,17.0,3.7,4.3,0.9,0.4,1.9,0.444,0.32,0.756,30.7,0.7947882736156352,8.8,3.0,1.8,0.8,0.3,0.9,0.48,0.35,0.768,29.6,0.4662162162162163,16.0,3.3,2.1,0.9,0.0,2.8,0.45,0.244,0.744,28.8,0.6770833333333334,13.6,7.2,2.2,0.4,0.2,1.3,0.43,0.392,0.838,22.5,0.9911111111111108
2021-22,DAL,1610612742,3,Conference Finals,0.634,108.0,43.0,23.4,6.7,4.0,12.5,0.461,0.35,0.771,3.3,52.0,30.0,110.5,107.2,3.4,97.4,0.4991333333333333,0.75,28.4,9.1,8.7,1.2,0.6,4.5,0.457,0.353,0.744,35.4,1.2288135593220342,11.0,4.7,1.9,1.1,0.5,1.0,0.471,0.395,0.675,33.0,0.5515151515151515,16.3,3.9,4.8,0.8,0.0,1.6,0.502,0.373,0.84,31.9,0.7586206896551724,13.7,4.2,5.2,0.7,0.2,1.6,0.416,0.339,0.774,29.6,0.7567567567567566,14.2,3.7,2.2,0.9,0.1,0.8,0.394,0.336,0.757,29.6,0.6858108108108106,8.6,3.5,1.2,0.6,0.2,0.6,0.401,0.36,0.833,28.0,0.4821428571428571,7.0,5.9,1.2,0.5,1.0,0.8,0.398,0.325,0.708,24.6,0.6016260162601625,8.7,4.9,1.2,0.5,0.5,0.8,0.671,0.351,0.783,21.9,0.684931506849315
2021-22,DEN,1610612743,1,First Round Exit,0.585,112.7,44.1,27.8,7.2,3.7,14.5,0.483,0.353,0.795,2.3,48.0,34.0,111.7,109.4,2.3,100.3,0.4991333333333333,0.75,27.1,13.8,7.9,1.5,0.9,3.8,0.583,0.337,0.81,33.5,1.4149253731343283,14.7,4.8,3.9,0.8,0.4,1.8,0.438,0.365,0.803,32.1,0.7102803738317756,15.0,5.9,2.5,0.6,0.6,1.8,0.52,0.335,0.743,31.7,0.719242902208202,12.6,3.0,4.4,0.7,0.2,1.0,0.484,0.395,0.869,29.9,0.6655518394648829,9.9,6.6,1.9,1.1,0.2,1.3,0.359,0.208,0.556,29.4,0.6258503401360545,10.3,3.1,1.3,0.4,0.4,0.9,0.524,0.315,0.833,24.7,0.5910931174089069,6.0,1.7,1.3,0.8,0.1,0.8,0.417,0.342,0.727,22.1,0.4117647058823529,10.1,2.7,2.8,0.6,0.3,1.2,0.403,0.366,0.856,19.0,0.805263157894737
2021-22,DET,1610612765,0,Missed Playoffs,0.28,104.8,43.0,23.5,7.7,4.8,14.2,0.431,0.326,0.782,-7.7,23.0,59.0,103.3,110.9,-7.6,101.0,0.5007333333333333,0.625,6.3,3.3,7.0,2.3,1.3,3.7,0.231,0.231,1.0,36.1,0.4570637119113574,16.1,5.4,2.8,0.9,0.2,1.2,0.396,0.346,0.827,33.0,0.7333333333333333,17.4,5.5,5.6,1.2,0.7,3.7,0.416,0.314,0.845,32.6,0.8190184049079754,19.2,4.1,2.4,0.9,1.0,1.8,0.426,0.358,0.838,31.9,0.8087774294670845,8.3,8.7,1.2,0.3,1.1,1.2,0.51,0.326,0.718,25.6,0.71875,6.9,3.2,4.2,1.2,0.5,1.7,0.383,0.263,0.77,25.0,0.5720000000000001,8.0,2.7,3.6,0.6,0.3,1.3,0.445,0.414,0.885,24.6,0.565040650406504,11.3,7.0,0.8,0.5,0.4,0.8,0.504,0.237,0.663,23.9,0.803347280334728
2021-22,GSW,1610612744,5,Champion,0.646,111.0,45.5,27.1,8.8,4.5,14.9,0.469,0.364,0.769,5.5,53.0,29.0,110.5,104.9,5.5,100.2,0.4991333333333333,0.75,25.5,5.2,6.3,1.3,0.4,3.2,0.437,0.38,0.923,34.5,1.0289855072463765,17.2,4.5,2.2,1.0,0.7,1.5,0.466,0.393,0.634,31.9,0.7554858934169278,18.5,3.4,4.0,0.8,0.3,2.5,0.448,0.364,0.925,30.0,0.8166666666666667,20.4,3.9,2.8,0.5,0.5,1.3,0.429,0.385,0.902,29.4,0.91156462585034,7.5,7.3,7.0,1.3,1.1,3.0,0.525,0.296,0.659,28.9,0.7335640138408306,8.2,5.7,1.5,1.1,0.5,0.6,0.464,0.37,0.803,22.2,0.7387387387387387,6.0,7.3,2.0,0.6,0.6,0.8,0.571,0.0,0.6,21.1,0.7440758293838862,7.4,3.2,1.0,0.6,0.1,0.6,0.441,0.337,0.88,19.9,0.5879396984924624
2021-22,HOU,1610612745,0,Missed Playoffs,0.244,109.7,42.0,23.6,7.3,4.7,16.5,0.456,0.349,0.713,-8.5,20.0,62.0,105.4,113.6,-8.1,103.7,0.4991333333333333,0.625,17.3,3.4,2.6,0.7,0.3,2.0,0.426,0.343,0.797,31.9,0.6990595611285267,15.6,4.4,6.2,1.1,0.4,3.1,0.415,0.375,0.642,31.3,0.7859424920127794,17.9,10.1,2.3,0.8,1.0,1.9,0.501,0.39,0.623,30.8,0.9805194805194806,13.4,2.0,2.7,0.5,0.3,1.9,0.475,0.412,0.778,29.3,0.5802047781569967,13.5,3.3,4.6,0.8,0.1,2.2,0.431,0.344,0.853,28.7,0.7003484320557491,11.8,5.4,2.8,0.9,0.5,1.8,0.498,0.312,0.707,26.4,0.7424242424242425,10.0,2.9,1.0,0.9,0.4,0.6,0.399,0.36,0.794,26.3,0.5551330798479088,8.8,3.8,1.3,0.4,0.5,0.8,0.533,0.357,0.634,21.0,0.6666666666666667
2021-22,IND,1610612754,0,Missed Playoffs,0.305,111.5,43.9,25.4,7.1,5.6,14.4,0.463,0.344,0.768,-3.5,25.0,57.0,109.2,112.6,-3.4,101.0,0.5007333333333333,0.5,15.3,4.0,8.2,1.7,0.6,2.6,0.473,0.414,0.842,35.0,0.7771428571428571,19.1,5.1,5.9,0.8,0.4,2.1,0.448,0.312,0.856,33.5,0.8716417910447761,15.6,4.4,2.8,0.9,0.3,1.9,0.406,0.366,0.874,30.8,0.7175324675324676,12.9,7.1,1.0,0.7,2.8,1.3,0.509,0.333,0.752,29.4,0.7891156462585034,13.1,4.1,6.6,1.4,0.2,2.6,0.363,0.339,0.854,28.5,0.7999999999999998,13.1,4.1,2.1,1.0,0.2,1.6,0.432,0.369,0.804,28.0,0.6749999999999999,8.5,3.3,4.9,1.1,0.4,1.1,0.481,0.303,0.826,24.2,0.706611570247934,9.1,5.3,1.1,0.7,0.4,0.8,0.411,0.35,0.695,23.3,0.6781115879828324
2021-22,LAC,1610612746,0,Missed Playoffs,0.512,108.4,44.0,24.0,7.4,5.0,13.7,0.458,0.374,0.793,0.0,42.0,40.0,107.7,107.7,0.0,100.2,0.4991333333333333,0.75,24.3,6.9,5.7,2.2,0.4,4.1,0.421,0.354,0.858,34.8,1.017241379310345,19.0,3.2,2.1,0.9,0.5,1.5,0.461,0.419,0.811,32.4,0.7469135802469136,16.8,3.6,4.8,0.7,0.2,2.3,0.392,0.326,0.847,31.2,0.7628205128205129,15.4,4.4,2.1,0.5,0.3,1.3,0.434,0.367,0.872,29.0,0.7379310344827587,10.8,5.2,2.6,0.7,0.3,1.0,0.484,0.365,0.78,28.6,0.6503496503496504,11.9,3.3,2.1,0.6,0.1,0.9,0.449,0.449,0.896,27.4,0.6240875912408761,8.5,5.5,1.3,1.5,1.3,1.1,0.42,0.378,0.841,27.3,0.6227106227106227,8.3,4.3,1.7,1.0,0.7,0.7,0.463,0.4,0.658,24.8,0.6169354838709677
2021-22,LAL,1610612747,0,Missed Playoffs,0.402,112.1,44.0,24.0,7.6,5.2,14.5,0.469,0.347,0.732,-3.0,33.0,49.0,107.9,110.9,-2.9,102.3,0.4991333333333333,0.375,30.3,8.2,6.2,1.3,1.1,3.5,0.524,0.359,0.756,37.2,1.172043010752688,23.2,9.9,3.1,1.2,2.3,2.1,0.532,0.186,0.713,35.1,1.0712250712250713,18.5,7.4,7.1,1.0,0.3,3.8,0.444,0.298,0.667,34.3,0.8892128279883381,13.8,3.4,2.9,0.8,0.4,1.6,0.473,0.391,0.795,28.1,0.7010676156583628,13.3,4.2,1.0,0.7,0.8,0.9,0.441,0.375,0.83,26.0,0.7346153846153847,10.0,3.2,2.7,1.0,0.5,1.4,0.416,0.269,0.8,25.2,0.6349206349206349,7.3,3.2,1.8,0.5,0.3,0.7,0.459,0.317,0.839,23.2,0.5344827586206897,6.7,3.2,1.7,0.9,0.3,0.7,0.466,0.314,0.716,22.8,0.530701754385965
2021-22,MEM,1610612763,2,Second Round Exit,0.683,115.6,49.2,26.0,9.8,6.5,13.2,0.461,0.353,0.734,5.7,56.0,26.0,111.6,106.1,5.5,103.1,0.4991333333333333,0.75,27.4,5.7,6.7,1.2,0.4,3.4,0.493,0.344,0.761,33.1,1.1480362537764353,18.2,4.4,2.7,1.2,0.4,1.5,0.461,0.436,0.903,29.8,0.8523489932885905,18.4,3.2,2.8,1.1,0.3,1.6,0.432,0.309,0.849,27.7,0.8736462093862816,16.3,5.8,1.1,0.9,2.3,1.7,0.415,0.319,0.823,27.3,0.9047619047619048,6.9,10.0,3.4,0.9,0.8,1.5,0.547,0.0,0.543,26.3,0.7794676806083649,10.8,4.5,2.7,1.4,0.5,1.5,0.404,0.374,0.75,22.7,0.8105726872246696,8.1,2.1,1.0,0.6,0.2,0.7,0.45,0.314,0.782,21.7,0.5207373271889401,7.6,5.3,2.7,1.1,0.7,1.0,0.446,0.33,0.638,21.5,0.7627906976744185
2021-22,MIA,1610612748,3,Conference Finals,0.646,110.0,43.7,25.5,7.4,3.2,14.6,0.467,0.379,0.808,4.5,53.0,29.0,111.2,106.7,4.5,98.1,0.5007333333333333,0.75,21.4,5.9,5.5,1.6,0.5,2.1,0.48,0.233,0.87,33.9,0.967551622418879,13.4,4.5,7.5,1.1,0.3,2.7,0.44,0.377,0.851,33.9,0.7109144542772862,20.7,5.0,4.0,0.7,0.1,2.6,0.447,0.399,0.868,32.6,0.8558282208588956,19.1,10.1,3.4,1.4,0.8,2.6,0.557,0.0,0.753,32.6,0.9877300613496932,7.6,5.5,2.1,0.8,0.2,0.9,0.484,0.415,0.738,27.9,0.5483870967741935,10.9,2.6,1.6,0.5,0.2,0.8,0.399,0.372,0.836,25.9,0.5791505791505791,8.7,1.9,3.1,0.9,0.2,1.4,0.417,0.368,0.815,23.4,0.5726495726495726,10.6,3.0,1.4,0.4,0.2,0.8,0.441,0.41,0.792,23.3,0.6351931330472103
2021-22,MIL,1610612749,2,Second Round Exit,0.622,115.5,46.7,23.9,7.6,4.0,13.4,0.468,0.366,0.776,3.4,51.0,31.0,112.5,109.2,3.3,102.3,0.5007333333333333,0.75,29.9,11.6,5.8,1.1,1.4,3.3,0.553,0.293,0.722,32.9,1.4133738601823709,18.3,4.5,6.8,1.6,0.4,2.7,0.501,0.411,0.761,32.9,0.8784194528875381,20.1,5.4,5.4,1.2,0.3,2.9,0.443,0.373,0.89,32.4,0.910493827160494,14.6,9.1,1.2,0.7,0.7,1.3,0.479,0.393,0.752,28.2,0.8865248226950354,11.1,3.4,1.5,0.7,0.3,0.7,0.448,0.409,0.865,27.3,0.5970695970695971,9.9,4.2,1.3,0.9,0.2,0.5,0.458,0.395,0.833,26.0,0.6153846153846154,6.2,2.9,2.2,0.8,0.1,0.8,0.429,0.306,0.919,23.2,0.4913793103448276,12.4,4.1,0.5,0.6,1.2,0.9,0.466,0.358,0.87,23.0,0.7782608695652175
2021-22,MIN,1610612750,1,First Round Exit,0.561,115.9,44.2,25.7,8.8,5.6,14.3,0.457,0.358,0.778,2.6,46.0,36.0,111.3,108.7,2.5,103.7,0.4991333333333333,0.75,21.3,4.8,3.8,1.5,0.6,2.6,0.441,0.357,0.786,34.2,0.8596491228070174,24.6,9.8,3.6,1.0,1.1,3.1,0.529,0.41,0.822,33.5,1.1044776119402988,18.1,3.3,7.1,1.0,0.3,2.5,0.411,0.34,0.825,31.9,0.8557993730407524,9.2,4.2,1.1,0.7,0.8,1.1,0.46,0.317,0.803,25.8,0.5775193798449612,6.9,8.4,1.3,1.3,0.6,1.0,0.587,0.143,0.656,25.4,0.6889763779527561,9.2,4.1,4.6,1.2,0.9,1.3,0.406,0.343,0.722,25.4,0.7362204724409448,12.1,2.9,1.5,0.5,0.2,0.5,0.391,0.377,0.817,25.0,0.6679999999999999,7.3,2.5,1.0,0.7,0.3,0.8,0.454,0.376,0.756,17.1,0.6432748538011696
2021-22,NOP,1610612740,1,First Round Exit,0.439,109.3,45.2,25.0,8.3,4.0,14.1,0.457,0.332,0.789,-1.0,36.0,46.0,109.0,110.0,-1.0,99.9,0.4991333333333333,0.25,22.1,4.3,5.1,1.1,0.4,2.0,0.46,0.388,0.682,34.6,0.8959537572254335,22.7,5.8,5.6,0.6,0.5,2.7,0.461,0.327,0.826,34.0,0.9558823529411764,17.8,11.4,2.6,0.6,0.8,2.4,0.544,0.361,0.82,30.3,1.0165016501650166,9.5,3.8,2.1,1.7,0.8,1.3,0.476,0.337,0.84,29.9,0.5551839464882944,11.9,2.3,4.2,0.9,0.2,1.4,0.363,0.341,0.843,28.4,0.6373239436619718,7.0,5.4,1.8,0.9,0.4,0.8,0.522,0.329,0.702,22.6,0.6504424778761062,9.3,4.5,0.6,0.5,0.8,0.8,0.616,0.351,0.766,20.0,0.745,5.2,2.4,1.3,0.7,0.4,0.7,0.376,0.319,0.683,18.6,0.5
2021-22,NYK,1610612752,0,Missed Playoffs,0.451,106.5,46.1,21.9,7.0,4.9,13.3,0.437,0.357,0.744,-0.1,37.0,45.0,108.0,108.1,-0.1,98.1,0.5007333333333333,0.75,20.1,9.9,5.1,0.7,0.5,3.4,0.411,0.308,0.756,35.3,0.9320113314447594,20.0,5.8,3.0,0.6,0.2,2.2,0.408,0.342,0.714,34.5,0.7942028985507247,14.1,2.6,2.1,1.0,0.3,1.3,0.417,0.389,0.708,29.5,0.6372881355932204,11.7,4.9,3.0,1.0,0.3,1.1,0.391,0.404,0.822,28.6,0.6923076923076923,8.5,8.6,0.5,0.8,1.8,0.8,0.761,0.0,0.486,25.7,0.7548638132295721,11.6,3.0,3.5,0.7,0.2,1.3,0.403,0.367,0.845,25.6,0.6914062499999999,12.0,3.0,4.0,0.8,0.5,1.5,0.445,0.402,0.968,24.5,0.7673469387755102,11.3,3.2,3.5,0.7,0.0,1.3,0.392,0.346,0.881,23.1,0.7532467532467532
2021-22,OKC,1610612760,0,Missed Playoffs,0.293,103.7,45.6,22.2,7.6,4.6,14.0,0.43,0.323,0.756,-8.1,24.0,58.0,102.2,110.2,-8.0,100.8,0.4991333333333333,0.5,11.0,5.3,7.5,1.3,1.0,2.5,0.365,0.125,1.0,43.5,0.542528735632184,10.7,4.3,0.3,0.3,0.0,1.0,0.271,0.048,0.714,39.9,0.3659147869674186,24.5,5.0,5.9,1.3,0.8,2.8,0.453,0.3,0.81,34.7,0.9999999999999998,14.7,12.0,2.4,0.9,0.7,1.1,0.489,0.36,0.429,34.2,0.8654970760233915,17.2,4.2,1.7,0.9,0.4,1.7,0.404,0.332,0.843,32.7,0.694189602446483,12.5,7.8,6.4,0.9,0.4,3.2,0.419,0.263,0.709,31.5,0.7873015873015873,10.8,6.3,1.4,0.8,1.0,1.3,0.422,0.297,0.688,27.9,0.6810035842293907,8.3,3.6,1.4,0.6,0.2,1.1,0.463,0.304,0.729,24.2,0.5371900826446281
2021-22,ORL,1610612753,0,Missed Playoffs,0.268,104.2,44.3,23.7,6.8,4.5,14.5,0.434,0.331,0.787,-8.0,22.0,60.0,101.8,109.7,-7.8,101.8,0.5007333333333333,0.75,16.3,5.4,5.7,0.7,0.3,2.6,0.391,0.338,0.854,31.7,0.8138801261829653,15.2,4.5,2.9,0.9,0.4,1.5,0.468,0.354,0.863,30.7,0.7296416938110748,15.0,10.5,2.8,0.6,0.7,1.9,0.525,0.327,0.691,29.9,0.9264214046822744,10.0,1.2,2.0,1.0,0.6,1.0,0.341,0.405,0.714,28.9,0.4775086505190311,11.1,2.0,1.8,1.0,0.1,1.0,0.434,0.384,0.874,28.4,0.5281690140845071,11.8,3.6,4.4,1.2,0.4,3.0,0.361,0.214,0.773,27.2,0.676470588235294,10.6,8.1,1.2,0.5,1.7,1.1,0.48,0.381,0.781,25.7,0.8171206225680933,8.6,5.0,1.7,1.4,0.6,0.8,0.376,0.318,0.846,25.0,0.66
2021-22,PHI,1610612755,2,Second Round Exit,0.622,109.9,42.3,23.7,7.7,5.3,12.5,0.466,0.364,0.821,2.6,51.0,31.0,111.0,108.4,2.6,98.4,0.5007333333333333,0.75,22.0,7.7,10.3,1.3,0.6,4.4,0.41,0.33,0.877,37.2,1.0080645161290325,17.5,3.2,4.3,0.7,0.4,1.2,0.485,0.427,0.866,35.3,0.7053824362606232,17.2,6.8,3.5,0.6,0.6,1.6,0.482,0.367,0.842,34.8,0.7787356321839082,30.6,11.7,4.2,1.1,1.5,3.1,0.499,0.371,0.814,33.8,1.3609467455621302,5.7,2.3,1.1,1.7,1.1,0.6,0.5,0.313,0.791,25.5,0.4431372549019607,9.2,2.7,1.3,0.4,0.2,0.8,0.437,0.403,0.881,22.8,0.5701754385964911,5.9,2.5,1.0,1.0,0.6,0.7,0.394,0.38,0.786,21.8,0.4724770642201835,8.2,2.6,2.5,0.5,0.3,0.8,0.429,0.323,0.836,21.4,0.6214953271028038
2021-22,PHX,1610612756,2,Second Round Exit,0.78,114.8,45.3,27.4,8.6,4.4,12.9,0.485,0.364,0.797,7.5,64.0,18.0,112.5,105.2,7.3,101.8,0.4991333333333333,0.875,14.2,4.2,2.3,1.2,0.4,0.8,0.534,0.369,0.834,34.8,0.617816091954023,26.8,5.0,4.8,1.1,0.4,2.4,0.466,0.383,0.868,34.5,1.0347826086956522,14.7,4.4,10.8,1.9,0.3,2.4,0.493,0.317,0.837,32.9,0.9027355623100304,17.2,10.2,1.4,0.7,0.7,1.6,0.634,0.368,0.746,29.5,0.9694915254237286,9.4,5.3,1.9,1.4,0.4,0.8,0.399,0.348,0.789,28.1,0.6263345195729535,12.5,4.1,1.5,0.9,0.2,0.7,0.46,0.425,0.86,26.2,0.7061068702290076,10.8,3.0,4.9,0.7,0.3,1.8,0.409,0.336,0.843,22.0,0.8136363636363637,8.3,1.8,1.6,0.4,0.1,0.6,0.394,0.368,0.84,20.8,0.5576923076923077
2021-22,POR,1610612757,0,Missed Playoffs,0.329,106.2,42.9,22.9,8.0,4.5,14.5,0.442,0.346,0.76,-8.9,27.0,55.0,105.5,114.3,-8.8,100.4,0.4991333333333333,0.5,24.0,4.1,7.3,0.6,0.4,2.9,0.402,0.324,0.878,36.4,0.9203296703296704,14.9,7.2,4.1,1.1,0.2,2.1,0.504,0.343,0.758,33.2,0.7650602409638554,17.3,2.6,3.9,0.5,0.1,2.0,0.443,0.405,0.888,29.5,0.7593220338983051,15.0,11.1,2.8,1.1,0.6,2.6,0.535,0.268,0.69,28.2,0.9929078014184398,12.9,3.1,3.9,1.0,0.4,2.4,0.372,0.292,0.701,26.7,0.7078651685393258,9.8,5.6,1.3,0.6,0.9,1.0,0.46,0.331,0.734,25.9,0.6640926640926641,9.9,3.4,4.2,1.3,0.4,2.1,0.421,0.313,0.761,25.2,0.6785714285714285,7.2,2.9,3.5,0.5,0.1,1.0,0.404,0.347,0.773,24.9,0.5301204819277109
2021-22,SAC,1610612758,0,Missed Playoffs,0.366,110.3,42.9,23.7,7.2,4.5,14.1,0.46,0.344,0.768,-5.5,30.0,52.0,107.2,112.5,-5.3,102.2,0.4991333333333333,0.5,23.2,3.9,5.6,1.2,0.4,2.8,0.473,0.297,0.75,35.3,0.8923512747875354,18.9,12.1,5.2,1.0,0.4,3.1,0.573,0.312,0.741,34.4,1.002906976744186,16.4,5.6,2.4,0.7,0.2,1.5,0.469,0.394,0.826,33.6,0.7083333333333333,10.1,2.6,1.7,0.8,0.4,0.9,0.394,0.367,0.806,27.8,0.5287769784172661,11.5,2.2,4.2,0.7,0.3,1.5,0.418,0.316,0.659,27.7,0.6281588447653429,9.0,4.0,2.8,1.1,0.2,1.7,0.351,0.339,0.843,23.9,0.6443514644351466,10.4,7.0,1.1,0.4,0.9,1.2,0.66,0.4,0.778,23.9,0.7782426778242677,8.9,5.6,1.0,0.9,0.5,1.0,0.452,0.306,0.78,21.3,0.7464788732394365
2021-22,SAS,1610612759,0,Missed Playoffs,0.415,113.2,45.3,27.9,7.6,4.9,12.7,0.467,0.352,0.754,0.1,34.0,48.0,109.4,109.3,0.1,102.8,0.4991333333333333,0.625,21.1,8.3,9.2,2.0,0.3,2.6,0.462,0.327,0.794,34.8,1.1005747126436782,17.0,6.1,2.1,0.8,0.2,1.2,0.466,0.398,0.756,31.9,0.7836990595611286,13.5,9.3,2.8,0.7,1.7,1.6,0.618,1.0,0.495,29.0,0.9103448275862068,12.3,4.3,1.9,1.1,0.6,0.8,0.427,0.361,0.838,27.3,0.7106227106227107,10.2,2.8,1.8,0.9,0.4,1.0,0.438,0.415,0.889,24.6,0.6138211382113822,11.3,2.3,1.3,0.3,0.1,0.8,0.462,0.422,0.784,24.0,0.6041666666666667,12.1,2.6,2.2,0.6,0.3,1.0,0.407,0.314,0.784,23.0,0.7304347826086957,5.8,2.3,1.6,0.4,0.5,1.1,0.374,0.307,0.746,19.3,0.4922279792746113
2021-22,TOR,1610612761,1,First Round Exit,0.585,109.4,45.3,22.1,9.0,4.6,12.5,0.445,0.349,0.759,2.3,48.0,34.0,109.6,107.3,2.3,98.9,0.5007333333333333,0.75,22.8,8.5,5.3,1.3,0.6,2.7,0.494,0.344,0.749,37.9,0.9445910290237468,20.3,4.4,6.7,1.7,0.5,2.6,0.403,0.377,0.874,37.9,0.8179419525065963,17.1,5.5,2.6,1.5,0.5,1.7,0.443,0.363,0.754,36.0,0.7083333333333335,15.3,7.5,3.5,1.1,0.7,1.8,0.492,0.301,0.735,35.4,0.7429378531073447,18.3,2.7,2.0,1.7,0.3,1.0,0.414,0.383,0.853,35.0,0.6857142857142857,9.1,6.5,1.1,0.5,0.6,1.2,0.439,0.359,0.595,23.6,0.7033898305084746,9.4,6.2,0.3,0.6,0.9,0.5,0.464,0.297,0.777,21.1,0.8009478672985783,4.5,4.3,1.0,0.5,0.5,0.5,0.485,0.0,0.746,18.0,0.5722222222222223
2021-22,UTA,1610612762,1,First Round Exit,0.598,113.6,46.3,22.4,7.2,4.9,14.0,0.471,0.36,0.767,6.0,49.0,33.0,114.0,107.9,6.1,99.4,0.4991333333333333,0.75,25.9,4.2,5.3,1.5,0.2,3.0,0.448,0.355,0.853,33.8,1.0088757396449706,15.6,14.7,1.1,0.7,2.1,1.8,0.713,0.0,0.69,32.1,1.0093457943925237,7.4,4.8,2.5,1.1,0.4,1.0,0.457,0.389,0.804,31.2,0.4871794871794871,18.1,4.3,1.7,0.5,0.0,1.7,0.455,0.387,0.858,30.9,0.7411003236245955,13.7,3.0,5.3,1.3,0.3,1.7,0.435,0.408,0.796,28.6,0.7657342657342657,16.0,3.5,2.5,0.8,0.2,1.6,0.419,0.318,0.828,27.1,0.7896678966789666,10.6,2.9,2.4,0.7,0.4,1.4,0.372,0.311,0.743,22.6,0.6902654867256637,8.1,4.4,1.0,0.5,0.3,0.9,0.414,0.345,0.785,18.9,0.7089947089947091
2021-22,WAS,1610612764,0,Missed Playoffs,0.427,108.6,43.1,25.0,6.4,5.0,13.1,0.472,0.342,0.783,-3.4,35.0,47.0,108.9,112.3,-3.4,99.0,0.5007333333333333,0.5,23.2,4.7,6.6,0.9,0.4,3.4,0.451,0.3,0.833,36.0,0.8999999999999999,17.1,8.5,3.5,0.6,0.9,2.6,0.452,0.341,0.712,33.4,0.8383233532934132,13.2,3.4,1.9,1.1,0.3,1.3,0.435,0.39,0.89,30.2,0.6158940397350993,20.2,8.1,2.3,0.7,1.6,1.6,0.459,0.31,0.867,29.0,1.079310344827586,8.4,5.2,2.0,0.7,0.5,1.1,0.432,0.317,0.757,24.2,0.6487603305785125,8.2,2.7,1.1,0.5,0.3,0.6,0.455,0.35,0.871,23.4,0.5213675213675214,11.3,3.8,1.1,0.5,0.2,0.8,0.491,0.447,0.697,22.5,0.7155555555555556,9.4,5.7,0.9,0.4,1.4,0.9,0.693,0.0,0.699,20.1,0.8407960199004973
2022-23,ATL,1610612737,1,First Round Exit,0.5,118.4,44.4,25.0,7.1,4.9,12.9,0.483,0.352,0.818,0.3,41.0,41.0,113.9,113.6,0.3,103.1,0.509,0.75,20.5,5.3,6.1,1.5,0.3,2.2,0.464,0.344,0.832,36.4,0.8653846153846153,26.2,3.0,10.2,1.1,0.1,4.1,0.429,0.335,0.886,34.8,1.0488505747126438,15.4,4.2,1.4,0.5,0.3,1.2,0.461,0.35,0.826,31.7,0.6498422712933755,13.1,6.5,1.2,0.6,1.0,1.1,0.508,0.292,0.803,30.0,0.7100000000000001,14.0,3.1,2.8,0.8,0.3,1.2,0.447,0.406,0.831,27.9,0.7096774193548389,13.8,4.7,1.5,0.9,0.2,0.9,0.422,0.361,0.861,27.6,0.7318840579710144,12.0,11.0,0.9,0.7,1.2,0.8,0.653,0.0,0.603,26.6,0.9398496240601502,9.9,7.2,1.0,0.7,1.3,1.0,0.638,0.308,0.781,23.1,0.8268398268398268
2022-23,BOS,1610612738,3,Conference Finals,0.695,117.9,45.3,26.7,6.4,5.2,13.4,0.475,0.377,0.812,6.5,57.0,25.0,115.7,109.3,6.4,100.4,0.509,0.875,30.1,8.8,4.6,1.1,0.7,2.9,0.466,0.35,0.854,36.9,1.1490514905149056,26.6,6.9,3.5,1.1,0.4,2.9,0.491,0.335,0.765,35.9,0.9916434540389972,11.5,3.1,6.3,1.5,0.4,2.3,0.415,0.336,0.746,32.1,0.6386292834890964,9.8,6.2,3.0,0.5,1.0,0.6,0.476,0.446,0.714,30.5,0.6524590163934426,12.4,3.6,3.9,0.7,0.9,1.2,0.462,0.381,0.875,28.3,0.7173144876325087,14.9,4.2,3.7,0.7,0.3,1.5,0.484,0.444,0.87,26.0,0.8576923076923078,8.1,4.6,1.7,0.5,0.4,1.0,0.454,0.395,0.77,25.9,0.5521235521235521,8.0,8.3,1.4,0.6,1.4,1.0,0.747,0.0,0.61,23.5,0.7957446808510638
2022-23,BKN,1610612751,1,First Round Exit,0.549,113.4,40.5,25.5,7.1,6.2,13.7,0.487,0.378,0.8,0.9,45.0,37.0,113.0,112.1,0.9,100.1,0.509,0.125,20.1,4.4,3.3,1.1,0.7,1.5,0.468,0.382,0.895,35.7,0.7871148459383753,16.0,9.0,7.0,0.0,1.0,4.0,0.5,0.4,1.0,35.1,0.8262108262108262,17.3,3.4,6.5,0.8,0.3,1.8,0.438,0.369,0.812,34.5,0.7681159420289855,8.8,5.1,3.7,0.9,0.6,1.5,0.386,0.389,0.725,31.7,0.5552050473186121,8.3,4.8,1.5,0.8,0.5,0.9,0.391,0.337,0.763,30.4,0.493421052631579,12.6,9.2,1.9,0.9,2.5,1.3,0.705,0.0,0.541,29.9,0.8628762541806019,15.5,4.4,1.9,1.2,0.3,0.9,0.47,0.404,0.842,28.6,0.7832167832167831,6.9,6.3,6.1,1.3,0.6,2.3,0.566,0.0,0.439,26.3,0.7186311787072243
2022-23,CHA,1610612766,0,Missed Playoffs,0.329,111.0,44.5,25.1,7.7,5.2,14.2,0.457,0.33,0.749,-6.2,27.0,55.0,106.7,112.7,-6.0,103.2,0.509,0.625,21.1,4.1,5.1,1.2,0.3,2.1,0.415,0.327,0.809,35.3,0.841359773371105,23.3,6.4,8.4,1.3,0.3,3.6,0.411,0.376,0.843,35.2,1.0255681818181817,15.7,4.9,2.4,0.9,1.1,1.5,0.444,0.348,0.73,32.6,0.7208588957055214,20.3,5.2,1.1,1.4,0.4,1.3,0.431,0.319,0.76,32.2,0.841614906832298,14.7,4.3,4.1,0.8,0.2,2.0,0.475,0.325,0.811,31.5,0.7015873015873016,8.8,3.1,4.8,1.4,0.5,1.5,0.412,0.216,0.736,25.7,0.6653696498054474,6.7,2.8,3.5,0.8,0.3,1.3,0.402,0.295,0.851,19.4,0.6597938144329898,9.0,7.1,0.4,0.7,1.0,0.9,0.637,0.0,0.691,19.3,0.8963730569948186
2022-23,CHI,1610612741,0,Missed Playoffs,0.488,113.1,42.4,24.5,7.9,4.5,13.4,0.49,0.361,0.809,1.3,40.0,42.0,111.7,110.4,1.3,100.1,0.509,0.875,24.5,4.6,5.1,1.1,0.5,2.1,0.504,0.324,0.872,36.2,0.930939226519337,24.8,4.5,4.2,0.9,0.2,2.5,0.485,0.375,0.848,35.9,0.8941504178272981,17.6,11.0,3.2,0.7,0.7,1.7,0.52,0.349,0.835,33.5,0.9402985074626868,10.2,4.0,1.2,0.9,0.9,1.2,0.464,0.415,0.857,28.3,0.5653710247349822,6.2,3.7,2.9,0.9,0.6,0.9,0.4,0.335,0.723,27.1,0.4944649446494464,8.6,2.8,2.6,0.8,0.3,1.2,0.493,0.312,0.805,26.2,0.5305343511450382,5.6,2.9,2.9,1.5,0.7,1.1,0.455,0.364,0.808,23.5,0.5319148936170213,9.7,2.9,2.8,0.7,0.1,1.0,0.443,0.372,0.871,23.4,0.6495726495726496
2022-23,CLE,1610612739,1,First Round Exit,0.622,112.3,41.1,24.9,7.1,4.7,13.3,0.488,0.367,0.78,5.4,51.0,31.0,113.7,108.3,5.4,97.7,0.509,0.875,28.3,4.3,4.4,1.5,0.4,2.6,0.484,0.386,0.867,35.8,1.0139664804469273,21.6,2.7,7.8,1.2,0.1,2.9,0.462,0.41,0.863,35.5,0.859154929577465,16.2,9.0,2.8,0.8,1.5,1.8,0.554,0.216,0.674,34.4,0.8284883720930233,14.3,9.8,1.7,0.8,1.2,1.4,0.644,0.1,0.733,32.6,0.8098159509202454,12.1,3.8,3.9,1.0,0.3,1.6,0.431,0.392,0.722,30.2,0.6456953642384105,6.4,2.5,1.1,0.7,0.4,0.6,0.494,0.363,0.757,21.7,0.4838709677419355,4.7,3.4,0.8,0.6,0.5,0.4,0.412,0.354,0.652,20.3,0.4729064039408867,8.7,2.3,1.5,0.5,0.1,0.7,0.451,0.372,0.694,20.1,0.6169154228855721
2022-23,DAL,1610612742,0,Missed Playoffs,0.463,114.2,38.8,22.9,6.3,3.7,12.2,0.475,0.371,0.755,0.1,38.0,44.0,114.3,114.3,0.1,98.6,0.4909333333333333,0.75,27.1,5.1,5.5,1.1,0.8,2.1,0.494,0.379,0.905,37.3,1.0053619302949062,32.4,8.6,8.0,1.4,0.5,3.6,0.496,0.342,0.742,36.2,1.3066298342541434,14.4,3.5,1.8,0.7,0.2,0.8,0.401,0.385,0.77,30.3,0.6534653465346534,7.2,3.6,1.4,0.7,0.2,0.5,0.409,0.38,0.703,30.3,0.4158415841584158,16.6,7.3,1.8,0.4,1.1,1.8,0.515,0.376,0.772,25.9,0.9806949806949808,9.1,3.0,1.7,0.7,0.1,1.2,0.537,0.402,0.723,25.7,0.5214007782101167,5.9,3.6,1.4,0.3,0.8,0.7,0.456,0.348,0.711,25.1,0.4501992031872511,6.7,4.1,0.9,0.6,0.3,0.9,0.732,0.0,0.667,19.2,0.6093750000000001
2022-23,DEN,1610612743,5,Champion,0.646,115.8,43.0,28.9,7.5,4.5,14.5,0.504,0.379,0.751,3.3,53.0,29.0,115.0,111.7,3.3,100.3,0.4909333333333333,0.5,24.5,11.8,9.8,1.3,0.7,3.6,0.632,0.383,0.822,33.7,1.320474777448071,20.0,4.0,6.2,1.0,0.2,2.2,0.454,0.398,0.833,32.8,0.8902439024390244,10.8,2.7,2.4,1.5,0.5,1.1,0.462,0.423,0.824,31.3,0.5367412140575079,16.3,6.6,3.0,0.8,0.8,1.4,0.564,0.347,0.608,30.2,0.8642384105960266,17.4,5.5,1.0,0.6,0.5,1.1,0.487,0.414,0.8,29.0,0.8241379310344827,11.5,4.1,3.4,1.1,0.6,1.5,0.483,0.358,0.758,28.5,0.6736842105263159,10.2,2.1,3.4,0.7,0.1,1.7,0.411,0.333,0.91,24.4,0.6065573770491804,7.8,2.6,1.2,0.3,0.3,0.8,0.488,0.288,0.744,19.5,0.5846153846153846
2022-23,DET,1610612765,0,Missed Playoffs,0.207,110.3,42.4,23.0,7.0,3.8,15.1,0.454,0.351,0.771,-8.2,17.0,65.0,107.8,115.9,-8.0,101.6,0.509,0.625,19.9,6.2,6.0,0.8,0.6,3.3,0.415,0.279,0.837,33.3,0.9069069069069068,21.6,3.8,2.6,0.6,0.1,2.3,0.488,0.411,0.884,32.1,0.8224299065420562,16.3,3.9,5.2,0.8,0.2,3.2,0.416,0.343,0.747,31.1,0.7459807073954984,11.3,8.1,1.4,0.4,0.7,1.4,0.442,0.327,0.738,28.3,0.7243816254416959,10.3,2.9,6.2,1.4,0.4,2.3,0.377,0.28,0.821,28.3,0.6678445229681979,9.1,8.9,1.1,0.7,0.9,1.4,0.648,0.0,0.611,24.9,0.7751004016064258,12.0,6.4,0.9,0.5,0.7,1.1,0.529,0.288,0.75,23.6,0.8220338983050844,6.7,2.8,0.8,0.5,0.5,0.6,0.417,0.365,0.821,23.1,0.4632034632034632
2022-23,GSW,1610612744,2,Second Round Exit,0.537,118.9,44.6,29.8,7.2,4.0,16.3,0.479,0.385,0.794,1.8,44.0,38.0,113.5,111.8,1.7,104.0,0.4909333333333333,0.875,29.4,6.1,6.3,0.9,0.4,3.2,0.493,0.427,0.915,34.7,1.1498559077809796,21.9,4.1,2.4,0.7,0.4,1.8,0.436,0.412,0.879,33.0,0.8393939393939392,17.1,5.0,2.3,1.2,0.8,1.3,0.473,0.396,0.611,32.2,0.7795031055900621,8.5,7.2,6.8,1.0,0.8,2.8,0.527,0.305,0.713,31.5,0.6825396825396826,20.4,2.7,4.5,0.8,0.3,3.1,0.43,0.336,0.87,30.0,0.8533333333333333,9.4,4.5,3.5,1.3,0.1,1.6,0.435,0.397,0.817,26.3,0.6539923954372623,7.0,9.3,2.5,0.6,0.6,0.5,0.63,0.0,0.606,23.9,0.8158995815899583,9.9,3.4,1.9,0.6,0.5,1.4,0.525,0.37,0.652,20.8,0.7163461538461539
2022-23,HOU,1610612745,0,Missed Playoffs,0.268,110.7,46.3,22.4,7.3,4.6,16.2,0.457,0.327,0.754,-7.9,22.0,60.0,107.7,115.3,-7.6,102.5,0.4909333333333333,0.75,19.2,5.3,5.7,1.4,0.3,3.2,0.442,0.366,0.784,34.3,0.8367346938775511,22.1,3.7,3.7,0.8,0.2,2.6,0.416,0.338,0.786,34.2,0.8157894736842104,12.8,7.2,1.3,0.5,0.9,1.3,0.408,0.307,0.786,31.0,0.6903225806451613,14.8,9.0,3.9,0.9,0.9,2.6,0.553,0.333,0.715,28.9,0.9307958477508648,12.7,5.5,1.5,0.5,0.4,1.1,0.569,0.315,0.68,28.0,0.6964285714285713,9.1,3.8,2.7,0.7,0.2,1.5,0.48,0.283,0.725,21.9,0.6849315068493149,9.3,6.0,1.1,1.2,0.6,1.2,0.448,0.343,0.752,21.6,0.7870370370370372,4.0,1.7,2.3,0.5,0.1,1.5,0.342,0.286,0.667,16.0,0.44375
2022-23,IND,1610612754,0,Missed Playoffs,0.427,116.3,41.5,27.0,7.7,5.8,14.9,0.469,0.367,0.79,-3.2,35.0,47.0,111.0,114.0,-3.0,104.4,0.509,0.625,20.7,3.7,10.4,1.6,0.4,2.5,0.49,0.4,0.871,33.6,1.0208333333333333,16.8,5.0,2.8,1.2,0.3,1.7,0.458,0.425,0.822,31.0,0.7870967741935485,18.0,7.5,1.4,0.6,2.3,1.7,0.548,0.373,0.783,29.4,0.95578231292517,16.7,4.1,1.5,0.6,0.2,1.9,0.434,0.323,0.828,28.5,0.743859649122807,9.5,2.7,4.5,0.9,0.2,1.7,0.441,0.35,0.79,27.6,0.5833333333333333,10.1,3.8,1.3,0.8,0.5,1.0,0.427,0.366,0.838,24.9,0.6224899598393575,8.7,3.1,5.3,1.1,0.1,1.9,0.543,0.441,0.853,20.4,0.8039215686274511,7.9,2.5,1.4,0.5,0.2,0.9,0.369,0.316,0.847,19.5,0.5948717948717949
2022-23,LAC,1610612746,1,First Round Exit,0.537,113.6,43.2,23.9,7.1,4.4,14.2,0.477,0.381,0.781,0.5,44.0,38.0,112.4,111.9,0.5,100.3,0.4909333333333333,0.5,23.8,6.1,5.1,1.5,0.4,3.1,0.457,0.371,0.871,34.6,0.9768786127167628,23.8,6.5,3.9,1.4,0.5,1.7,0.512,0.416,0.871,33.6,1.0238095238095235,15.9,5.8,7.5,1.0,0.5,3.5,0.436,0.311,0.656,29.1,0.9347079037800686,10.8,9.9,1.0,0.4,1.3,1.5,0.634,0.0,0.697,28.5,0.768421052631579,12.4,1.9,2.7,0.6,0.4,1.5,0.446,0.371,0.821,28.5,0.5789473684210527,11.2,4.0,1.8,0.6,0.3,0.9,0.426,0.365,0.782,28.1,0.604982206405694,17.0,2.9,1.8,0.8,0.3,1.7,0.479,0.397,0.812,26.1,0.8084291187739464,10.8,8.9,3.1,0.6,0.6,1.5,0.68,0.0,0.636,26.0,0.8653846153846156
2022-23,LAL,1610612747,3,Conference Finals,0.524,117.2,45.7,25.3,6.4,4.6,14.1,0.482,0.346,0.775,0.6,43.0,39.0,111.8,111.3,0.5,103.8,0.4909333333333333,0.375,28.9,8.3,6.8,0.9,0.6,3.2,0.5,0.321,0.768,35.5,1.191549295774648,25.9,12.5,2.6,1.1,2.0,2.2,0.563,0.257,0.784,34.0,1.2323529411764709,17.8,3.0,6.2,1.0,0.4,2.6,0.469,0.396,0.829,32.5,0.7938461538461538,12.6,2.5,4.5,0.8,0.2,1.7,0.415,0.329,0.857,30.1,0.627906976744186,13.0,3.0,3.4,0.5,0.3,1.5,0.529,0.398,0.864,28.8,0.6493055555555555,12.7,3.5,1.5,0.8,0.1,1.1,0.395,0.357,0.769,25.8,0.6782945736434108,7.1,4.1,1.3,0.8,0.2,0.6,0.43,0.381,0.872,24.5,0.5265306122448979,7.9,7.5,2.4,1.1,0.3,1.2,0.548,0.322,0.691,24.1,0.7468879668049794
2022-23,MEM,1610612763,1,First Round Exit,0.622,116.9,46.6,26.0,8.3,5.8,13.6,0.475,0.351,0.733,3.9,51.0,31.0,112.3,108.5,3.8,103.6,0.4909333333333333,0.75,3.0,4.0,7.0,3.0,0.0,2.0,0.333,0.333,0.0,40.8,0.3676470588235294,26.2,5.9,8.1,1.1,0.3,3.4,0.466,0.307,0.748,31.9,1.1974921630094046,21.5,5.0,4.4,1.0,0.4,2.2,0.479,0.408,0.883,31.7,0.9495268138801262,14.3,3.3,2.6,0.9,0.2,1.4,0.396,0.326,0.779,30.3,0.6567656765676568,18.6,6.8,1.0,1.0,3.0,1.7,0.506,0.355,0.788,28.4,1.0105633802816902,8.6,11.5,2.3,0.9,1.1,1.9,0.597,0.0,0.364,27.0,0.8333333333333335,10.3,2.5,5.2,1.0,0.1,0.9,0.438,0.371,0.806,24.2,0.7520661157024795,9.3,2.7,1.5,0.5,0.1,0.8,0.492,0.494,0.949,22.3,0.5964125560538116
2022-23,MIA,1610612748,4,Finals Loss,0.537,109.5,40.6,23.8,8.0,3.0,13.5,0.46,0.344,0.831,-0.3,44.0,38.0,110.4,110.7,-0.3,98.5,0.509,1.0,20.1,5.4,4.2,0.8,0.2,2.4,0.439,0.378,0.934,34.9,0.8108882521489972,20.4,9.2,3.2,1.2,0.8,2.5,0.54,0.083,0.806,34.6,0.9335260115606936,22.9,5.9,5.3,1.8,0.3,1.6,0.539,0.35,0.85,33.4,1.0359281437125745,11.2,4.1,5.1,1.0,0.4,1.9,0.404,0.345,0.859,31.2,0.6378205128205128,9.6,4.8,1.6,1.0,0.4,1.1,0.464,0.356,0.805,29.3,0.5563139931740613,11.5,3.2,2.1,0.5,0.2,0.9,0.41,0.35,0.876,28.4,0.5845070422535212,10.7,3.0,3.5,1.4,0.3,2.1,0.397,0.33,0.747,26.3,0.6387832699619771,9.4,2.1,2.5,0.9,0.1,1.4,0.402,0.334,0.872,25.9,0.5250965250965252
2022-23,MIL,1610612749,1,First Round Exit,0.707,116.9,48.6,25.8,6.4,4.9,14.6,0.473,0.368,0.743,3.6,58.0,24.0,112.8,109.3,3.5,102.9,0.509,0.875,19.3,5.1,7.4,1.2,0.4,2.9,0.479,0.384,0.859,32.6,0.9355828220858896,31.1,11.8,5.7,0.8,0.8,3.9,0.553,0.275,0.645,32.1,1.442367601246106,15.9,6.7,1.3,0.5,2.5,1.4,0.531,0.374,0.784,30.4,0.8388157894736844,10.4,3.3,2.3,0.9,0.2,1.0,0.44,0.399,0.905,27.4,0.5875912408759124,14.1,9.6,1.5,0.4,0.2,1.2,0.496,0.37,0.768,26.0,0.946153846153846,15.1,4.2,4.9,0.7,0.2,2.2,0.436,0.315,0.902,24.3,0.9423868312757202,7.6,4.6,1.3,0.6,0.2,0.5,0.392,0.339,0.659,23.7,0.5822784810126582,6.9,2.8,3.3,0.7,0.1,1.2,0.435,0.409,0.857,22.7,0.5550660792951542
2022-23,MIN,1610612750,1,First Round Exit,0.512,115.8,41.9,26.2,8.0,5.4,15.3,0.49,0.365,0.755,0.0,42.0,40.0,111.3,111.3,0.0,103.2,0.4909333333333333,0.5,24.6,5.8,4.4,1.6,0.7,3.3,0.459,0.369,0.756,36.0,0.9388888888888892,20.8,8.1,4.8,0.7,0.6,3.0,0.495,0.366,0.874,33.0,0.9696969696969696,13.4,11.6,1.2,0.8,1.4,1.7,0.659,0.0,0.644,30.7,0.8697068403908794,12.1,3.9,1.9,0.9,1.0,1.4,0.517,0.398,0.736,30.6,0.6013071895424836,11.9,2.7,6.7,1.1,0.2,1.5,0.428,0.385,0.834,30.3,0.6963696369636964,9.4,5.3,4.9,1.1,0.9,1.5,0.509,0.41,0.735,28.4,0.7077464788732395,9.1,2.4,1.6,0.5,0.3,1.3,0.467,0.381,0.844,22.1,0.5701357466063348,4.9,1.6,1.4,0.5,0.1,0.4,0.435,0.35,0.769,19.5,0.4153846153846153
2022-23,NOP,1610612740,0,Missed Playoffs,0.512,114.4,43.7,25.9,8.3,4.1,14.6,0.48,0.364,0.793,1.9,42.0,40.0,111.8,109.9,1.8,101.4,0.4909333333333333,0.75,20.9,4.4,5.7,0.9,0.5,2.4,0.437,0.389,0.769,35.3,0.8498583569405098,24.7,5.5,5.8,0.7,0.4,3.3,0.484,0.39,0.882,34.2,0.9883040935672516,26.0,7.0,4.6,1.1,0.6,3.4,0.608,0.368,0.714,33.0,1.087878787878788,14.5,3.6,1.4,1.1,0.5,0.8,0.484,0.406,0.905,31.0,0.6548387096774194,9.8,4.1,2.5,1.6,0.6,1.3,0.469,0.335,0.764,29.6,0.5844594594594594,14.1,10.2,1.8,0.3,0.7,2.0,0.547,0.349,0.826,24.9,1.008032128514056,10.1,2.7,2.7,1.1,0.3,1.3,0.431,0.365,0.852,23.5,0.6638297872340426,9.1,3.6,2.5,0.7,0.2,1.3,0.433,0.303,0.789,23.3,0.6351931330472101
2022-23,NYK,1610612752,2,Second Round Exit,0.573,116.0,46.6,22.9,6.4,4.1,13.0,0.47,0.354,0.761,2.9,47.0,35.0,114.9,112.0,2.9,99.6,0.509,0.625,25.1,10.0,4.1,0.6,0.3,2.8,0.459,0.343,0.757,35.5,1.0507042253521128,24.0,3.5,6.2,0.9,0.2,2.1,0.491,0.416,0.829,35.0,0.9342857142857144,19.6,5.0,2.8,0.4,0.2,2.2,0.434,0.31,0.74,33.9,0.7610619469026549,9.8,7.8,3.8,1.2,0.3,1.5,0.529,0.372,0.75,32.3,0.6625386996904026,11.3,3.2,2.1,0.7,0.4,1.0,0.468,0.386,0.796,29.9,0.5585284280936454,14.9,4.2,3.4,1.0,0.2,1.2,0.448,0.37,0.819,28.9,0.7785467128027682,7.4,9.4,0.9,0.9,1.8,0.7,0.671,0.0,0.484,26.9,0.7323420074349443,5.0,6.5,1.2,0.6,0.8,0.8,0.535,0.216,0.676,19.9,0.6683417085427136
2022-23,OKC,1610612760,0,Missed Playoffs,0.488,117.5,43.7,24.4,8.2,4.2,13.0,0.465,0.356,0.809,1.1,40.0,42.0,112.3,111.2,1.0,103.7,0.4909333333333333,0.75,31.4,4.8,5.5,1.6,1.0,2.8,0.51,0.345,0.905,35.5,1.1690140845070425,16.6,7.9,6.2,0.8,0.4,2.8,0.482,0.325,0.731,31.1,0.935691318327974,13.7,4.6,2.1,1.0,0.3,1.2,0.388,0.33,0.772,30.7,0.6677524429967426,14.1,4.5,3.3,1.4,0.5,1.6,0.521,0.356,0.812,30.3,0.7326732673267327,8.0,4.9,2.0,0.8,0.3,0.6,0.517,0.373,0.436,22.8,0.6754385964912281,8.1,4.7,1.9,0.6,1.3,1.3,0.434,0.365,0.629,20.6,0.7427184466019418,9.5,2.4,1.2,0.7,0.1,0.5,0.441,0.409,0.82,19.1,0.7015706806282721,6.8,4.2,1.0,0.6,0.3,0.4,0.444,0.333,0.833,18.9,0.6613756613756614
2022-23,ORL,1610612753,0,Missed Playoffs,0.415,111.4,43.2,23.2,7.4,4.7,15.1,0.47,0.346,0.784,-2.6,34.0,48.0,109.0,111.5,-2.5,101.7,0.509,0.875,20.0,6.9,3.7,0.8,0.5,2.8,0.427,0.298,0.738,33.7,0.8635014836795251,18.6,4.1,3.5,1.0,0.2,2.1,0.485,0.361,0.842,32.6,0.7760736196319018,14.0,3.9,5.7,1.5,0.4,2.3,0.514,0.31,0.783,29.6,0.7837837837837835,15.2,8.7,2.3,0.5,0.6,1.9,0.525,0.356,0.738,29.6,0.8581081081081081,13.0,4.8,3.9,0.6,0.5,1.5,0.454,0.364,0.894,25.9,0.8223938223938224,8.3,2.0,1.2,0.9,0.3,0.6,0.45,0.431,0.9,24.7,0.4898785425101215,9.9,3.0,2.9,1.3,0.5,1.8,0.419,0.327,0.723,23.5,0.672340425531915,9.1,5.8,1.0,0.4,1.2,1.6,0.546,0.265,0.759,21.5,0.7395348837209301
2022-23,PHI,1610612755,2,Second Round Exit,0.659,115.2,40.9,25.2,7.7,4.7,13.7,0.487,0.387,0.835,4.3,54.0,28.0,115.5,111.2,4.3,98.8,0.509,0.5,21.0,6.1,10.7,1.2,0.5,3.4,0.441,0.385,0.867,36.8,0.9809782608695652,33.1,10.2,4.2,1.0,1.7,3.4,0.548,0.33,0.857,34.6,1.3526011560693645,20.3,2.9,3.5,0.8,0.1,1.3,0.481,0.434,0.845,33.6,0.7827380952380952,14.7,5.7,2.5,0.9,0.5,1.2,0.501,0.389,0.876,32.9,0.7021276595744681,20.0,4.0,2.0,1.0,0.0,2.0,0.615,0.5,0.0,28.8,0.8680555555555556,10.1,4.1,2.6,1.6,0.5,1.3,0.425,0.39,0.793,27.9,0.6308243727598567,3.5,3.9,0.8,0.5,0.2,0.6,0.427,0.393,0.826,25.6,0.32421875,9.4,4.3,1.6,1.0,0.4,1.2,0.455,0.332,0.841,23.9,0.6485355648535563
2022-23,PHX,1610612756,2,Second Round Exit,0.549,113.6,44.2,27.3,7.1,5.3,13.5,0.467,0.374,0.793,2.1,45.0,37.0,112.1,110.1,2.0,100.8,0.4909333333333333,0.625,29.1,6.7,5.0,0.7,1.4,3.3,0.56,0.404,0.919,35.6,1.112359550561798,27.8,4.5,5.5,1.0,0.3,2.7,0.494,0.351,0.855,34.6,1.052023121387283,13.9,4.3,8.9,1.5,0.4,1.9,0.44,0.375,0.831,32.0,0.846875,18.0,10.0,1.7,0.6,0.8,1.8,0.589,0.292,0.76,30.4,0.9638157894736844,7.4,5.4,1.5,0.6,0.8,0.9,0.456,0.395,0.711,24.7,0.5991902834008097,8.3,2.4,1.5,0.6,0.2,0.7,0.43,0.368,0.794,21.1,0.5829383886255924,8.2,3.0,1.3,0.4,0.1,1.1,0.442,0.445,0.904,20.4,0.5833333333333334,8.7,1.7,2.3,0.7,0.1,0.9,0.377,0.377,0.882,20.2,0.6237623762376237
2022-23,POR,1610612757,0,Missed Playoffs,0.402,113.4,40.5,24.2,6.7,4.6,14.5,0.474,0.365,0.796,-4.0,33.0,49.0,112.0,116.0,-4.0,101.0,0.4909333333333333,0.5,32.2,4.8,7.3,0.9,0.3,3.3,0.463,0.371,0.914,36.3,1.162534435261708,20.5,4.5,2.4,0.8,0.8,1.8,0.475,0.401,0.813,35.6,0.7640449438202247,21.1,2.6,4.1,0.7,0.2,2.1,0.447,0.377,0.894,35.0,0.76,15.3,3.2,8.3,1.0,0.2,1.7,0.5,0.462,0.923,31.5,0.834920634920635,6.8,5.0,3.4,1.0,0.4,1.5,0.409,0.311,0.714,26.8,0.5634328358208955,13.3,9.1,2.9,0.8,0.8,2.3,0.519,0.361,0.661,26.8,0.917910447761194,10.6,3.0,2.0,0.6,0.4,0.8,0.615,0.375,0.667,25.3,0.6245059288537548,9.7,2.2,1.4,1.0,0.4,1.2,0.446,0.313,0.853,24.7,0.5465587044534413
2022-23,SAC,1610612758,1,First Round Exit,0.585,120.7,42.5,27.3,7.0,3.4,13.5,0.494,0.369,0.79,2.6,48.0,34.0,117.0,114.4,2.6,102.4,0.4909333333333333,0.625,19.1,12.3,7.3,0.8,0.5,2.9,0.615,0.373,0.742,34.6,1.0722543352601157,25.0,4.2,6.1,1.1,0.3,2.5,0.512,0.324,0.78,33.4,1.0239520958083832,15.0,4.5,1.6,0.7,0.1,1.0,0.473,0.374,0.847,32.5,0.6430769230769231,12.2,4.6,1.2,0.8,0.5,0.8,0.453,0.411,0.765,29.8,0.6208053691275166,15.2,3.3,2.9,1.1,0.3,1.3,0.485,0.402,0.725,29.4,0.7312925170068028,13.5,2.6,3.9,0.6,0.3,1.9,0.448,0.359,0.889,22.3,0.8520179372197311,5.6,1.3,2.3,0.6,0.2,0.8,0.454,0.32,0.806,18.1,0.5082872928176794,7.6,4.1,0.9,0.4,0.4,0.9,0.458,0.363,0.815,16.9,0.7396449704142013
2022-23,SAS,1610612759,0,Missed Playoffs,0.268,113.0,43.7,27.2,7.0,3.9,15.3,0.465,0.345,0.743,-10.0,22.0,60.0,107.2,116.7,-9.5,104.5,0.4909333333333333,0.75,22.0,5.0,2.9,0.7,0.2,2.1,0.452,0.329,0.749,32.8,0.875,18.5,3.9,3.6,1.1,0.4,1.5,0.439,0.387,0.78,31.0,0.8387096774193549,12.9,3.6,6.6,1.3,0.1,1.6,0.459,0.285,0.86,29.2,0.7842465753424659,11.0,5.3,2.5,0.8,0.4,1.7,0.453,0.246,0.698,26.0,0.7038461538461539,10.2,2.7,1.9,0.5,0.1,1.2,0.44,0.302,0.829,23.5,0.6042553191489362,7.0,3.3,4.5,0.3,0.5,2.8,0.346,0.25,0.778,23.3,0.5493562231759657,11.6,6.4,2.9,0.6,0.8,2.0,0.518,0.374,0.761,22.9,0.8864628820960699,9.7,3.7,1.5,0.7,0.3,0.8,0.508,0.394,0.793,21.7,0.6958525345622119
2022-23,TOR,1610612761,0,Missed Playoffs,0.5,112.9,43.0,23.9,9.4,5.2,11.7,0.459,0.335,0.784,1.5,41.0,41.0,112.2,110.7,1.5,99.9,0.509,0.875,24.2,7.8,5.8,0.9,0.5,2.4,0.48,0.324,0.774,37.4,0.9839572192513368,19.3,4.1,7.2,1.8,0.6,2.0,0.393,0.342,0.898,36.7,0.8446866485013623,16.8,5.0,2.0,1.9,0.7,2.0,0.476,0.387,0.838,35.6,0.6853932584269662,15.3,6.6,4.8,1.1,0.8,2.0,0.456,0.281,0.772,34.8,0.7643678160919541,17.4,2.6,1.6,1.6,0.2,0.8,0.433,0.369,0.839,32.1,0.7040498442367601,12.5,9.1,2.7,0.9,1.2,1.7,0.629,0.0,0.592,26.5,0.9320754716981132,9.2,6.0,0.9,0.6,0.5,1.1,0.485,0.269,0.702,20.7,0.7777777777777777,9.4,5.5,0.4,0.6,0.8,0.5,0.493,0.328,0.762,20.0,0.8099999999999999
2022-23,UTA,1610612762,0,Missed Playoffs,0.451,117.1,45.9,26.0,6.1,5.2,15.4,0.473,0.353,0.786,-0.9,37.0,45.0,112.7,113.6,-0.9,103.2,0.4909333333333333,0.125,25.6,8.6,1.9,0.6,0.6,1.9,0.499,0.391,0.875,34.4,1.0290697674418607,20.8,4.0,4.4,0.5,0.2,3.0,0.444,0.338,0.816,32.6,0.8251533742331288,12.5,6.2,3.7,0.9,0.5,2.5,0.499,0.394,0.853,28.6,0.7447552447552446,13.2,4.5,5.6,1.1,0.5,1.6,0.537,0.472,0.774,25.8,0.9031007751937984,14.3,2.2,2.9,0.6,0.1,1.8,0.506,0.393,0.819,23.9,0.7656903765690377,9.9,4.3,2.1,0.9,0.3,1.4,0.456,0.258,0.692,23.0,0.7000000000000001,9.2,8.4,0.9,0.4,2.3,0.8,0.72,0.333,0.516,23.0,0.8869565217391304,7.9,2.1,1.1,0.3,0.3,0.7,0.427,0.355,0.812,20.5,0.5365853658536586
2022-23,WAS,1610612764,0,Missed Playoffs,0.427,113.2,43.6,25.4,6.8,5.2,14.1,0.485,0.356,0.785,-1.2,35.0,47.0,111.5,112.7,-1.2,101.1,0.509,0.75,21.2,7.2,3.7,0.6,0.5,3.0,0.448,0.333,0.73,35.0,0.862857142857143,23.2,3.9,5.4,0.9,0.7,2.9,0.506,0.365,0.842,33.5,0.9313432835820896,23.2,8.4,2.7,0.9,1.5,2.1,0.498,0.385,0.851,32.6,1.0613496932515338,11.1,2.8,1.2,0.4,0.1,0.7,0.497,0.424,0.852,28.3,0.5265017667844523,10.3,3.4,5.3,0.7,0.2,1.0,0.48,0.382,0.831,27.4,0.6897810218978102,9.2,6.4,2.8,0.9,0.4,1.6,0.437,0.297,0.739,26.6,0.6804511278195486,7.4,3.6,3.9,1.8,0.3,0.9,0.474,0.345,0.867,24.4,0.6598360655737706,9.0,5.6,1.1,0.4,1.3,1.1,0.732,0.0,0.679,20.6,0.7912621359223299
2023-24,ATL,1610612737,0,Missed Playoffs,0.439,118.3,44.7,26.6,7.5,4.5,13.5,0.465,0.364,0.797,-2.2,36.0,46.0,114.0,116.1,-2.1,102.8,0.4715333333333333,1.0,25.7,2.8,10.8,1.3,0.2,4.4,0.43,0.373,0.855,36.0,1.011111111111111,22.5,5.3,6.4,1.4,0.3,2.6,0.459,0.363,0.794,35.7,0.9327731092436972,16.0,8.7,3.6,1.2,0.8,1.8,0.511,0.355,0.728,33.7,0.8456973293768545,13.7,6.5,1.5,0.8,0.2,0.9,0.416,0.316,0.837,32.7,0.6666666666666666,16.9,3.4,3.1,1.2,0.3,1.4,0.428,0.374,0.921,30.4,0.7730263157894737,15.6,3.9,1.5,0.7,0.3,1.5,0.459,0.385,0.847,29.5,0.6949152542372882,11.5,10.6,1.2,0.6,1.5,1.0,0.571,0.0,0.631,25.8,0.9457364341085271,10.2,6.8,1.3,0.5,1.1,0.8,0.611,0.333,0.793,25.5,0.7490196078431373
2023-24,BOS,1610612738,5,Champion,0.78,120.6,46.3,26.9,6.8,6.6,11.9,0.487,0.388,0.807,11.3,64.0,18.0,120.2,108.9,11.3,99.6,0.4715333333333333,0.75,26.9,8.1,4.9,1.0,0.6,2.5,0.471,0.376,0.833,35.7,1.092436974789916,23.0,5.5,3.6,1.2,0.5,2.4,0.499,0.354,0.703,33.5,0.937313432835821,12.5,5.4,4.8,0.9,0.8,1.8,0.48,0.429,0.833,32.8,0.6890243902439024,15.2,4.2,5.2,1.0,1.2,1.5,0.461,0.396,0.901,32.6,0.7760736196319017,20.1,7.2,2.0,0.7,1.9,1.6,0.516,0.375,0.858,29.6,1.0236486486486485,8.6,6.4,2.6,0.6,1.0,0.7,0.511,0.419,0.867,26.8,0.6902985074626867,9.6,3.2,3.4,0.5,0.1,0.7,0.468,0.385,0.821,22.3,0.7219730941704037,9.0,3.5,1.0,0.5,0.3,0.4,0.446,0.424,0.895,22.0,0.6318181818181818
2023-24,BKN,1610612751,0,Missed Playoffs,0.39,110.4,44.1,25.6,6.8,5.2,13.1,0.456,0.362,0.756,-2.9,32.0,50.0,110.4,113.3,-2.9,99.3,0.4715333333333333,0.75,19.6,4.5,3.6,1.0,0.4,2.0,0.436,0.372,0.814,34.8,0.7787356321839082,22.5,3.2,2.9,0.7,0.2,1.9,0.442,0.364,0.856,31.4,0.8789808917197452,14.0,3.0,6.1,0.8,0.2,1.9,0.435,0.375,0.836,31.1,0.7138263665594856,11.8,9.9,2.1,0.6,2.1,1.3,0.629,0.2,0.551,29.8,0.8456375838926177,8.5,4.7,1.6,0.8,0.6,0.9,0.421,0.348,0.717,28.4,0.5387323943661971,13.4,4.3,2.4,0.8,0.3,1.0,0.446,0.391,0.789,27.6,0.7318840579710144,6.1,7.9,5.7,0.8,0.6,1.8,0.581,0.0,0.4,23.9,0.8075313807531381,6.6,2.9,3.6,1.2,0.2,1.2,0.435,0.294,0.741,18.9,0.7037037037037037
2023-24,CHA,1610612766,0,Missed Playoffs,0.256,106.6,40.3,24.8,6.9,4.5,13.8,0.46,0.355,0.786,-10.2,21.0,61.0,107.1,117.4,-10.3,99.3,0.4715333333333333,0.5,21.0,7.3,3.3,0.9,0.5,2.0,0.462,0.349,0.825,37.4,0.8288770053475936,23.9,5.1,8.0,1.8,0.2,3.8,0.433,0.355,0.865,32.3,1.0897832817337465,17.3,4.3,2.4,0.9,0.6,1.8,0.44,0.373,0.827,32.2,0.7360248447204968,10.3,4.2,2.3,0.6,0.5,1.4,0.456,0.375,0.757,28.0,0.5892857142857144,7.5,3.9,3.7,1.1,0.6,1.6,0.381,0.314,0.606,26.9,0.5650557620817845,12.7,9.7,1.2,0.8,1.1,0.9,0.649,0.0,0.719,26.8,0.917910447761194,9.7,8.0,0.8,0.4,1.1,1.1,0.691,0.0,0.737,26.2,0.7213740458015266,9.3,3.6,4.0,1.2,0.1,1.6,0.459,0.373,0.763,24.1,0.6887966804979252
2023-24,CHI,1610612741,0,Missed Playoffs,0.476,112.3,43.8,25.0,7.8,4.8,12.2,0.47,0.358,0.791,-1.4,39.0,43.0,112.4,113.9,-1.4,98.4,0.4715333333333333,1.0,24.0,4.3,5.3,1.1,0.6,1.7,0.48,0.333,0.853,37.8,0.888888888888889,19.1,4.5,5.1,0.7,0.2,2.1,0.447,0.376,0.838,36.5,0.7534246575342466,19.5,5.2,3.9,0.8,0.3,2.1,0.452,0.349,0.854,34.9,0.7908309455587392,18.0,10.5,3.3,0.7,0.8,1.6,0.484,0.294,0.822,34.3,0.924198250728863,12.2,2.8,3.2,0.9,0.5,1.4,0.501,0.403,0.81,29.1,0.6254295532646048,10.1,3.8,3.5,1.7,1.0,1.4,0.468,0.408,0.76,28.7,0.6515679442508711,10.0,3.9,1.5,0.9,0.8,1.3,0.443,0.399,0.788,27.3,0.5787545787545788,12.2,7.4,0.6,1.1,0.9,0.8,0.6,0.37,0.769,25.6,0.8359375
2023-24,CLE,1610612739,2,Second Round Exit,0.585,112.6,43.3,28.0,7.4,4.6,13.6,0.479,0.367,0.765,2.4,48.0,34.0,112.8,110.4,2.4,99.2,0.4715333333333333,0.75,26.6,5.1,6.1,1.8,0.5,2.8,0.462,0.368,0.865,35.3,1.056657223796034,18.0,2.7,6.5,1.3,0.1,3.1,0.446,0.371,0.834,33.3,0.7657657657657658,12.2,4.8,4.0,0.9,0.4,1.6,0.418,0.351,0.794,32.0,0.6468749999999999,16.5,10.5,2.7,0.7,1.1,1.6,0.634,0.0,0.742,31.7,0.943217665615142,15.7,9.4,3.2,0.9,1.4,1.8,0.58,0.373,0.719,30.6,0.9411764705882352,14.0,4.1,5.1,1.1,0.5,1.7,0.421,0.325,0.766,28.8,0.8020833333333335,9.4,3.0,1.9,0.8,0.5,0.8,0.49,0.391,0.679,27.3,0.5421245421245421,9.4,3.4,1.2,0.4,0.2,0.9,0.449,0.376,0.85,22.3,0.6143497757847534
2023-24,DAL,1610612742,4,Finals Loss,0.61,117.9,42.9,25.7,6.9,5.0,12.5,0.481,0.369,0.758,2.2,50.0,32.0,115.2,113.0,2.2,102.2,0.5284666666666666,0.5,33.9,9.2,9.8,1.4,0.5,4.0,0.487,0.382,0.786,37.5,1.3546666666666665,25.6,5.0,5.2,1.3,0.5,1.8,0.497,0.411,0.905,35.0,1.022857142857143,12.9,5.6,1.9,1.0,0.8,1.3,0.436,0.32,0.683,30.4,0.6875,14.4,3.2,1.8,0.5,0.1,0.9,0.402,0.353,0.852,26.8,0.7126865671641792,8.2,3.2,2.3,0.8,0.2,1.1,0.479,0.385,0.684,26.4,0.5151515151515151,11.0,7.6,1.6,0.9,2.1,1.0,0.725,0.0,0.674,24.5,0.906122448979592,8.6,3.3,1.0,0.7,0.7,0.9,0.483,0.343,0.713,23.5,0.5702127659574466,8.8,6.9,1.1,0.7,1.4,0.9,0.747,0.0,0.506,23.5,0.7659574468085106
2023-24,DEN,1610612743,2,Second Round Exit,0.695,114.9,44.4,29.5,7.1,5.6,12.6,0.496,0.374,0.762,5.3,57.0,25.0,115.6,110.3,5.3,99.3,0.5284666666666666,1.0,26.4,12.4,9.0,1.4,0.9,3.0,0.583,0.359,0.817,34.6,1.361271676300578,16.7,7.0,1.5,0.5,0.7,1.1,0.484,0.397,0.836,31.7,0.7981072555205047,10.1,2.4,2.4,1.3,0.6,1.0,0.46,0.406,0.894,31.6,0.5,13.9,6.5,3.5,0.8,0.6,1.4,0.556,0.29,0.658,31.5,0.7587301587301588,21.2,4.1,6.5,1.0,0.7,2.1,0.481,0.425,0.853,31.5,0.9968253968253968,10.2,1.9,3.8,0.5,0.1,1.3,0.431,0.359,0.806,22.2,0.6846846846846847,7.3,3.7,1.6,0.5,0.4,0.7,0.46,0.384,0.694,20.2,0.6336633663366337,6.7,3.2,1.1,0.5,1.1,0.7,0.465,0.296,0.67,18.6,0.6397849462365591
2023-24,DET,1610612765,0,Missed Playoffs,0.171,109.9,43.3,25.5,6.5,4.7,15.2,0.463,0.348,0.785,-9.1,14.0,68.0,107.2,116.1,-8.9,102.1,0.4715333333333333,0.625,22.7,4.3,7.5,0.9,0.4,3.4,0.449,0.355,0.869,33.5,0.9671641791044776,10.9,6.6,1.6,0.4,0.8,1.4,0.487,0.383,0.753,30.9,0.6116504854368933,13.8,11.6,2.4,0.5,0.8,2.1,0.619,0.0,0.79,29.1,0.9278350515463916,15.4,3.4,3.8,0.7,0.5,2.5,0.429,0.336,0.749,28.8,0.7395833333333334,8.8,6.4,1.9,1.1,0.9,1.3,0.483,0.186,0.597,25.1,0.7091633466135459,10.5,3.7,1.5,0.7,0.3,1.0,0.46,0.401,0.818,24.9,0.6305220883534136,6.9,2.8,4.9,0.9,0.5,1.2,0.413,0.297,0.66,24.0,0.6166666666666667,6.0,2.9,3.6,1.0,0.4,1.4,0.315,0.294,0.75,23.1,0.5411255411255411
2023-24,GSW,1610612744,0,Missed Playoffs,0.561,117.8,46.7,29.3,7.0,4.6,14.3,0.477,0.38,0.78,2.6,46.0,36.0,114.7,112.2,2.5,101.9,0.5284666666666666,0.75,26.4,4.5,5.1,0.7,0.4,2.8,0.45,0.408,0.923,32.7,1.0489296636085628,17.9,3.3,2.3,0.6,0.5,1.5,0.432,0.387,0.927,29.7,0.7777777777777778,8.6,7.2,6.0,1.0,0.9,2.5,0.497,0.395,0.73,27.1,0.7822878228782287,13.2,4.5,1.7,0.6,0.6,1.2,0.453,0.358,0.751,27.0,0.7185185185185186,9.2,5.8,3.7,0.8,0.2,1.2,0.454,0.385,0.633,26.6,0.6954887218045113,9.2,3.9,6.8,1.2,0.1,1.3,0.441,0.371,0.827,26.4,0.7537878787878788,16.1,4.8,2.2,0.7,0.5,1.6,0.529,0.321,0.746,26.3,0.8631178707224334,8.1,3.0,0.9,0.6,0.4,0.7,0.462,0.36,0.785,17.5,0.7028571428571428
2023-24,HOU,1610612745,0,Missed Playoffs,0.5,114.3,45.5,24.8,7.8,4.6,12.7,0.459,0.352,0.773,1.1,41.0,41.0,111.5,110.4,1.1,101.6,0.5284666666666666,0.5,17.4,3.8,8.1,1.4,0.8,1.7,0.416,0.387,0.86,36.8,0.8097826086956521,21.1,9.3,5.0,1.2,0.7,2.6,0.537,0.297,0.693,32.5,1.067692307692308,13.7,8.1,1.6,0.7,0.8,1.2,0.454,0.363,0.811,31.9,0.7429467084639498,19.6,5.2,3.5,0.8,0.3,2.3,0.423,0.332,0.804,31.7,0.8548895899053628,12.7,3.4,1.7,0.9,0.1,1.2,0.428,0.359,0.844,30.9,0.56957928802589,9.5,6.6,2.6,1.3,0.6,1.5,0.536,0.138,0.684,22.4,0.8526785714285717,9.8,7.0,1.2,1.4,0.9,0.9,0.466,0.36,0.636,21.8,0.8899082568807338,12.3,3.8,0.7,0.6,0.4,1.0,0.454,0.359,0.679,18.7,0.8983957219251337
2023-24,IND,1610612754,3,Conference Finals,0.573,123.3,41.5,30.8,7.7,5.9,12.9,0.507,0.374,0.782,3.0,47.0,35.0,117.9,115.0,2.9,104.4,0.4715333333333333,0.75,21.7,7.1,4.3,0.8,0.3,1.8,0.536,0.346,0.732,33.2,0.975903614457831,20.1,3.9,10.9,1.2,0.7,2.3,0.477,0.364,0.855,32.2,1.0714285714285716,12.2,3.8,1.5,0.9,0.7,0.9,0.496,0.419,0.781,27.7,0.6570397111913358,17.1,6.9,1.3,0.5,1.9,1.4,0.524,0.358,0.773,27.0,0.974074074074074,14.5,4.0,2.0,0.6,0.2,1.6,0.446,0.374,0.821,26.1,0.7547892720306513,9.2,2.1,4.1,0.9,0.1,1.5,0.498,0.357,0.804,25.0,0.596,10.3,3.9,1.6,0.6,0.5,0.8,0.573,0.403,0.77,21.1,0.7630331753554502,10.2,2.7,5.5,1.0,0.1,1.5,0.556,0.409,0.79,18.2,0.989010989010989
2023-24,LAC,1610612746,1,First Round Exit,0.622,115.6,43.0,25.6,7.8,5.0,13.1,0.489,0.381,0.825,3.3,51.0,31.0,116.1,112.8,3.3,99.4,0.5284666666666666,0.875,23.7,6.1,3.6,1.6,0.9,1.8,0.525,0.417,0.885,34.3,0.9941690962099128,16.6,5.1,8.5,1.1,0.8,2.6,0.428,0.381,0.878,34.3,0.8600583090379009,22.6,5.2,3.5,1.5,0.5,2.1,0.471,0.413,0.907,33.8,0.923076923076923,11.7,9.2,1.4,0.3,1.2,1.2,0.649,0.0,0.723,26.4,0.8560606060606061,13.9,2.6,1.1,0.6,0.3,0.9,0.486,0.435,0.831,26.2,0.6717557251908399,8.8,3.4,1.6,0.6,0.2,0.6,0.515,0.348,0.832,25.0,0.56,11.1,5.0,4.5,1.1,0.3,2.1,0.454,0.273,0.688,22.5,0.8844444444444446,6.6,2.1,1.1,0.6,0.2,0.5,0.472,0.38,0.859,20.9,0.4832535885167463
2023-24,LAL,1610612747,1,First Round Exit,0.573,118.0,43.1,28.5,7.4,5.5,14.0,0.499,0.377,0.782,0.6,47.0,35.0,113.6,113.0,0.6,103.0,0.5284666666666666,0.625,24.7,12.6,3.5,1.2,2.3,2.1,0.556,0.271,0.816,35.5,1.1887323943661972,25.7,7.3,8.3,1.3,0.5,3.5,0.54,0.41,0.75,35.3,1.121813031161473,18.0,3.1,6.3,0.9,0.5,2.1,0.456,0.415,0.828,32.7,0.8165137614678898,15.9,4.3,5.5,0.8,0.3,2.1,0.486,0.367,0.853,32.1,0.7694704049844237,10.5,2.7,4.7,0.7,0.3,1.2,0.392,0.337,0.805,28.3,0.6254416961130742,8.9,2.9,1.5,0.7,0.4,0.9,0.442,0.396,0.735,27.0,0.5,13.6,4.3,1.2,0.6,0.4,0.7,0.537,0.422,0.739,26.8,0.7238805970149254,5.4,2.1,1.0,1.0,0.3,0.6,0.389,0.336,0.759,20.5,0.4487804878048781
2023-24,MEM,1610612763,0,Missed Playoffs,0.329,105.8,42.6,24.7,8.2,6.1,15.1,0.435,0.346,0.764,-7.0,27.0,55.0,104.2,111.1,-6.9,101.0,0.5284666666666666,0.75,25.1,5.6,8.1,0.8,0.6,3.0,0.471,0.275,0.813,35.3,1.0538243626062325,23.7,4.4,5.5,1.0,0.5,2.7,0.464,0.381,0.87,34.4,0.9418604651162792,22.5,5.5,2.3,1.2,1.6,2.4,0.444,0.32,0.808,32.2,0.953416149068323,14.5,2.7,4.3,2.1,0.3,3.1,0.43,0.313,0.768,30.2,0.6887417218543047,10.0,5.6,3.4,0.9,0.7,1.8,0.446,0.378,0.8,27.6,0.681159420289855,10.7,5.8,2.3,0.7,0.9,1.1,0.435,0.349,0.621,26.5,0.7283018867924527,14.6,4.1,1.2,0.6,0.5,1.4,0.428,0.357,0.752,25.7,0.7626459143968872,11.0,2.9,3.5,0.5,0.1,1.4,0.448,0.45,0.889,25.6,0.6484375
2023-24,MIA,1610612748,1,First Round Exit,0.561,110.1,42.3,25.8,7.5,3.4,12.7,0.465,0.37,0.818,1.8,46.0,36.0,111.7,109.9,1.8,98.3,0.4715333333333333,0.625,19.3,10.4,3.9,1.1,0.9,2.3,0.521,0.357,0.755,34.0,0.9794117647058824,20.8,5.3,5.0,1.3,0.3,1.7,0.499,0.414,0.858,34.0,0.9117647058823528,20.8,5.3,4.5,0.7,0.1,2.2,0.441,0.396,0.856,33.5,0.8716417910447762,19.8,4.0,5.6,1.0,0.3,1.7,0.443,0.363,0.869,33.4,0.8682634730538923,11.9,3.8,2.6,1.0,0.3,1.5,0.489,0.322,0.811,28.2,0.6418439716312058,12.9,2.5,2.8,0.7,0.2,1.4,0.45,0.395,0.889,28.0,0.6321428571428571,10.0,4.4,2.2,0.7,0.5,1.2,0.431,0.349,0.778,27.4,0.6058394160583942,9.9,2.8,2.4,0.6,0.3,0.8,0.444,0.347,0.944,25.6,0.5937499999999999
2023-24,MIL,1610612749,1,First Round Exit,0.598,119.0,44.2,26.5,6.8,5.0,12.9,0.487,0.373,0.774,2.6,49.0,33.0,116.0,113.5,2.6,101.9,0.4715333333333333,0.75,24.3,4.4,7.0,1.0,0.2,2.6,0.424,0.354,0.92,35.3,0.9716713881019832,30.4,11.5,6.5,1.2,1.1,3.4,0.611,0.274,0.657,35.2,1.34375,12.5,5.2,1.6,0.5,2.4,1.0,0.485,0.366,0.821,30.5,0.6950819672131148,11.3,3.7,1.4,0.7,0.1,0.7,0.443,0.413,0.714,29.6,0.5574324324324325,15.1,4.7,5.3,0.9,0.3,2.3,0.493,0.381,0.833,27.0,0.8888888888888888,13.8,7.4,1.3,0.8,0.4,1.1,0.508,0.407,0.79,24.5,0.9224489795918368,6.2,3.2,1.3,0.8,0.2,0.5,0.422,0.349,0.722,23.1,0.4848484848484848,5.6,3.1,2.1,0.5,0.3,0.6,0.435,0.345,0.759,22.1,0.4977375565610859
2023-24,MIN,1610612750,3,Conference Finals,0.683,113.0,43.6,26.6,7.9,6.1,14.2,0.485,0.387,0.777,6.5,56.0,26.0,113.1,106.6,6.5,99.3,0.5284666666666666,1.0,25.9,5.4,5.1,1.3,0.5,3.1,0.461,0.357,0.836,35.1,0.9999999999999998,14.0,12.9,1.3,0.7,2.1,1.6,0.661,0.0,0.638,34.1,0.8621700879765395,21.8,8.3,3.0,0.7,0.7,2.9,0.504,0.416,0.873,32.7,0.9663608562691132,10.5,3.1,1.4,0.9,0.6,1.2,0.489,0.337,0.722,29.2,0.523972602739726,11.4,2.9,5.9,1.2,0.2,1.3,0.457,0.442,0.911,28.9,0.7024221453287198,13.5,5.2,1.3,0.8,0.9,1.4,0.477,0.414,0.736,24.2,0.8388429752066117,8.0,2.0,2.5,0.8,0.5,0.9,0.439,0.391,0.8,23.4,0.5512820512820513,6.4,3.5,4.2,0.9,0.6,1.2,0.46,0.229,0.708,22.6,0.6371681415929205
2023-24,NOP,1610612740,1,First Round Exit,0.598,115.1,44.0,27.0,8.3,4.6,13.0,0.486,0.383,0.771,4.4,49.0,33.0,115.0,110.6,4.4,99.9,0.5284666666666666,1.0,20.8,5.1,5.7,0.8,0.6,2.5,0.492,0.355,0.801,32.9,0.9270516717325228,20.0,4.3,4.6,0.9,0.6,1.7,0.459,0.429,0.827,32.7,0.8776758409785932,22.9,5.8,5.0,1.1,0.7,2.8,0.57,0.333,0.702,31.5,1.0380952380952384,11.0,3.6,2.6,1.4,0.8,1.2,0.498,0.418,0.867,30.5,0.5967213114754099,14.8,4.9,2.2,0.9,0.5,0.6,0.443,0.38,0.815,29.7,0.7643097643097643,12.2,8.8,2.1,0.4,0.8,1.4,0.559,0.308,0.785,23.5,0.974468085106383,5.8,3.9,2.7,1.4,0.4,1.0,0.447,0.311,0.642,22.3,0.5919282511210762,5.7,5.0,1.9,1.0,0.3,0.8,0.573,0.415,0.77,19.9,0.6582914572864322
2023-24,NYK,1610612752,2,Second Round Exit,0.61,112.8,45.2,24.4,7.5,4.1,13.2,0.465,0.369,0.78,4.6,50.0,32.0,114.1,109.5,4.6,98.6,0.4715333333333333,0.625,28.7,3.6,6.7,0.9,0.2,2.4,0.479,0.401,0.847,35.4,1.0649717514124295,24.0,9.2,5.0,0.5,0.3,3.5,0.472,0.311,0.781,35.4,1.0028248587570625,14.7,4.2,2.1,1.4,0.7,1.6,0.489,0.382,0.753,34.0,0.6323529411764705,9.4,8.3,4.1,0.9,0.3,1.5,0.434,0.31,0.791,33.4,0.6437125748502995,15.5,3.7,2.7,1.3,0.4,1.4,0.443,0.401,0.754,29.1,0.7628865979381443,15.2,2.7,1.7,0.5,0.1,1.8,0.454,0.398,0.785,25.9,0.7104247104247104,7.8,8.3,2.5,1.2,1.1,1.2,0.644,0.333,0.707,25.3,0.7786561264822135,5.6,8.5,0.6,1.2,1.1,0.8,0.575,0.0,0.409,24.8,0.6532258064516129
2023-24,OKC,1610612760,2,Second Round Exit,0.695,120.1,42.0,27.1,8.5,6.6,12.7,0.499,0.389,0.825,7.4,57.0,25.0,117.0,109.8,7.2,102.0,0.5284666666666666,0.5,30.1,5.5,6.2,2.0,0.9,2.2,0.535,0.353,0.874,34.0,1.25,19.1,4.0,4.5,1.1,0.6,1.7,0.54,0.427,0.814,31.3,0.8817891373801918,16.5,7.9,2.4,0.6,2.3,1.6,0.53,0.37,0.793,29.4,0.95578231292517,10.9,3.6,1.4,0.9,0.6,0.9,0.438,0.394,0.826,28.4,0.5809859154929579,12.3,6.4,4.8,0.7,0.6,2.1,0.475,0.337,0.806,25.1,0.904382470119522,9.8,3.5,3.1,0.8,0.3,1.3,0.464,0.411,0.742,24.4,0.6639344262295084,6.8,2.3,1.5,0.9,0.5,0.5,0.491,0.419,0.784,20.6,0.558252427184466,4.4,5.2,1.3,0.3,0.9,1.1,0.565,0.0,0.481,19.8,0.5555555555555557
2023-24,ORL,1610612753,1,First Round Exit,0.573,110.5,42.3,24.7,8.2,5.2,14.7,0.476,0.352,0.759,2.0,47.0,35.0,110.6,108.6,2.0,99.4,0.4715333333333333,1.0,22.6,6.9,5.4,0.9,0.6,3.1,0.455,0.339,0.725,35.0,0.9514285714285714,19.7,5.3,3.7,1.1,0.4,1.9,0.482,0.281,0.85,32.5,0.8707692307692307,12.6,3.1,2.7,1.4,0.6,1.8,0.471,0.397,0.756,27.0,0.6888888888888888,11.0,6.9,1.7,0.6,0.5,1.2,0.525,0.374,0.694,25.6,0.76171875,6.9,1.7,1.6,0.9,0.3,0.6,0.441,0.371,0.756,24.0,0.45,11.6,3.8,2.9,0.8,0.5,1.6,0.435,0.338,0.826,22.4,0.8035714285714285,7.8,3.2,2.8,1.0,0.3,1.2,0.472,0.222,0.697,21.2,0.6556603773584907,10.9,4.3,1.2,0.5,0.3,1.2,0.601,0.33,0.814,17.7,0.903954802259887
2023-24,PHI,1610612755,1,First Round Exit,0.573,114.6,43.0,24.9,8.5,6.0,12.0,0.464,0.363,0.826,3.0,47.0,35.0,113.8,110.7,3.0,100.2,0.4715333333333333,0.5,25.9,3.7,6.2,1.0,0.5,1.7,0.45,0.373,0.868,37.5,0.9493333333333333,17.2,6.5,3.1,1.0,0.7,1.3,0.487,0.353,0.878,33.8,0.8047337278106509,34.7,11.0,5.6,1.2,1.7,3.8,0.529,0.388,0.883,33.6,1.5000000000000002,15.4,5.0,1.5,1.1,0.7,1.3,0.441,0.311,0.75,30.2,0.7417218543046358,8.1,3.2,4.2,1.0,0.4,1.4,0.432,0.392,0.84,28.2,0.549645390070922,11.1,3.7,3.0,1.6,0.4,1.0,0.386,0.36,0.835,26.9,0.6988847583643123,12.1,3.2,2.8,0.8,0.5,1.2,0.436,0.386,0.881,25.7,0.7081712062256811,5.3,4.1,2.1,0.8,0.6,0.7,0.453,0.395,0.714,25.5,0.4784313725490196
2023-24,PHX,1610612756,1,First Round Exit,0.598,116.2,44.1,27.0,7.4,6.0,14.9,0.493,0.382,0.808,3.1,49.0,33.0,114.9,111.9,3.0,100.7,0.5284666666666666,0.25,27.1,6.6,5.0,0.9,1.2,3.3,0.523,0.413,0.856,37.2,1.0080645161290325,27.1,4.5,6.9,0.9,0.4,2.6,0.492,0.364,0.886,36.0,1.0333333333333332,13.5,3.9,3.0,0.9,0.6,1.3,0.499,0.461,0.878,33.5,0.6149253731343283,18.2,4.4,5.0,1.0,0.5,2.5,0.513,0.43,0.813,33.3,0.7987987987987989,11.0,1.8,2.0,1.0,0.4,1.1,0.443,0.378,0.797,27.8,0.5431654676258992,10.9,11.0,4.0,1.1,1.1,2.3,0.51,0.244,0.64,27.3,0.945054945054945,7.7,4.8,2.8,0.7,0.6,0.9,0.397,0.37,0.686,24.7,0.6356275303643726,6.5,3.2,1.2,0.4,0.2,0.9,0.403,0.293,0.691,18.1,0.5856353591160219
2023-24,POR,1610612757,0,Missed Playoffs,0.256,106.4,42.7,23.1,7.6,4.3,15.2,0.439,0.345,0.791,-9.0,21.0,61.0,105.0,113.9,-8.9,100.3,0.5284666666666666,0.5,22.6,3.6,5.5,0.5,0.1,2.7,0.43,0.385,0.916,34.4,0.86046511627907,21.0,3.5,2.8,0.8,0.6,2.1,0.451,0.402,0.817,33.9,0.784660766961652,15.9,5.0,2.9,0.9,0.4,2.3,0.406,0.333,0.824,33.1,0.6888217522658608,16.7,11.1,1.6,1.0,0.8,1.8,0.57,0.1,0.823,32.4,0.9074074074074074,15.7,3.8,5.5,0.7,0.2,1.5,0.44,0.412,0.819,28.7,0.8501742160278746,14.0,3.1,5.4,0.8,0.2,3.4,0.385,0.325,0.819,28.5,0.7052631578947369,7.5,4.9,1.2,0.9,0.5,1.2,0.45,0.337,0.758,24.8,0.5564516129032259,8.9,7.1,1.0,0.6,0.3,0.9,0.46,0.295,0.754,23.6,0.7203389830508475
2023-24,SAC,1610612758,0,Missed Playoffs,0.561,116.6,44.0,28.3,7.6,4.2,13.1,0.477,0.366,0.745,1.7,46.0,36.0,113.8,112.1,1.7,101.5,0.5284666666666666,1.0,26.6,4.6,5.6,2.0,0.4,2.6,0.465,0.369,0.738,35.9,1.01949860724234,19.4,13.7,8.2,0.9,0.6,3.3,0.594,0.379,0.704,35.7,1.1064425770308122,15.2,5.5,1.7,1.0,0.8,0.8,0.454,0.358,0.831,33.6,0.6964285714285714,12.2,3.0,1.2,0.7,0.1,0.7,0.474,0.387,0.801,29.0,0.5689655172413793,15.4,2.9,5.1,0.6,0.5,2.1,0.443,0.35,0.829,26.0,0.8615384615384615,10.2,3.5,2.6,0.7,0.4,0.8,0.443,0.361,0.766,24.4,0.680327868852459,7.2,4.4,1.2,0.3,0.3,0.7,0.445,0.384,0.7,20.0,0.6350000000000001,5.4,2.2,1.5,0.9,0.5,0.6,0.461,0.417,0.743,17.2,0.5755813953488373
2023-24,SAS,1610612759,0,Missed Playoffs,0.268,112.1,44.2,29.9,7.1,6.3,15.1,0.462,0.347,0.782,-6.5,22.0,60.0,107.5,113.7,-6.2,103.5,0.5284666666666666,0.875,19.5,3.8,4.1,1.1,0.3,1.6,0.472,0.372,0.801,33.1,0.8217522658610271,21.4,10.6,3.9,1.2,3.6,3.7,0.465,0.325,0.796,29.7,1.245791245791246,11.6,6.4,3.4,0.8,0.5,1.9,0.438,0.308,0.771,29.6,0.7027027027027027,15.7,5.5,2.8,0.7,0.3,1.4,0.454,0.346,0.792,29.5,0.8,10.0,3.8,6.2,1.0,0.1,1.5,0.505,0.335,0.856,27.8,0.7050359712230216,11.2,5.4,2.8,0.5,0.8,1.9,0.484,0.32,0.753,22.1,0.8506787330316743,9.2,2.0,2.1,0.4,0.1,1.2,0.432,0.347,0.873,21.3,0.5915492957746479,6.8,2.8,1.4,0.6,0.6,0.8,0.408,0.365,0.815,19.8,0.5757575757575757
2023-24,TOR,1610612761,0,Missed Playoffs,0.305,112.4,42.7,28.5,7.7,4.7,14.0,0.471,0.347,0.756,-6.4,25.0,57.0,109.8,116.1,-6.3,101.7,0.4715333333333333,0.375,19.9,8.2,6.1,1.3,1.5,2.8,0.475,0.341,0.781,34.9,0.979942693409742,20.2,5.4,3.3,0.5,0.4,2.2,0.495,0.36,0.715,31.7,0.8706624605678234,17.0,3.8,4.9,0.7,0.1,1.5,0.434,0.395,0.853,29.2,0.8561643835616439,13.7,2.6,1.7,1.1,0.1,0.7,0.426,0.393,0.771,28.1,0.6583629893238435,10.8,4.2,2.9,0.9,0.3,1.3,0.478,0.323,0.824,27.8,0.6402877697841726,11.1,8.6,2.5,0.7,1.5,1.5,0.656,0.0,0.551,26.4,0.8674242424242424,9.8,5.3,4.4,0.9,0.4,1.9,0.555,0.387,0.833,22.5,0.84,8.5,2.2,1.1,0.6,0.0,0.8,0.425,0.365,0.863,21.1,0.5497630331753554
2023-24,UTA,1610612762,0,Missed Playoffs,0.378,115.7,45.5,27.2,6.5,5.6,15.7,0.467,0.354,0.83,-4.9,31.0,51.0,112.0,116.7,-4.7,102.6,0.5284666666666666,0.625,23.2,8.2,2.0,0.9,0.5,1.4,0.48,0.399,0.899,33.1,1.0090634441087611,17.1,3.4,5.0,0.6,0.1,2.7,0.413,0.294,0.881,30.6,0.7679738562091504,15.1,8.5,1.1,0.6,0.9,1.4,0.532,0.371,0.795,28.0,0.8857142857142859,13.0,2.8,4.4,0.5,0.1,2.5,0.391,0.334,0.848,27.0,0.6777777777777779,18.7,2.6,4.9,0.8,0.2,2.1,0.487,0.394,0.859,26.6,0.943609022556391,8.1,7.5,0.9,0.5,2.4,1.0,0.654,0.211,0.602,23.3,0.7896995708154506,7.3,4.6,0.8,0.7,0.8,0.7,0.45,0.379,0.793,21.4,0.6308411214953271,10.1,2.4,3.5,0.9,0.4,1.3,0.396,0.33,0.807,19.8,0.8080808080808078
2023-24,WAS,1610612764,0,Missed Playoffs,0.183,113.7,41.1,27.9,7.6,5.1,14.0,0.47,0.348,0.764,-9.3,15.0,67.0,108.3,117.1,-8.8,104.8,0.4715333333333333,0.375,22.2,6.6,4.2,0.5,0.7,2.7,0.463,0.336,0.775,32.6,0.9662576687116564,14.7,7.2,3.8,0.8,0.5,2.1,0.506,0.374,0.74,30.1,0.8272425249169434,17.4,2.7,4.4,1.1,0.3,2.4,0.413,0.326,0.877,30.1,0.7807308970099669,12.0,2.7,7.3,1.1,0.3,1.0,0.489,0.414,0.8,29.3,0.764505119453925,8.4,4.1,1.7,0.9,0.8,1.4,0.435,0.346,0.702,27.2,0.5330882352941176,13.4,2.8,2.0,0.5,0.2,1.2,0.486,0.383,0.726,25.8,0.686046511627907,11.7,6.2,1.1,0.4,0.7,1.2,0.586,0.391,0.762,21.1,0.895734597156398,7.1,1.3,1.2,0.5,0.2,0.7,0.431,0.338,0.826,15.8,0.6075949367088607
